kde_low_prob_ratio,kde_prob_mean,kde_prob_day_mean,dist_to_centroid_mean,step_max,mean_speed,turning_angle_mean,hour,is_outside
0,0,0,38259,22451,55383,0,0,0
0,0,0,15976,65117,8547,0,0,0
0,0,0,37611,34283,11780,0,0,0
0,0,0,8516,36555,22210,0,0,0
0,0,5938,61107,36648,60853,0,0,0
0,52456,57600,1629,15271,26706,58348,0,0
0,0,27277,30484,574,12433,23421,0,0
0,0,0,23301,42930,30475,9952,53620,0
0,0,0,4145,49858,47649,6151,41705,0
0,0,0,27113,48397,55813,57351,29789,0
0,0,0,8169,58211,19838,0,17873,0
0,0,0,46374,33349,9174,0,5957,0
0,0,0,11453,18742,46430,17302,0,0
0,0,0,36633,38166,58453,0,0,0
0,0,0,5249,63063,3159,0,0,0
0,0,0,48429,38801,1573,26394,0,0
0,0,36470,43078,41016,41176,0,0,0
0,13006,5997,9040,49807,48427,19635,0,0
0,24602,3414,32375,26259,7397,46814,0,0
0,51211,35743,1575,1522,28221,11377,53620,0
0,48530,58542,57649,827,2299,45618,41705,0
0,43681,45875,62890,27266,57104,0,29789,0
0,2189,51258,55736,13821,52002,21213,17873,1
0,61538,51995,23601,20565,27290,65387,5957,1
0,1308,8624,48946,6604,13293,0,0,0
0,3872,24399,17390,26673,26606,0,0,1
0,55607,33566,0,40603,24432,19982,0,1
0,6528,1333,0,21428,48017,28643,0,1
0,38864,18611,18652,52169,38937,0,0,1
0,50812,28348,20180,38157,57032,32549,0,1
0,33539,58470,17587,24863,59284,44644,53620,1
0,0,0,13110,8084,0,32611,41705,0
0,0,0,1869,55424,63361,42850,29789,0
0,0,0,17068,61652,949,26339,17873,0
0,0,0,45987,35164,23006,0,5957,0
0,0,0,57612,46455,54753,53762,0,0
0,0,0,43648,11432,37724,0,0,0
0,0,0,25950,17626,62404,20560,0,0
0,0,0,57602,19317,2577,0,0,0
0,0,0,60059,35334,31090,0,0,0
0,0,0,22810,37,16915,10011,0,0
0,0,0,53330,62536,33761,35063,0,0
0,0,0,62270,60187,19936,0,53620,0
0,0,0,59191,24948,9626,0,41705,0
0,0,0,34606,64732,60132,17965,29789,0
0,0,0,57684,8343,65372,0,17873,0
0,0,0,26471,5170,20565,46234,5957,0
0,0,0,50409,31624,112,44041,0,0
0,0,0,15950,54889,55051,22162,0,0
0,0,0,28135,15520,41677,0,0,0
0,0,0,25409,57183,43490,35495,0,0
0,0,33814,24436,40853,23798,0,0,0
0,17779,34053,4154,48479,59168,47262,0,0
0,15501,2823,45790,65317,21060,0,0,0
0,63173,53009,22320,42285,60287,41305,53620,0
0,59221,62576,21632,3239,7150,0,41705,0
0,0,54972,23081,40964,33834,30052,29789,0
0,0,39935,10840,2170,45041,10367,17873,0
0,0,38448,12328,44610,59113,0,5957,0
0,0,20675,47375,45379,51515,9059,0,0
0,0,54312,37899,27991,39338,0,0,0
0,0,43189,65293,48309,18339,59660,0,0
0,0,62686,21223,4992,17948,8206,0,0
0,0,4319,17772,44744,14879,56643,0,0
0,16400,2614,46261,38442,26600,43642,0,0
0,48947,59230,56047,53369,8365,29575,0,0
0,60345,51677,7717,18119,34228,0,53620,0
0,1328,26693,9983,36202,14195,11501,41705,0
0,37930,27739,25244,20456,15154,0,29789,0
0,5428,53073,6173,17117,21393,0,17873,0
0,19081,18414,25955,60848,21764,21416,5957,0
0,40752,17126,45402,18265,46091,0,0,0
0,25256,11007,64480,19333,19506,0,0,0
0,48058,47894,38723,63227,21082,0,0,0
0,15805,34600,38246,56575,18059,55977,0,0
0,0,48640,12637,37102,59602,0,0,0
0,37012,7439,26169,5903,7191,0,0,0
0,0,4194,49877,43898,19720,0,0,0
0,0,18995,7786,50605,21526,7162,53620,0
0,0,0,45898,22175,9441,8529,41705,0
0,0,0,7519,36053,31658,0,29789,0
0,0,0,54637,34402,30144,44017,17873,0
0,0,0,48147,5599,46748,26156,5957,0
0,0,0,3233,47962,64935,34673,0,0
0,0,0,26371,62874,30545,0,0,0
0,0,0,41789,44217,19892,0,0,0
0,0,0,51051,18392,52670,47397,0,0
0,0,16129,60442,53721,43103,61109,0,0
0,50125,61728,27784,30369,13895,19783,0,0
0,43248,30810,57695,36745,36471,41491,0,0
0,0,0,7915,56918,16458,0,53620,0
0,0,0,1243,57466,48873,0,41705,0
0,0,0,796,18597,18048,6782,29789,0
0,0,0,44265,27383,25774,37571,17873,0
0,0,0,43413,3043,15422,28525,5957,0
0,0,0,8677,27723,38016,9603,0,0
0,0,0,35430,109,35545,3398,0,0
0,0,0,35804,31080,9831,53341,0,0
0,0,0,40279,43293,13299,44281,0,0
0,0,17983,56875,37848,34697,35848,0,0
0,0,53921,35138,45128,34539,35044,0,0
0,0,35240,16202,26199,47686,46523,0,0
0,0,44967,35896,47864,43642,0,53620,0
0,0,65301,61366,47703,34141,59296,41705,0
0,0,0,36686,44219,54962,60451,17873,0
0,0,0,31362,49881,7215,61373,5957,0
0,0,0,27171,10375,44457,35938,0,0
0,0,0,5273,34507,56956,47137,0,0
0,0,0,6074,53942,47972,0,0,0
0,0,0,32088,4296,22449,0,0,0
0,0,0,38082,53736,25673,8628,0,0
0,0,23947,53812,5218,37590,20833,0,0
0,0,63257,19322,27743,36678,42322,0,0
0,0,0,38791,56526,4364,0,53620,0
0,0,0,71,15489,17153,57907,41705,0
0,0,0,11207,58930,1857,23017,29789,0
0,0,0,58970,12782,25527,0,17873,0
0,0,0,33165,29822,28732,0,5957,0
0,0,0,25279,59821,37322,6928,0,0
0,0,0,64589,48206,19540,59546,0,0
0,0,0,14214,57263,35700,0,0,0
0,0,0,22141,126,34959,0,0,0
0,0,0,2865,26612,5302,49654,0,0
0,17326,53914,38406,29769,2885,16927,0,0
0,60313,81,43994,324,44578,36658,53620,0
0,0,59025,29144,58280,40484,0,41705,0
0,0,59553,63973,671,29736,40119,29789,0
0,0,11436,53135,23478,44465,17143,17873,0
0,0,49302,50960,37044,57511,17909,5957,0
0,0,59863,39302,32388,56149,21427,0,0
0,0,6521,50987,23036,33479,45311,0,0
0,0,19603,43126,25327,56940,65510,0,0
0,0,15080,49711,1496,8974,14393,0,0
0,34137,54285,37742,32283,25077,0,0,0
0,0,42609,35107,40909,8819,0,0,0
0,52670,13925,60226,36290,62944,43508,0,0
0,10281,24522,63441,21751,35257,0,53620,0
0,40711,59627,47266,27218,42765,0,41705,0
0,0,3547,43393,61483,10785,0,29789,0
0,0,0,21507,49072,5749,55016,17873,0
0,0,0,53392,37343,31061,0,5957,0
0,0,0,34074,965,22532,0,0,0
0,0,5592,22248,48639,29734,40370,0,0
0,0,62079,46392,2724,12016,30923,0,0
0,62671,33396,9217,11097,34995,17039,0,0
0,21550,32828,48482,14709,8312,38644,0,0
0,13995,19555,35902,20508,59722,12924,0,1
0,19008,24937,2798,7358,21691,0,0,0
0,35597,65133,53976,15274,56264,26769,53620,0
0,13765,64608,52434,65076,37051,10822,41705,0
0,15851,48936,15655,4835,59975,59309,29789,0
0,0,34401,2309,8638,10362,63168,17873,0
0,0,40206,4035,61661,12391,45374,5957,0
0,0,5396,10174,21578,36822,0,0,0
0,0,59318,39890,23903,26627,15838,0,0
0,0,11158,13208,35873,2799,4663,0,0
0,0,27126,3622,62013,46529,0,0,0
0,0,2577,46496,8910,48212,53879,0,0
0,0,58752,681,44622,10513,29957,0,0
0,0,48391,3983,9288,54383,34641,0,0
0,0,0,52427,35963,59763,0,53620,0
0,0,0,38835,11764,4662,25864,41705,0
0,0,0,24039,34665,40187,0,29789,0
0,0,0,15553,313,7524,0,17873,0
0,0,0,63563,36626,51634,43410,5957,0
0,0,0,30248,53246,61423,0,0,0
0,0,0,9405,12898,59260,49913,0,0
0,0,29229,62175,33239,27791,557,0,0
0,56913,20846,1809,20750,29876,41821,0,0
0,47705,6760,11962,37003,57997,6920,0,0
0,0,32651,46156,42835,14093,0,0,0
0,0,0,4211,18368,61676,57191,0,0
0,0,0,34285,40345,58839,38680,53620,0
0,0,0,52110,15743,20130,48577,41705,0
0,0,0,47884,6919,54361,0,29789,0
0,0,0,57101,2573,55065,40941,17873,0
0,0,0,2979,23661,54961,29525,5957,0
0,0,48989,11609,24172,3825,49720,0,0
0,0,0,25163,40864,17372,0,0,0
0,0,0,5913,50484,58042,48561,0,0
0,0,0,23350,22435,35767,0,0,0
0,0,18731,26906,11990,23253,0,0,0
0,52405,8255,37358,48707,44887,8923,0,0
0,47512,42049,59869,19558,44110,21974,0,0
0,36923,684,44161,6460,6959,41146,53620,0
0,7852,59012,39342,51722,20373,0,41705,0
0,12689,15359,5026,1575,23613,6301,29789,0
0,0,0,31831,8599,34332,58666,17873,0
0,0,0,64122,16508,41895,0,5957,0
0,0,0,49887,4275,62902,26391,0,0
0,0,0,24414,9867,50686,0,0,0
0,0,0,45242,25886,43001,0,0,0
0,0,0,62088,12458,53852,0,0,0
0,0,0,49304,51087,42159,23439,0,0
0,0,37249,26527,54086,20832,12626,0,0
0,50327,62999,59302,10059,44469,58024,0,0
0,26247,9536,41201,35689,24532,52684,53620,0
0,4496,10513,2932,46589,53932,20718,41705,0
0,58659,10267,9497,8458,41067,0,29789,0
0,0,0,13999,14092,14234,30724,17873,0
0,0,0,33187,33110,46072,0,5957,0
0,0,0,26793,45958,46169,0,0,0
0,0,0,38603,51391,18384,0,0,0
0,0,13061,21749,16922,51474,0,0,0
0,42484,44332,47609,17640,63288,37268,0,0
0,345,2662,18643,21132,26444,62668,0,0
0,21565,19532,59255,50175,50350,0,0,0
0,14412,49868,9675,35365,31461,0,0,0
0,63851,58043,39138,49204,24008,0,53620,0
0,36371,20358,6551,5126,64560,11463,41705,0
0,49573,6103,40579,38926,63023,0,29789,0
0,0,40176,9644,32589,3620,60714,17873,0
0,8259,42185,49154,10079,26703,0,5957,0
0,0,37241,9810,25323,53729,0,0,0
0,0,0,44585,34318,53947,8669,0,0
0,0,0,11339,59442,3791,57456,0,0
0,0,0,58396,14256,37997,41584,0,0
0,0,0,8807,44556,42479,31321,0,0
0,0,0,56304,27871,62188,0,0,0
0,0,43302,61990,59085,65415,18048,0,0
0,0,0,28661,53369,61274,0,53620,0
0,0,0,37001,17690,51853,0,41705,0
0,0,0,36317,50167,1251,0,29789,0
0,0,0,33832,25114,41123,6958,17873,0
0,0,0,26759,51918,2186,60046,5957,0
0,0,0,33178,51517,55243,0,0,0
0,0,0,46012,55102,35952,18923,0,0
0,0,0,45856,9267,29147,10017,0,0
0,0,15268,50988,45576,3261,29603,0,0
0,0,47807,16439,23675,30798,21202,0,0
0,0,0,18111,33655,50212,52582,0,0
0,0,0,48163,30062,14871,31645,0,0
0,36962,56858,46693,58449,31549,53918,53620,0
0,0,19951,42080,13059,50628,6745,41705,0
0,0,0,58832,28225,13520,60083,29789,0
0,0,0,58322,9961,29776,1494,17873,0
0,0,0,12648,48962,38460,0,5957,0
0,0,0,46100,52697,34859,0,0,0
0,0,0,56295,64360,21216,22378,0,0
0,0,0,30855,54337,41684,53408,0,0
0,0,0,49847,50931,65200,42418,0,0
0,0,0,58926,60681,26011,45825,0,0
0,0,0,3088,64685,23876,7781,0,0
0,0,0,44413,22450,22211,57610,0,0
0,0,0,55552,33347,28599,54922,53620,0
0,0,0,20268,44615,30726,12017,41705,0
0,0,0,56446,356,13780,26755,29789,0
0,0,0,11424,57837,52495,19863,17873,0
0,0,0,25227,5743,9639,0,5957,0
0,0,0,27320,57897,43973,20187,0,0
0,0,0,29926,7621,40086,0,0,0
0,0,0,9497,19241,15681,20742,0,0
0,0,0,41061,38737,51986,0,0,0
0,0,12094,10252,33094,62816,38810,0,0
0,31279,35960,57501,54441,33779,8278,0,0
0,36944,38927,17740,43320,40225,47561,0,0
0,62773,7178,4162,8385,44677,63395,41705,0
0,28526,56877,54261,11967,23991,21672,29789,0
0,1925,32600,41656,31929,38709,8340,17873,0
0,63440,46232,38202,11040,19260,0,5957,0
0,0,0,7709,38599,40844,31661,0,0
0,0,0,20370,51500,11295,61967,0,0
0,0,0,41904,59013,2382,34366,0,0
0,0,0,33904,59858,1663,44068,0,0
0,0,0,2748,22356,11048,55556,0,0
0,31889,4021,20394,25701,25467,56232,0,0
0,20724,38163,33556,36171,61835,0,53620,0
0,60559,11798,1897,6964,26220,0,41705,0
0,44554,14608,26381,22628,23596,64670,29789,0
0,43902,14446,25592,15845,62043,27908,17873,0
0,0,25026,40282,26112,53175,11999,5957,0
0,15153,54841,64748,55485,16207,0,0,0
0,0,52538,15089,3093,9562,0,0,0
0,0,39378,15815,15991,62220,0,0,0
0,0,47281,38052,63905,27000,0,0,0
0,47348,48819,64545,16775,42497,10665,0,0
0,0,0,35636,48306,56866,0,0,0
0,0,34976,39332,31616,0,33844,0,0
0,0,0,16284,48968,28471,1860,53620,0
0,0,0,32053,30424,8286,47760,41705,0
0,0,0,12815,54949,39497,43553,29789,0
0,0,0,40264,62511,13593,29524,17873,0
0,0,0,59854,41135,514,2721,5957,0
0,0,0,6510,51998,27352,5198,0,0
0,0,0,49418,24593,46022,57472,0,0
0,0,30539,48079,35630,57620,28609,0,0
0,0,10649,39230,29076,22213,39540,0,0
0,0,0,57544,10745,58275,53710,0,0
0,0,7473,24752,49165,43381,37708,0,0
0,0,52767,17171,50272,64677,0,53620,0
0,0,0,42918,7172,14547,18367,41705,0
0,0,0,25691,18261,25265,0,29789,0
0,0,0,12956,27187,24555,14955,17873,0
0,0,0,6883,20512,53852,16730,5957,0
0,0,0,39471,22158,343,28455,0,0
0,0,0,39429,20519,5881,9815,0,0
0,0,0,55609,32587,3048,64276,0,0
0,0,0,28082,20925,52892,57330,0,0
0,20266,47686,27237,22718,28027,11000,0,0
0,0,38268,57038,7123,54256,0,0,0
0,0,0,60632,43475,21203,57711,0,0
0,0,0,31525,56362,32915,0,53620,0
0,0,0,19859,16777,32539,0,41705,0
0,0,0,2705,44610,56092,35128,29789,0
0,0,0,48541,59474,15979,64012,17873,0
0,0,0,42000,15354,34249,0,5957,0
0,0,0,1755,13485,35089,27147,0,0
0,0,0,36238,41350,20691,0,0,0
0,0,0,6289,40897,1849,0,0,0
0,0,949,7822,29164,46734,50523,0,0
0,61651,49255,51870,17372,57951,64095,0,1
0,0,38253,46086,21872,47013,0,53620,0
0,0,0,63485,57627,64898,18406,41705,0
0,0,0,9256,20968,33562,1395,29789,0
0,0,0,15567,42677,59836,22148,17873,0
0,0,0,31241,54673,10646,60485,5957,0
0,0,0,45653,42592,28030,0,0,0
0,0,0,19713,26944,3135,32066,0,0
0,0,0,55635,4390,20278,35741,0,0
0,0,0,7658,45517,53888,0,0,0
0,0,0,13663,9149,47110,0,0,0
0,0,0,24035,30679,813,33438,0,0
0,0,0,12798,25348,4055,0,0,0
0,0,0,33441,53705,29689,0,53620,0
0,0,0,61640,24909,45860,23798,41705,0
0,0,0,25719,15311,55115,25932,29789,0
0,0,0,20089,27996,22287,21961,17873,0
0,0,0,14245,53903,21433,8114,5957,0
0,0,0,47394,26774,2371,47717,0,0
0,0,0,2852,1787,57716,16768,0,0
0,0,0,33969,10429,56418,53749,0,0
0,0,0,18804,62115,16094,64090,0,0
0,0,63625,36214,3592,44445,17873,0,0
0,0,0,9654,10577,56109,0,0,0
0,0,311,17358,21372,9592,63770,0,0
0,0,0,47138,25561,21623,5260,53620,0
0,0,0,26743,15951,13985,35742,41705,0
0,0,0,64711,17421,34021,64388,29789,0
0,0,0,48828,48657,27272,43756,17873,0
0,0,0,13520,20194,42973,0,5957,0
0,0,0,18215,56410,18352,0,0,0
0,0,0,55781,19679,47848,28522,0,0
0,0,0,31972,13362,47617,0,0,0
0,0,0,10510,37607,18629,48582,0,0
0,0,46505,51658,29430,38704,58012,0,0
0,39838,51423,12129,7059,11205,0,0,0
0,57749,13111,53668,8523,27519,2282,0,0
0,28182,8059,17096,7392,9139,4850,53620,0
0,46512,51388,53555,23436,22016,64436,41705,0
0,17210,63641,47674,7807,41908,51267,29789,0
0,0,0,17827,62012,16754,7939,17873,0
0,0,0,64992,76,25613,0,5957,0
0,0,0,46890,17487,40555,0,0,0
0,0,0,48180,11408,23027,34752,0,0
0,0,0,58294,32413,16307,14320,0,0
0,0,0,14265,34544,1949,35937,0,0
0,0,0,6434,42889,10070,0,0,0
0,0,18547,6776,30008,21877,23407,0,0
0,49189,45384,11375,14377,35098,57571,0,0
0,26496,50804,37179,10829,10417,0,53620,0
0,0,0,45310,418,33606,30793,41705,0
0,0,0,54364,45603,2690,61082,29789,0
0,0,0,64327,46842,63622,14123,17873,0
0,0,0,42312,31021,11081,39097,5957,0
0,0,0,43498,23280,19680,0,0,0
0,0,0,51194,53153,28636,41378,0,0
0,0,0,20186,17056,12217,0,0,0
0,0,0,36414,18814,21941,675,0,0
0,0,0,52473,50365,3428,0,0,0
0,0,0,35734,28634,49047,0,0,0
0,0,16294,25873,45749,65097,54091,0,0
0,0,0,41762,32473,9939,0,41705,0
0,0,0,28777,26258,57898,0,29789,0
0,0,0,14687,46033,55651,64498,17873,0
0,0,0,10796,14113,51644,0,5957,0
0,0,0,8575,50743,26726,35055,0,0
0,0,0,37809,288,60015,0,0,0
0,0,0,27259,4275,37101,0,0,0
0,34899,29805,40638,35801,60671,43780,0,0
0,55453,60344,52041,53415,483,28969,0,0
0,7916,64161,61520,29807,23238,34649,0,0
0,6741,40891,61847,23089,53647,0,0,0
0,1099,37658,35197,52710,15043,37444,53620,0
0,55974,31294,513,5635,14808,51712,41705,0
0,0,0,36911,24061,26066,31997,29789,0
0,0,0,59953,62448,34201,11513,17873,0
0,0,0,61273,44274,13296,41023,5957,0
0,0,0,33309,52535,41088,8915,0,0
0,0,0,24196,26464,63669,18778,0,0
0,0,0,63328,44117,12509,25965,0,0
0,0,0,52106,52005,57431,25899,0,0
0,0,0,52972,48609,42795,38726,0,0
0,0,0,14346,57174,44149,39456,0,0
0,0,0,5306,54246,21086,0,0,0
0,0,0,61931,4746,5717,58510,53620,0
0,0,0,38762,8149,43388,19841,41705,0
0,0,0,10578,51864,37267,0,29789,0
0,0,0,57765,34363,37964,0,17873,0
0,0,0,1063,39508,44636,7559,5957,0
0,0,0,56336,1948,63645,0,0,0
0,0,0,34303,39778,9151,37867,0,0
0,0,0,49779,20068,15734,64562,0,0
0,0,0,34509,52224,35483,3367,0,0
0,0,0,62150,15258,48869,47381,0,0
0,0,57745,15843,18717,60946,26350,0,0
0,0,46234,849,37471,18368,0,0,0
0,0,42392,46093,28109,50427,36847,53620,0
0,0,24143,7344,33494,33530,0,41705,0
0,0,0,28794,44276,119,57459,29789,0
0,0,0,49808,24889,17334,29330,17873,0
0,0,0,41759,14221,31246,11178,5957,0
0,0,0,39663,29676,31421,50858,0,0
0,0,0,26005,42675,34179,0,0,0
0,0,0,42077,50214,62514,0,0,0
0,0,0,26760,18905,6091,0,0,0
0,0,0,8700,55669,48131,0,0,0
0,7498,8574,14584,48568,10649,43382,0,0
0,24030,49076,4718,18462,62602,20192,0,0
0,36781,38342,5407,49593,8925,8094,53620,0
0,0,24361,28832,2192,7307,23630,41705,0
0,0,41304,12533,64361,7643,39674,29789,0
0,0,62323,24452,64759,14311,9912,17873,0
0,0,60130,57287,50169,41677,15144,5957,0
0,0,34888,7309,48205,52859,28849,0,0
0,0,5629,11214,7583,34560,0,0,0
0,0,12164,52480,46199,56351,4746,0,0
0,0,13608,5308,18359,40216,5891,0,0
0,0,0,57892,15652,40010,27832,0,0
0,0,0,40073,49682,63142,32064,0,0
0,0,0,2105,48586,43337,0,53620,0
0,0,0,21990,18973,13609,0,41705,0
0,0,0,46001,30508,60726,28144,29789,0
0,0,0,54765,54030,6275,0,17873,0
0,0,0,19771,23121,29621,28844,5957,0
0,0,0,5856,52298,33817,0,0,0
0,0,0,27952,29307,2665,53285,0,0
0,0,0,22077,18377,3388,0,0,0
0,0,0,30898,51739,20736,11135,0,0
0,0,0,39116,3258,1912,39409,0,0
0,0,0,3053,46679,12775,0,0,0
0,0,55954,26690,20403,30664,3605,0,0
0,8288,50293,48903,19138,24532,32006,53620,0
0,0,22537,37585,16412,59732,28668,41705,0
0,0,52347,21483,59065,1529,0,29789,0
0,0,0,17531,12860,61648,14325,17873,0
0,0,0,13854,48458,37398,151,5957,0
0,0,0,54355,11592,10092,16853,0,0
0,0,0,53595,1224,36630,45468,0,0
0,0,39274,36671,58365,26361,3744,0,0
0,13127,10259,2446,4881,61327,22987,0,0
0,0,29252,11582,28872,31054,35529,0,0
0,0,58148,29350,11199,43977,41487,0,0
0,0,11233,49949,5166,14925,17084,0,0
0,0,0,13660,13679,56850,0,41705,0
0,0,0,2927,22697,8089,19444,29789,0
0,0,0,56756,46898,15749,394,17873,0
0,0,0,289,34823,31724,0,5957,0
0,0,0,40813,37439,28123,0,0,0
0,0,0,33844,11497,31059,7577,0,0
0,0,0,30392,29158,35493,4635,0,0
0,0,0,59386,11707,57292,57683,0,0
0,0,50065,16756,50819,60242,1974,0,0
0,0,0,5864,21954,30117,47734,0,0
0,0,0,6302,55242,40341,0,0,0
0,0,0,65001,39680,7580,0,53620,0
0,0,0,2476,59439,48427,21450,41705,0
0,0,0,53422,34745,37121,0,29789,0
0,0,0,57232,59422,60625,60816,17873,0
0,0,9058,62243,23335,48548,62940,5957,0
0,0,0,41318,18387,60651,0,0,0
0,0,48252,8898,25833,49418,0,0,0
0,8873,37978,41888,18663,36540,0,0,0
0,11355,55566,7605,41578,55950,31588,0,0
0,38294,11577,57592,30263,58968,49777,0,0
0,20669,35204,20780,52281,0,0,0,0
0,50640,51607,9255,59765,34303,62379,0,0
0,21008,46161,54515,26364,33991,3756,53620,0
0,25628,56241,19201,14918,29897,52074,41705,0
0,65336,64579,53557,51949,60833,0,29789,0
0,26214,26854,7800,17905,56620,50226,17873,0
0,50339,45154,47006,13859,46095,20329,5957,0
0,34622,24534,22004,2642,58962,20718,0,0
0,54816,54529,6903,33832,48569,31100,0,0
0,55869,5440,1425,25404,52588,24228,0,1
0,26222,64973,25961,44480,60694,55020,0,1
0,61935,30305,52853,37362,21307,39472,0,1
0,12390,14595,8270,5241,5771,3721,0,1
0,10964,17917,13420,36002,44765,0,0,1
0,2632,54476,42751,13272,36093,0,53620,1
0,10279,59756,59115,17511,60936,0,41705,1
0,29116,9786,3441,40069,24418,36186,29789,0
0,47725,3584,31912,24838,41567,0,17873,1
0,39251,4831,3293,41171,51207,7722,5957,1
0,30707,25722,49018,42228,35554,40731,0,0
0,12325,13820,4181,26197,34155,44216,0,0
0,9914,15490,62305,44271,15616,23615,0,0
0,7101,59094,60461,19662,48396,63213,0,0
0,33954,53506,45851,20821,45054,0,0,0
0,0,60902,9187,59981,3271,8938,0,0
0,0,36569,60641,26239,61249,29631,0,0
0,0,0,2894,46494,19273,17929,53620,0
0,0,0,16555,20789,1747,36081,41705,0
0,0,0,41330,1158,16096,0,29789,0
0,0,0,63770,50337,64016,0,17873,0
0,0,0,45728,54793,9696,17093,5957,0
0,0,0,55708,51132,1075,0,0,0
0,0,0,24464,49746,35651,38776,0,0
0,0,0,27352,12325,7671,3192,0,0
0,0,0,1448,1841,48439,0,0,0
0,0,0,37129,50252,16351,12493,0,0
0,0,0,12724,55515,4707,20312,0,0
0,18616,13527,48029,10310,9033,22557,0,0
0,50264,32371,18628,1463,15869,65534,53620,0
0,43638,28550,36112,43826,9355,0,41705,0
0,52387,22416,35591,12812,46577,0,29789,0
0,0,59511,25090,59555,5980,20991,17873,0
0,0,0,31566,43379,13835,55632,5957,0
0,0,0,13320,5524,39862,53887,0,0
0,0,60304,33647,28554,38302,26102,0,0
0,0,12815,32385,37272,46605,43686,0,0
0,0,0,23487,44727,23155,15390,0,0
0,47559,24905,1289,32060,17188,0,0,0
0,17494,10653,16967,65037,50676,4645,0,0
0,13434,46566,59446,44963,41187,22346,53620,0
0,41129,17107,7820,29881,796,27348,41705,0
0,0,22238,15791,10155,39043,0,29789,0
0,0,0,8668,25760,16473,55871,17873,0
0,0,0,40329,11994,34758,0,5957,0
0,0,0,35263,8766,64448,61776,0,0
0,0,0,46573,463,28224,0,0,0
0,0,0,18125,59121,24251,60778,0,0
0,0,0,56330,30793,64528,0,0,0
0,0,0,27401,7151,12173,0,0,0
0,0,27912,35567,22707,54174,50203,0,0
0,16929,20825,22371,32165,10224,23812,0,0
0,4320,35603,38320,43984,5161,62723,53620,0
0,46164,28047,23696,8279,54850,51411,41705,0
0,0,31967,17407,1451,38693,15619,29789,0
0,0,0,16751,23935,65190,673,17873,0
0,0,0,47604,17222,15960,0,5957,0
0,0,0,36927,16898,47898,0,0,0
0,0,0,36404,3936,39040,22748,0,0
0,0,0,13064,14508,62405,41246,0,0
0,0,35613,22780,28101,33977,0,0,0
0,0,59408,11865,54998,43573,27528,0,0
0,0,11285,17664,49957,61319,57504,0,0
0,0,36544,43944,28001,38672,0,0,0
0,0,0,20484,63978,2292,17916,53620,0
0,0,0,20000,34218,17100,0,41705,0
0,0,0,62873,9726,43525,0,17873,0
0,0,0,60568,59296,42971,571,5957,0
0,0,0,57984,59516,53507,19326,0,0
0,0,0,18065,46140,10293,38783,0,0
0,0,0,10155,11634,44192,0,0,0
0,55604,15327,15783,49636,39526,47390,0,0
0,61208,28012,21671,62285,17283,17891,0,0
0,58984,17506,50942,10076,27760,0,0,0
0,18220,1120,48411,34011,23367,28331,0,0
0,0,64286,5649,49827,40789,50740,53620,0
0,0,2544,63452,16107,25444,62176,41705,0
0,0,58000,50595,28741,62103,46513,29789,0
0,0,10502,17632,35513,54548,51561,17873,0
0,0,26034,35528,10635,30985,7514,5957,0
0,0,10681,46880,1052,45070,0,0,0
0,0,11182,28033,30591,17211,19272,0,0
0,0,3434,28464,5909,59830,19703,0,0
0,0,58031,16296,62788,15157,30780,0,0
0,0,0,42370,17008,43399,0,0,0
0,40761,35168,7889,19806,13541,0,0,0
0,0,33860,49097,29302,21779,0,0,0
0,0,32248,52417,4235,4244,4471,53620,0
0,0,56298,30292,4313,21636,0,41705,0
0,0,54269,60650,19643,10153,0,29789,0
0,0,334,58271,8798,27766,28461,17873,0
0,0,15946,53072,23105,14414,0,5957,0
0,0,0,8692,43268,46075,41171,0,0
0,0,0,40280,38560,63097,25650,0,0
0,0,0,42926,22877,55154,21636,0,0
0,0,0,12401,49828,59002,38583,0,0
0,61676,46256,55188,44267,55090,59438,0,0
0,0,0,45244,51299,59142,0,0,0
0,0,0,17433,25111,6779,0,0,0
0,0,0,3406,60946,19336,44529,53620,0
0,0,0,43930,53955,42584,26636,41705,0
0,0,0,24118,56236,25302,36056,29789,0
0,0,0,7219,61018,30757,0,17873,0
0,0,0,221,33239,61578,0,5957,0
0,0,0,23919,29705,62144,5223,0,0
0,0,0,22956,21392,63381,28788,0,0
0,0,0,44756,41732,40833,431,0,0
0,0,0,53726,20147,21949,35655,0,0
0,16032,19717,19220,15440,41011,15822,0,0
0,19817,51434,4999,21757,4872,0,0,0
0,12948,64147,3255,2306,4076,0,53620,0
0,0,13055,8692,63921,15497,15927,41705,0
0,0,44469,61950,61902,21362,24356,29789,0
0,0,38454,25793,17241,13385,618,17873,0
0,0,56655,26832,11771,24199,0,5957,0
0,0,37972,19235,58031,57993,33068,0,0
0,0,39267,5191,53771,47679,1113,0,0
0,0,60145,28753,51496,52214,15151,0,0
0,0,453,9034,13399,35880,41375,0,0
0,25156,21955,6754,56831,30690,47776,0,0
0,0,0,64115,52868,53314,28902,0,0
0,0,0,22607,54295,45741,0,0,0
0,0,0,64967,39884,32398,23110,53620,0
0,0,0,54166,6856,5833,0,41705,0
0,0,0,15349,43672,58954,0,29789,0
0,0,0,63263,14962,31043,0,17873,0
0,0,0,63920,10088,12190,9928,5957,0
0,0,0,38479,18711,63840,58739,0,0
0,0,0,11479,11295,28928,0,0,0
0,0,0,13177,27895,48970,52873,0,0
0,0,0,8899,63940,51945,58409,0,0
0,0,0,11273,25974,35658,50157,0,0
0,0,0,29202,29083,51772,0,0,0
0,0,0,45610,63759,56239,60573,0,0
0,0,0,31031,20312,52216,1113,53620,0
0,0,0,41351,32272,7541,23232,41705,0
0,0,0,12031,48267,16795,0,17873,0
0,0,0,7358,61942,17218,63711,5957,0
0,0,0,23425,59831,25442,0,0,0
0,0,0,23913,31640,55335,1944,0,0
0,0,0,55317,60404,27464,16443,0,0
0,0,0,56460,49263,50045,49239,0,0
0,0,0,34036,50500,4605,5748,0,0
0,0,0,33061,52713,22585,0,0,0
0,0,0,16364,63914,63287,4643,0,0
0,0,0,46330,44205,14621,34000,53620,0
0,0,0,23510,28191,3644,0,41705,0
0,0,0,43350,41072,62313,0,29789,0
0,0,0,51825,13287,43722,0,17873,0
0,0,0,7371,40810,17180,0,5957,0
0,0,0,46998,22873,37233,0,0,0
0,0,0,28987,4950,31497,0,0,0
0,0,0,11334,58647,46509,32673,0,0
0,0,0,4639,25235,31955,25590,0,0
0,0,0,44395,7734,35512,0,0,0
0,0,0,50801,19926,13306,11464,0,0
0,0,0,65472,47656,3562,11792,0,0
0,0,0,57795,22837,41231,60340,53620,0
0,0,0,982,13185,32892,10723,41705,0
0,0,0,43075,56195,59945,24732,29789,0
0,0,0,55303,43774,16155,17837,17873,0
0,0,0,23759,26606,33932,0,5957,0
0,0,0,24488,60214,42066,0,0,0
0,0,0,53930,2653,18338,13488,0,0
0,0,31397,5347,11559,30590,9006,0,0
0,55016,8746,57944,57836,61652,19468,0,0
0,55698,12822,14042,10435,42649,9758,0,0
0,7528,27366,47664,15733,44096,10023,0,0
0,61761,13069,49330,58707,20698,40888,0,0
0,18613,45205,12803,9294,40084,0,53620,0
0,44536,23937,37271,1835,18644,15508,41705,0
0,0,0,2391,34214,54280,0,29789,0
0,0,0,35102,3174,62544,29761,17873,0
0,0,0,42776,45324,24181,0,5957,0
0,0,0,29812,19296,28674,56079,0,0
0,0,0,32087,55058,27294,14826,0,0
0,0,0,63264,28246,46484,51044,0,0
0,0,35156,53469,45933,27001,31374,0,0
0,0,0,59158,10627,2095,1484,0,0
0,0,47251,985,30893,3763,21717,0,0
0,0,9743,30688,65134,25806,36375,0,0
0,0,38869,14958,38796,19571,0,53620,0
0,0,59592,13098,54772,18007,52653,41705,0
0,0,10667,4186,18509,19218,0,29789,0
0,0,64948,51369,62358,45840,0,17873,0
0,0,46673,13321,44227,57629,21972,5957,0
0,0,26466,25213,57651,56989,7564,0,0
0,29503,10203,5569,25711,64829,43656,0,0
0,62117,3044,44885,11780,15656,30326,0,0
0,29519,8349,34078,31661,38794,0,0,0
0,0,15832,58915,34406,16249,54989,0,0
0,0,10143,37153,43626,44379,31308,0,0
0,50677,43168,37179,29245,25826,44636,53620,0
0,0,11624,7350,8831,21122,23931,41705,0
0,0,0,51601,51988,9003,55347,29789,0
0,0,0,23614,62747,18838,34,17873,0
0,0,0,52184,18424,35333,50033,5957,0
0,0,0,14467,58827,58079,0,0,0
0,0,0,44140,26518,39156,0,0,0
0,0,0,4605,64914,9956,57274,0,0
0,0,0,40633,55513,35473,50601,0,0
0,0,0,5938,21329,37364,9732,0,0
0,0,10657,6625,35369,10874,0,0,0
0,9209,23583,13220,51344,21883,0,0,0
0,38291,42921,2375,32055,47418,53892,53620,0
0,0,58788,12390,45213,53314,58103,41705,0
0,0,0,32399,16273,25219,16564,29789,0
0,0,0,15054,45303,34577,19320,17873,0
0,0,0,59566,23220,608,0,5957,0
0,0,0,19068,58667,24562,0,0,0
0,0,0,38865,42684,14368,18527,0,0
0,0,0,43382,49296,37206,0,0,0
0,43191,41221,61663,26270,20473,0,0,0
0,25842,44703,35606,32002,29443,15767,0,0
0,20953,18270,44612,9939,43078,0,0,0
0,0,14701,25294,61233,60865,18178,53620,0
0,0,0,6044,29604,370,15172,41705,0
0,0,0,38152,49158,19801,31924,29789,0
0,0,0,27236,34572,18682,0,17873,0
0,0,0,41348,57217,39192,42678,5957,0
0,0,0,52744,16453,4238,12265,0,0
0,0,0,39402,48853,44893,0,0,0
0,0,0,34754,31008,58235,3312,0,0
0,0,0,59703,9321,49187,0,0,0
0,0,0,3629,885,3221,0,0,0
0,0,20568,45912,49101,64392,65025,0,0
0,0,28817,37425,14679,17524,31864,0,0
0,0,0,44669,62877,30096,28419,53620,0
0,0,0,26556,18667,37470,4912,41705,0
0,0,0,12365,59718,51289,47300,29789,0
0,0,0,17579,43030,63892,64393,17873,0
0,0,0,22524,26449,19919,39795,5957,0
0,0,0,42467,56943,45741,13746,0,0
0,0,0,43980,3084,63413,61593,0,0
0,0,0,27900,127,59426,36456,0,0
0,0,0,24865,23074,50258,37414,0,0
0,36655,4917,28759,36665,54998,54139,0,0
0,10245,10296,57927,32721,31107,0,0,0
0,16982,25818,63160,32999,8377,0,0,0
0,54908,23244,49758,36000,26032,62382,53620,0
0,0,32034,670,2173,58121,0,41705,0
0,0,0,13354,27816,58806,56942,29789,0
0,0,0,24576,54346,4992,5954,17873,0
0,0,0,7499,24484,63566,28679,5957,0
0,0,0,32119,23468,3237,0,0,0
0,0,0,31316,55978,56823,0,0,0
0,0,0,54243,28375,43868,17397,0,0
0,0,0,40398,57435,38849,14175,0,0
0,29745,37976,16493,48983,23456,0,0,0
0,12739,58329,28711,57356,16740,30001,0,0
0,0,30472,57684,60304,41172,0,0,0
0,0,26689,14948,10285,36293,40625,53620,0
0,0,970,11129,13225,13142,27996,41705,0
0,0,0,34704,48251,557,0,29789,0
0,0,0,16780,20630,38943,0,17873,0
0,0,0,780,50366,35481,59888,5957,0
0,0,24498,20865,33385,32944,11888,0,0
0,0,51254,15759,58907,6717,1421,0,0
0,13594,41737,33019,19416,1,60400,0,0
0,56048,44569,25304,19422,37226,4668,0,0
0,0,59288,11811,26246,41609,0,0,0
0,27558,31255,35214,692,21484,15296,0,0
0,65178,36324,18565,38018,51244,20425,0,0
0,65427,10295,21448,1734,36332,0,53620,0
0,58065,49479,4267,46882,13885,0,41705,0
0,0,0,15818,25226,28103,94,29789,0
0,0,0,52985,42003,22233,56750,17873,0
0,0,0,16062,29283,59123,0,5957,0
0,0,0,7710,17335,17479,40731,0,0
0,0,0,52053,28346,36607,0,0,0
0,10018,49244,46499,48121,51616,23967,0,0
0,17521,14894,8962,19006,37969,61859,0,1
0,26268,52816,14294,38648,57741,28648,0,1
0,46116,56412,0,24018,8017,5335,0,1
0,8740,10982,0,4008,43095,60580,0,1
0,18963,4753,0,29744,20664,0,53620,1
0,51317,5311,61756,58550,0,50213,41705,1
0,50871,64314,54141,20025,0,37152,29789,0
0,29590,32780,14465,63086,44935,35901,17873,0
0,20329,34335,44047,11601,5537,0,5957,0
0,34593,36730,6058,63005,31147,0,0,0
0,15919,5706,31440,15373,47534,0,0,0
0,40908,39014,59345,25996,63463,0,0,0
0,6418,57116,29796,5809,54052,43531,0,0
0,59882,53228,11638,63645,29929,3966,0,0
0,0,27522,10859,3082,10387,0,0,0
0,0,60026,40959,711,51163,35901,0,0
0,0,5019,56735,51741,44598,12702,53620,0
0,0,34672,17641,12724,19292,0,41705,0
0,0,9139,11916,61444,50390,55838,29789,0
0,0,64755,28167,6790,64549,51973,5957,0
0,0,4783,31945,34243,52047,20928,0,0
0,0,0,7075,19625,26642,57672,0,0
0,0,0,55772,60249,54657,20013,0,0
0,0,12929,30634,49126,6487,0,0,0
0,51264,3971,28058,43228,28369,46037,0,0
0,56312,9284,3587,32211,46951,23816,0,0
0,41101,45826,13423,11864,49304,18624,53620,0
0,14396,793,17910,31218,43591,0,41705,0
0,7358,36959,28069,50840,19081,48661,29789,0
0,16096,52347,16993,6724,50496,0,17873,0
0,21591,28498,19189,33827,1022,46121,5957,0
0,18808,28984,15948,1952,41382,43374,0,0
0,19908,45525,13664,20027,24652,0,0,0
0,15068,53690,6430,39968,35259,53787,0,0
0,57852,52836,46620,38690,42032,0,0,0
0,30987,64899,61374,19092,60395,0,0,0
0,4837,54642,55303,22522,1285,40884,0,0
0,44278,7116,43567,34204,53156,59601,0,0
0,13039,23604,8828,10506,21367,0,53620,0
0,8218,23682,38182,64362,16143,3307,41705,0
0,0,13572,23026,10171,46507,61303,29789,0
0,0,0,12298,60852,35040,64648,17873,0
0,0,0,33553,23139,15981,1978,5957,0
0,0,0,48642,50029,1111,0,0,0
0,0,0,9772,4916,57899,27607,0,0
0,0,0,18610,51405,56633,0,0,0
0,0,0,65135,46032,43766,0,0,0
0,0,52853,3679,22176,12208,13407,0,0
0,0,0,63254,44042,43707,6795,0,0
0,0,0,21568,52817,4777,12532,0,0
0,0,0,38494,29855,8712,0,53620,0
0,0,0,46622,61008,28550,12135,41705,0
0,0,0,3539,56229,37281,12021,29789,0
0,0,0,39824,6594,37166,31449,17873,0
0,0,0,6836,34739,48125,0,5957,0
0,0,0,19653,39469,9188,0,0,0
0,0,0,24287,17725,8762,44501,0,0
0,0,0,35474,41406,59610,58530,0,0
0,0,0,2389,13686,54686,0,0,0
0,62689,9868,19448,20866,42926,42027,0,0
0,37529,53159,38328,54240,34052,56308,0,0
0,28376,32974,12983,56326,35065,11517,0,0
0,14257,59253,33488,40046,30091,28182,53620,0
0,47369,15596,12537,1415,4343,0,41705,0
0,65395,44521,9413,31194,59222,42249,29789,0
0,0,0,42527,25702,20550,44458,17873,0
0,0,0,17747,8321,13034,10116,5957,0
0,0,0,907,33495,15238,0,0,0
0,0,0,43871,60895,17960,31627,0,0
0,0,45194,13769,45355,41482,0,0,0
0,29303,17939,13337,45266,9158,30945,0,1
0,48394,18232,36587,21762,4046,28694,0,1
0,25183,48439,17379,14015,7690,3167,0,1
0,29494,23706,55496,56488,60849,0,0,1
0,65396,30375,14696,50872,18077,45308,53620,1
0,63945,42368,34937,54920,24736,57313,41705,0
0,52690,65332,22472,42791,2994,38529,29789,0
0,0,0,21798,50233,12525,61892,17873,0
0,0,0,61392,32020,22130,0,5957,0
0,0,0,63094,50385,18176,0,0,0
0,0,0,43767,26465,18054,7848,0,0
0,0,47196,55092,17371,19936,64519,0,0
0,61013,15719,27836,14151,32973,33129,0,0
0,11911,29539,33639,42454,47022,0,0,0
0,51862,36797,1091,53055,12471,0,0,0
0,53667,38246,57887,25994,45229,57151,0,0
0,46747,39706,64752,7332,10502,0,53620,0
0,40300,59653,29373,40226,53336,0,41705,0
0,56950,43735,15750,25865,42847,47945,29789,0
0,0,0,49811,20758,34249,43066,17873,0
0,0,0,36891,12843,4799,27355,5957,0
0,0,0,29803,53908,7841,0,0,0
0,0,0,564,2440,59180,0,0,0
0,46022,25307,23309,27285,19105,9822,0,0
0,13443,24883,31083,34299,28871,52725,0,0
0,7036,62390,53135,9782,60675,0,0,0
0,25427,60196,35598,63595,6153,48697,0,0
0,18362,49448,36059,61190,49507,30416,53620,0
0,5778,46933,21506,56976,10787,32157,41705,0
0,27494,46844,48000,16338,62483,0,29789,0
0,0,0,55573,44244,15788,53674,17873,0
0,0,0,38425,53877,64158,0,5957,0
0,0,0,14864,13081,33808,46305,0,0
0,0,0,13624,9712,33714,0,0,0
0,0,0,14932,965,15923,0,0,0
0,0,0,30287,41256,23788,12143,0,0
0,32768,32897,51289,19230,44901,51757,0,0
0,6176,17485,0,21176,30175,11782,0,0
0,44039,9075,0,44000,20195,0,0,0
0,20028,11749,12058,63946,50053,34826,53620,0
0,38234,13919,43567,550,59676,55756,41705,0
0,48286,16804,28712,40325,25910,22582,29789,0
0,65215,25457,53450,19145,8222,64567,17873,0
0,101,2589,22958,38050,50263,56852,5957,0
0,24162,46212,26662,45482,48044,49998,0,0
0,10154,51083,0,4711,53149,3981,0,0
0,47826,57457,0,17488,28816,51231,0,0
0,7592,20138,0,6826,39333,0,0,0
0,46262,28783,56092,62929,33767,13375,0,0
0,60279,41348,16302,60834,21340,33715,0,0
0,1999,39227,5200,38824,38322,20299,0,0
0,33980,36385,11633,59713,37933,19587,53620,0
0,65142,62020,46448,7191,42448,53767,41705,0
0,47649,14253,23945,63985,5629,0,29789,0
0,49701,43316,17760,49649,30327,37666,17873,0
0,65354,7178,4129,27912,11453,17948,5957,0
0,35965,63591,64994,58835,16270,0,0,0
0,50400,6806,30367,34402,34070,0,0,0
0,20433,38125,3967,54037,27829,57301,0,0
0,32690,58056,30196,43873,45522,0,0,0
0,0,65354,31915,42873,24150,23376,0,0
0,0,59861,52392,12548,56693,0,0,0
0,47266,9044,43241,55476,32086,17446,0,0
0,41560,62465,50648,41815,45701,8244,53620,0
0,35808,14455,65137,756,36984,38123,41705,0
0,0,110,12466,11975,62534,0,29789,0
0,0,0,20032,14206,47746,42401,17873,0
0,0,0,27140,11782,43671,0,5957,0
0,0,16314,7515,20880,51753,2781,0,0
0,0,0,22547,12454,49772,0,0,0
0,0,0,34967,32110,13815,54676,0,0
0,0,0,6389,1882,25542,36312,0,0
0,0,0,23683,51041,5285,39031,0,0
0,15682,64060,5282,35275,52439,10312,0,0
0,44924,30456,22155,9537,37332,0,0,0
0,58290,46534,30638,19726,15970,53692,53620,0
0,55317,17708,5580,32645,22467,9453,41705,0
0,23539,30016,23793,63038,17606,50146,29789,0
0,53434,37396,39097,19609,57418,51266,17873,0
0,51752,46876,41197,40396,10318,0,5957,0
0,6778,3279,9733,3421,25449,0,0,0
0,10922,43710,22637,56279,18832,0,0,0
0,12119,23295,15116,13620,40474,0,0,0
0,14097,21747,40361,65259,43596,43620,0,0
0,64208,55066,11786,65275,45086,43758,0,0
0,20830,41102,50068,34148,1619,65131,0,0
0,34575,48431,36451,39447,6245,46132,0,0
0,27604,65371,42539,47647,45608,0,53620,0
0,19905,16279,50376,36842,18327,43181,41705,0
0,37933,29670,37046,24283,36651,0,29789,0
0,10170,22297,44966,61779,7683,51537,17873,0
0,51345,19757,12852,45877,36067,32497,5957,0
0,63468,8780,1505,10252,21419,48362,0,0
0,40924,8972,42942,10274,35771,3605,0,0
0,1342,13666,50588,45142,39484,0,0,0
0,48040,28739,62040,21720,44352,47039,0,0
0,0,44471,50096,44914,58900,38373,0,0
0,0,29413,60499,21127,0,15812,0,0
0,42530,26427,42689,23246,20747,1401,0,0
0,0,55834,47199,24134,6952,45542,53620,0
0,0,0,49514,169,44474,0,41705,0
0,0,0,7386,9694,52918,55821,29789,0
0,0,0,51516,13216,54422,8144,17873,0
0,0,0,29019,26090,8020,32408,5957,0
0,0,0,21504,12846,48942,0,0,0
0,0,0,421,4959,43205,0,0,0
0,0,0,45053,16627,24021,0,0,0
0,0,0,64543,54896,1047,33194,0,0
0,0,11653,38482,12356,29945,58104,0,0
0,20976,21901,299,25281,41491,10371,0,0
0,0,14507,24573,60368,20345,9816,0,0
0,0,8705,25963,61523,32586,13212,53620,0
0,0,14019,55066,47271,55407,17948,41705,0
0,0,0,47897,15274,61066,36039,29789,0
0,0,0,16803,12546,23399,0,17873,0
0,0,0,59543,16356,8405,0,5957,0
0,0,0,29831,2204,37173,25691,0,0
0,0,0,19009,19538,56999,0,0,0
0,0,0,41736,11259,47495,0,0,0
0,0,0,52085,16201,41662,64335,0,0
0,15594,45101,30739,53654,47629,27698,0,0
0,19073,32600,39598,35737,55699,30032,0,0
0,0,42778,12506,9168,0,0,0,0
0,0,33030,60288,47177,18509,19528,53620,0
0,62881,54852,1219,16365,8380,12506,41705,0
0,0,28104,13469,62625,5136,0,29789,0
0,0,0,22471,27920,52537,65522,17873,0
0,0,0,14928,12100,22646,6569,5957,0
0,0,0,11750,53982,32612,0,0,0
0,0,0,63096,18048,10464,55571,0,0
0,5426,9951,53864,2806,34261,0,0,0
0,58823,7874,5226,37082,0,20439,0,1
0,40743,38623,45437,45820,33514,0,0,1
0,54549,11499,6085,737,9886,0,0,1
0,38209,45102,45124,61862,4525,27619,0,1
0,61314,41856,14563,32513,12321,0,53620,1
0,27225,63652,25387,31357,54491,8813,41705,1
0,12135,33245,3649,27260,49898,26941,29789,0
0,1476,26533,22364,55922,63001,47505,17873,0
0,0,58383,56458,324,43286,12283,5957,0
0,0,26979,4773,48122,38464,15437,0,0
0,0,40766,55608,32121,29561,0,0,0
0,20468,4626,51521,16433,3482,0,0,0
0,0,0,62168,6821,59166,0,0,0
0,0,0,48125,42933,24196,64521,0,0
0,37339,9726,3646,6641,36857,64983,0,0
0,36366,54111,0,35924,21743,65088,0,1
0,62328,4056,0,19935,9672,0,53620,1
0,0,0,55205,32830,0,43153,41705,0
0,0,0,46536,43632,62816,15998,29789,0
0,0,0,31743,36414,28709,1467,17873,0
0,0,0,30015,61076,7725,17911,5957,0
0,0,0,7317,29870,29391,11905,0,0
0,0,0,1862,17022,60240,35874,0,0
0,0,0,48325,5030,53571,0,0,0
0,0,0,46608,41411,58666,0,0,0
0,9181,38975,16664,45778,57083,56759,0,0
0,30635,32063,23907,25889,6106,47595,0,0
0,22412,60501,11816,246,26701,0,0,0
0,37922,1510,5507,31958,4706,30060,53620,0
0,14429,11244,19475,51895,62333,20233,41705,0
0,24942,48867,3394,24520,53543,62736,29789,0
0,47818,27529,4069,15394,2263,55290,17873,1
0,50849,18573,50239,19212,3425,0,5957,1
0,57336,23609,58685,57316,14031,0,0,0
0,20156,20628,17927,46625,18809,0,0,0
0,27639,58136,44873,53405,21605,0,0,0
0,24488,19386,45088,47013,3594,20290,0,1
0,58238,63510,50137,25148,45618,41244,0,1
0,15522,39262,51576,295,53244,8273,0,1
0,55498,64368,24723,43034,22482,0,0,0
0,0,0,63678,57074,0,61626,53620,0
0,0,0,60252,25328,3355,39960,41705,0
0,0,0,29420,59051,8510,64125,29789,0
0,0,0,24353,63535,53271,23078,17873,0
0,0,0,37113,351,8369,61241,5957,0
0,0,0,2117,1692,22150,1199,0,0
0,0,0,60181,43945,29710,0,0,0
0,0,0,17812,46584,15023,0,0,0
0,0,47927,41881,24858,62614,6436,0,0
0,0,19397,23605,41822,32417,0,0,0
0,41363,40764,52278,44243,40834,29204,0,1
0,29948,20077,7156,29420,35847,0,53620,0
0,0,0,4460,58202,51717,41708,41705,0
0,0,0,46696,17755,37772,30286,29789,0
0,0,0,24558,58178,46025,20777,17873,0
0,0,0,56166,35021,26373,33528,5957,0
0,0,0,35439,25193,46391,0,0,0
0,0,0,12499,21807,56806,9212,0,0
0,0,0,12247,59593,13803,11755,0,0
0,0,0,52588,45162,21685,0,0,0
0,0,0,31489,171,14882,55789,0,0
0,31279,29754,46699,62477,10188,30286,0,0
0,0,20496,2128,41232,41787,60707,0,0
0,0,0,10651,32332,7885,58983,53620,0
0,0,0,41276,26830,13592,25793,41705,0
0,0,0,15606,1782,25299,14255,29789,0
0,0,0,64540,12674,38353,0,17873,0
0,0,0,11987,51932,57468,20920,5957,0
0,0,0,37488,32995,45758,0,0,0
0,0,0,34941,43547,33601,5526,0,0
0,0,0,53549,58691,39550,26332,0,0
0,0,0,19072,27939,31225,0,0,0
0,0,11215,36248,19786,44287,62037,0,0
0,0,16763,54094,48536,5710,64978,0,0
0,61916,6637,48461,20723,50106,0,0,0
0,14278,33184,20572,552,46473,12966,53620,0
0,0,28008,38838,59959,62127,0,41705,0
0,0,45883,27083,10245,65211,41814,29789,0
0,0,0,7895,4900,5922,6965,17873,0
0,0,0,43814,36469,10880,0,5957,0
0,0,0,8624,6702,65272,40370,0,0
0,0,0,43386,19426,8841,64962,0,0
0,0,0,3845,1211,9139,40123,0,0
0,0,0,61755,46821,50584,0,0,0
0,0,31741,19738,15533,22938,0,0,0
0,0,64430,223,40487,0,0,0,0
0,0,0,30603,51069,0,17831,0,0
0,0,0,50517,28796,3368,51533,53620,0
0,0,0,58687,36348,51185,21002,41705,0
0,0,0,42351,37094,15379,481,29789,0
0,0,0,31726,2205,36047,41742,17873,0
0,0,0,1196,17253,38308,0,5957,0
0,0,0,53241,21272,33591,58766,0,0
0,0,0,59504,40687,11810,0,0,0
0,0,0,33724,35682,59251,0,0,0
0,47946,40752,3201,63580,30407,29958,0,0
0,60076,34420,0,5943,27694,13882,0,1
0,43367,52006,0,57728,11473,14258,0,1
0,45754,58142,0,61337,64619,40742,0,1
0,40178,59190,0,8428,11367,0,53620,1
0,35116,10581,20284,20072,24250,46058,41705,1
0,0,46790,18803,12574,11783,31202,29789,0
0,0,0,3221,39587,23254,4055,17873,0
0,0,0,253,33224,46362,27979,5957,0
0,0,0,29104,7321,51232,8923,0,0
0,0,0,53566,35529,23400,49492,0,0
0,0,0,56005,46106,567,17357,0,0
0,0,0,39288,13941,12456,14970,0,0
0,0,0,35606,59959,32613,56885,0,0
0,0,0,1434,50906,19565,13072,0,0
0,0,15578,62896,34048,56441,0,0,0
0,0,58767,9000,28067,26740,0,53620,0
0,0,23497,42786,34454,3535,55303,41705,0
0,0,0,32872,54509,8609,43566,29789,0
0,0,0,51136,15594,64489,50708,17873,0
0,0,0,21779,24775,11131,33098,5957,0
0,0,0,53687,37307,8824,52530,0,0
0,0,0,22610,13356,40867,0,0,0
0,0,0,38778,2244,13630,1503,0,0
0,26255,19017,6046,23737,64979,6571,0,0
0,0,14898,52980,46597,17765,59396,0,0
0,46414,38346,21403,44648,59030,0,0,0
0,4033,49348,23120,22736,37231,8510,53620,0
0,0,0,38582,46526,58694,18922,41705,0
0,0,0,32631,25490,59462,27609,29789,0
0,0,0,48796,54804,25419,43411,17873,0
0,0,0,45447,41399,14916,0,0,0
0,0,0,22808,53546,54982,0,0,0
0,0,63757,8310,34593,14246,27186,0,0
0,63827,61134,25435,25823,31106,47187,0,0
0,15240,11343,35706,46031,31540,0,0,0
0,12164,42033,12511,14470,10846,59448,0,0
0,0,38389,56521,3934,7324,0,53620,0
0,0,0,45221,41697,44279,25627,41705,0
0,0,0,11044,4003,19394,38296,29789,0
0,0,0,33035,37382,26432,29910,17873,0
0,0,0,53319,23391,7469,20270,5957,0
0,0,0,47057,65459,4974,0,0,0
0,0,0,60117,61102,1470,5862,0,0
0,0,5567,14397,23536,23640,42159,0,0
0,0,1288,42509,3818,39619,42592,0,0
0,0,38779,33436,60638,12418,0,0,0
0,0,60053,2421,42154,7355,23606,53620,0
0,0,15949,59179,63842,401,0,41705,0
0,0,47681,40036,39524,13266,0,29789,0
0,0,43581,55980,32766,12871,0,17873,0
0,0,48444,26922,18161,19516,0,5957,0
0,0,3233,65418,41485,50966,0,0,0
0,62691,6950,19295,23547,30897,828,0,0
0,64964,24822,33382,48535,39268,8437,0,0
0,56799,6538,62913,57597,36284,0,0,0
0,0,45406,31547,31063,30417,0,0,0
0,0,21639,58245,47544,54432,27897,0,0
0,0,64097,43612,18898,17806,0,0,0
0,0,27879,19885,42352,35182,8465,53620,0
0,0,60563,56605,33079,10823,10695,41705,0
0,0,0,24508,21170,28923,0,29789,0
0,0,0,50519,24048,52683,14455,17873,0
0,0,0,46901,4313,10672,0,5957,0
0,0,0,24542,1128,8181,0,0,0
0,0,0,12270,24299,39743,0,0,0
0,0,0,48916,46395,48546,26939,0,0
0,0,0,47760,62385,21896,0,0,0
0,12826,36766,64270,41683,17638,58059,0,0
0,0,0,7512,19342,2739,0,0,0
0,0,0,7348,35090,10471,55590,0,0
0,0,0,56411,22265,63363,2562,53620,0
0,0,0,41261,44641,41508,0,41705,0
0,0,0,20374,28426,51081,0,29789,0
0,0,0,32009,64742,37580,1826,17873,0
0,0,0,19544,29847,39863,0,5957,0
0,0,0,64988,58889,26748,0,0,0
0,0,43740,5888,63862,62240,0,0,0
0,61180,10575,54772,7454,23431,57352,0,0
0,56966,27345,60628,28079,43010,23448,0,0
0,422,31030,28635,3454,51565,23429,0,1
0,55941,9647,9405,22474,25407,0,0,0
0,61295,17494,37444,5756,11794,52077,0,0
0,51218,39964,14651,33038,65398,33538,53620,0
0,0,44163,42180,6410,36214,58038,41705,0
0,0,54743,60079,18636,50943,7337,29789,0
0,0,0,4112,12078,27425,27846,17873,0
0,0,0,5259,28083,11989,0,5957,0
0,0,0,54359,50501,32225,0,0,0
0,0,0,48418,46907,55308,16280,0,0
0,23049,18187,32255,58782,62008,42840,0,0
0,567,48980,23306,56000,36203,51993,0,0
0,6110,12756,60694,28040,35078,0,0,0
0,0,0,8655,54561,54795,0,0,0
0,0,0,45709,58950,48046,43270,0,0
0,0,0,62799,31383,28789,38644,53620,0
0,0,0,6184,58928,4159,65277,41705,0
0,0,0,61276,15139,62300,16290,29789,0
0,0,0,63977,51096,50059,19016,17873,0
0,0,0,8070,14850,29838,0,5957,0
0,0,0,61752,3779,63838,0,0,0
0,0,0,51635,7007,8686,41567,0,0
0,0,0,10536,11178,39098,48576,0,0
0,60650,44383,51516,2821,930,36681,0,0
0,46108,61360,17553,378,42648,10684,0,0
0,0,25397,4994,51637,39486,59996,0,0
0,58297,32784,53885,14541,4750,60067,53620,0
0,0,0,9321,20053,20110,0,41705,0
0,0,0,54408,45180,62322,63663,29789,0
0,0,0,5676,42537,12259,0,17873,0
0,0,0,29660,58054,41103,0,5957,0
0,0,0,53997,30011,15366,0,0,0
0,0,52474,30377,30442,56402,50931,0,0
0,0,13452,2627,38714,1556,45557,0,0
0,0,43742,56775,938,31847,0,0,0
0,0,64304,12995,61417,14675,62382,0,0
0,0,43456,45639,19029,8051,5104,0,0
0,0,20450,64692,7775,572,24396,0,0
0,15801,47991,44400,10527,2905,0,53620,0
0,31663,56061,40471,50015,3312,21362,41705,0
0,0,0,4730,17521,6250,57442,29789,0
0,0,0,1629,55035,45355,40098,17873,0
0,0,0,6867,12018,24627,49147,5957,0
0,0,0,50223,16776,56685,0,0,0
0,0,0,63873,46022,60123,10688,0,0
0,0,0,7543,27812,26689,61650,0,0
0,0,0,20872,31044,598,63946,0,0
0,29257,30228,15811,64128,10853,419,0,0
0,19332,9201,25974,39690,40488,41811,0,0
0,32303,51210,58195,33064,12542,0,0,0
0,46780,10327,1784,64380,12750,63208,53620,0
0,4559,23887,14370,56916,39618,19897,41705,0
0,0,0,53567,54956,52390,57356,29789,0
0,0,0,37771,38555,38797,61870,17873,0
0,0,0,10621,24130,29639,8507,5957,0
0,0,0,20394,15521,43924,0,0,0
0,0,0,25886,14436,38583,0,0,0
0,0,0,39929,56185,43342,63013,0,0
0,0,0,1710,13155,17264,59521,0,0
0,186,44477,17730,34246,36038,65375,0,0
0,54378,2053,40920,13391,64639,0,0,0
0,17095,42205,63215,15302,25977,0,0,1
0,0,39848,38495,608,0,0,53620,0
0,0,0,54274,51076,43294,8275,41705,0
0,0,0,50155,23139,40174,26955,29789,0
0,0,0,377,9133,53304,32280,17873,0
0,0,0,52346,9542,61429,20656,5957,0
0,0,0,58487,51983,25074,35010,0,0
0,0,0,14748,48570,4386,0,0,0
0,0,0,35425,43740,11618,22995,0,0
0,0,18499,50121,56419,39928,32056,0,0
0,8290,14937,11340,56711,23238,63425,0,0
0,48343,36258,42249,53807,37643,0,0,0
0,0,0,31399,62035,11323,0,0,0
0,0,0,26672,36556,32084,46621,53620,0
0,0,0,62806,47496,17655,37040,41705,0
0,0,0,33709,48129,61991,1760,29789,0
0,0,0,61132,30097,47981,0,17873,0
0,0,0,1352,36750,18565,7413,5957,0
0,0,0,32188,11896,31204,0,0,0
0,0,0,40220,15125,10605,46589,0,0
0,0,0,8220,24040,48114,25342,0,0
0,53629,57162,7847,12930,20396,54104,0,0
0,28834,13709,7096,59333,50627,51211,0,1
0,51868,54398,11853,11296,44695,27679,0,1
0,50424,8656,35989,27998,45636,46826,0,1
0,46644,10743,17539,40831,16467,0,53620,1
0,0,0,33781,42014,37091,42500,41705,0
0,0,0,8983,31491,33013,12977,29789,0
0,0,0,49310,41162,3246,24461,17873,0
0,0,0,40712,32713,32687,11787,5957,0
0,0,0,35730,23119,43533,0,0,0
0,0,0,64440,24850,21773,0,0,0
0,0,0,21234,6611,20048,17863,0,0
0,0,0,13823,6395,19493,3708,0,0
0,0,0,53200,33550,49218,10062,0,0
0,0,0,25447,50255,38138,57393,0,0
0,0,0,44440,45118,44588,41238,0,0
0,0,3644,42263,33325,11436,32685,53620,0
0,0,24835,52519,35941,53087,58501,41705,0
0,0,0,59564,21154,11932,16958,29789,0
0,0,0,15488,19420,14851,25608,17873,0
0,0,0,55775,11829,42139,0,5957,0
0,0,0,37301,43615,29313,0,0,0
0,0,0,2428,40601,54737,701,0,0
0,44293,25806,62620,23024,23927,21015,0,0
0,2267,12607,26621,40337,34911,1774,0,0
0,17826,50080,20989,10555,18289,12875,0,1
0,48261,23266,3006,59404,22183,17571,0,1
0,53543,17862,62813,54962,180,40997,0,0
0,17123,35337,40621,25153,10255,47534,53620,0
0,0,52548,4663,11089,33488,55552,41705,0
0,0,4431,38790,38700,33873,51538,29789,0
0,0,0,65309,62667,43824,23305,17873,0
0,0,0,11991,9988,13938,44018,5957,0
0,0,0,59384,29552,42101,1974,0,0
0,0,0,55022,57072,62763,0,0,0
0,0,0,47056,14304,61869,20308,0,0
0,0,0,6351,35941,51447,56370,0,0
0,63183,60083,56167,53298,32712,49578,0,0
0,0,41243,55579,9661,20668,0,0,0
0,0,0,33336,54987,43666,41209,0,0
0,0,0,47805,12357,51579,42801,53620,0
0,0,0,22947,8816,8759,0,41705,0
0,0,0,38797,59591,37749,0,29789,0
0,0,0,15016,25164,45360,29589,17873,0
0,0,0,47063,57980,53445,16252,5957,0
0,0,0,38678,32702,13990,0,0,0
0,0,0,11508,49641,27405,15302,0,0
0,0,0,46299,31902,54409,13499,0,0
0,0,0,15476,34868,13017,52301,0,0
0,0,0,56009,22742,41898,22957,0,0
0,0,0,64310,35711,43173,26455,0,0
0,0,13980,57856,9480,43319,53850,0,0
0,0,56421,65344,40134,15885,0,53620,0
0,0,0,15900,6930,40906,5299,41705,0
0,0,0,16140,32986,21322,61499,29789,0
0,0,0,42674,56159,51887,29207,17873,0
0,0,0,35106,27430,1800,13157,5957,0
0,0,0,39870,824,54462,0,0,0
0,0,0,31910,50628,28200,31842,0,0
0,0,0,40961,2074,52581,65195,0,0
0,0,23782,6039,10957,9044,16120,0,0
0,54664,18914,47048,21572,53598,25638,0,0
0,30504,27010,50578,44939,47895,1363,0,0
0,39986,18498,12109,10106,62409,10257,53620,0
0,46198,36204,57023,2175,26512,0,41705,0
0,0,0,38304,31808,58148,0,29789,0
0,0,0,32872,18006,46751,880,17873,0
0,0,0,51597,1039,56694,12785,5957,0
0,0,0,12027,22657,29536,9881,0,0
0,0,0,49650,33640,42659,0,0,0
0,0,0,34196,52389,60331,53911,0,0
0,0,0,43082,25641,60309,0,0,0
0,0,0,9313,51284,27236,0,0,0
0,0,0,44273,26980,7504,0,0,0
0,0,0,11554,8795,21593,0,53620,0
0,0,0,65206,58870,30845,0,41705,0
0,0,0,28086,15518,1515,22535,29789,0
0,0,0,38002,58971,24651,5552,17873,0
0,0,0,15828,47963,21931,0,5957,0
0,0,0,56907,4393,50113,0,0,0
0,0,0,554,51865,27271,33553,0,0
0,0,0,20855,1019,29138,38212,0,0
0,0,54564,34709,47733,9169,10099,0,0
0,23293,49331,19965,36020,4167,0,0,0
0,0,0,19984,35228,60928,0,0,0
0,0,0,9683,56547,28659,62549,53620,0
0,0,0,13872,25752,44623,45691,41705,0
0,0,0,16127,13541,43755,24289,29789,0
0,0,0,11023,27626,51954,0,17873,0
0,0,0,2468,10772,18056,59567,5957,0
0,0,0,46829,41780,32329,0,0,0
0,0,0,3256,64278,24107,60538,0,0
0,0,0,34306,49902,42754,0,0,0
0,0,0,21502,14109,32138,0,0,0
0,0,25615,32422,2535,336,9652,0,0
0,0,65348,8774,51520,818,31101,0,0
0,0,0,46245,40948,15358,8252,0,0
0,0,19501,30704,63319,52600,0,53620,0
0,0,16875,26078,37885,46414,0,41705,0
0,0,58693,7600,28315,63616,43432,29789,0
0,0,46115,18914,51327,44524,0,17873,0
0,0,0,2311,35523,28360,15667,5957,0
0,0,0,58063,36523,3918,0,0,0
0,0,0,42203,14981,38895,64002,0,0
0,0,9251,59281,2957,40309,0,0,0
0,0,0,59802,21010,45738,0,0,0
0,0,0,13607,47105,36045,7564,0,0
0,0,0,41931,43193,46499,42702,0,0
0,2551,45513,49625,1044,6323,52822,0,0
0,0,0,64087,9821,46989,31429,53620,0
0,0,0,28788,62051,27468,17893,41705,0
0,0,0,35007,44489,55347,2951,29789,0
0,0,0,22517,47602,61921,53909,17873,0
0,0,0,16207,62026,41442,32121,5957,0
0,0,0,22656,19483,42667,44732,0,0
0,0,0,28948,18329,63303,2820,0,0
0,0,0,32248,10404,39665,52875,0,0
0,0,0,27257,36212,30330,49608,0,0
0,0,61702,50697,54225,25170,21725,0,0
0,0,24513,6132,55143,39734,33446,0,0
0,3576,58687,47081,17105,51113,54273,0,0
0,0,0,39774,2657,32416,0,53620,0
0,0,0,16463,44977,27726,0,41705,0
0,0,0,36000,52467,50059,51958,29789,0
0,0,0,12861,57879,65055,0,17873,0
0,0,0,32442,38388,42781,54035,5957,0
0,0,0,8407,55964,48702,0,0,0
0,0,0,33188,44689,46849,32540,0,0
0,0,0,53119,13415,5502,55060,0,0
0,17635,55350,446,50824,17711,44891,0,0
0,24837,3643,53386,1823,50481,25814,0,0
0,34134,39178,50002,40310,45259,0,0,0
0,36931,59728,3274,23707,65232,20145,53620,0
0,50040,62049,37332,15525,14038,4959,41705,0
0,0,0,64897,19135,45827,35090,29789,0
0,0,0,17851,5194,920,44931,17873,0
0,0,0,46360,15977,15849,42141,5957,0
0,0,0,32265,65150,44111,0,0,0
0,0,0,13893,54480,38382,12844,0,0
0,0,0,19614,52058,45053,16049,0,0
0,38365,15739,34109,3442,56545,56276,0,0
0,10936,26052,39823,51880,6166,42343,0,0
0,0,0,39479,39052,57129,17276,0,0
0,0,0,55650,13674,61935,35567,53620,0
0,0,0,36274,6048,12292,0,41705,0
0,0,0,46984,13894,33370,28943,29789,0
0,0,0,27451,33718,58299,0,17873,0
0,0,0,52904,38428,20551,30537,5957,0
0,0,0,15404,44093,49632,0,0,0
0,0,0,28368,32032,15777,2387,0,0
0,0,0,26472,9432,50406,0,0,0
0,0,0,47416,18660,40582,11240,0,0
0,0,17008,12133,64519,36748,11551,0,0
0,0,9398,16097,55045,43873,48790,0,0
0,0,0,63963,2278,58814,0,0,0
0,0,0,64567,53103,63146,52797,53620,0
0,0,0,36596,27158,39978,50363,41705,0
0,0,0,52760,8326,15259,0,29789,0
0,0,0,12841,33550,2755,1239,17873,0
0,0,0,2954,56334,39644,60237,5957,0
0,0,0,36666,31376,16696,0,0,0
0,0,0,19040,36536,30163,37482,0,0
0,0,0,11974,41207,34598,0,0,0
0,0,0,36783,27230,14922,30040,0,0
0,0,0,16476,10282,53645,59145,0,0
0,0,0,63807,23023,16590,0,0,0
0,0,0,34520,33911,61507,1925,0,0
0,0,60565,12659,23937,8312,19499,53620,0
0,0,3559,41659,18467,37706,0,41705,0
0,0,0,44286,31072,57965,54436,29789,0
0,0,0,62555,17174,52944,15609,17873,0
0,0,0,23198,12512,21677,23406,5957,0
0,0,0,55332,28687,2026,23906,0,0
0,0,0,7971,58018,56427,0,0,0
0,0,0,56894,6993,47121,40243,0,0
0,0,0,31714,51625,16169,0,0,0
0,0,0,15056,2267,23702,0,0,0
0,0,0,47876,19358,37654,0,0,0
0,0,0,53986,9494,29724,51446,53620,0
0,0,0,39140,40165,7939,12998,41705,0
0,0,0,14066,16556,15096,0,29789,0
0,0,0,54099,38922,51322,39410,17873,0
0,0,0,9024,61658,11859,0,5957,0
0,0,0,1081,60515,39965,0,0,0
0,0,0,10949,32203,36857,9654,0,0
0,0,0,43558,56474,6964,36667,0,0
0,0,0,52075,34251,24416,64127,0,0
0,0,60037,59562,52090,56627,286,0,0
0,55885,33013,31400,19062,1261,59067,0,0
0,55174,48872,38583,45821,17429,51737,0,0
0,0,0,52582,63056,47403,34726,53620,0
0,0,0,33158,34999,45459,45520,41705,0
0,0,0,54573,56629,680,0,29789,0
0,0,0,35821,29441,34052,0,17873,0
0,0,0,39344,22100,46534,59703,5957,0
0,0,0,43693,36338,54574,0,0,0
0,0,0,10533,15699,37226,22474,0,0
0,0,0,21685,15595,701,6667,0,0
0,0,0,53005,65298,47823,0,0,0
0,0,0,46591,53171,16329,57186,0,0
0,54298,44859,20343,18741,44012,56641,0,0
0,3569,2455,45514,13565,22850,19073,0,0
0,3284,24830,8099,24005,2456,0,53620,0
0,41709,59583,22221,47259,22360,0,41705,0
0,339,35294,43145,35403,51828,32988,29789,0
0,0,0,62874,59385,40225,65110,17873,0
0,0,0,47157,35559,20233,0,5957,0
0,0,0,35379,22393,17970,30019,0,0
0,0,0,46230,51584,59833,51069,0,0
0,0,0,40954,11129,48061,46654,0,0
0,0,0,5007,21449,60085,3395,0,0
0,0,0,5622,61878,55383,11524,0,0
0,0,43649,39257,25919,54799,0,0,0
0,0,0,11012,65218,52714,48934,0,0
0,0,0,53196,10503,29713,61776,53620,0
0,0,0,45811,60216,44807,59666,41705,0
0,0,0,12396,49044,22919,49815,29789,0
0,0,0,57804,19039,23785,0,17873,0
0,0,0,16440,31792,13075,0,5957,0
0,0,0,36010,54067,43688,57195,0,0
0,0,0,19616,24034,64191,0,0,0
0,0,0,36223,4148,5748,50843,0,0
0,0,0,54028,32524,11624,46295,0,0
0,21463,4030,31082,38022,64613,21662,0,0
0,14665,28052,24749,63837,3434,6580,0,0
0,20606,59227,44996,48546,41369,42232,0,0
0,57191,7940,61651,52913,43365,21073,53620,0
0,36476,19468,46721,23657,37240,40174,41705,0
0,0,33316,5126,49578,15761,14909,29789,0
0,0,0,63477,58648,5221,54482,17873,0
0,0,0,5962,47897,29733,60319,5957,0
0,0,0,38372,47528,50192,24806,0,0
0,0,0,8406,38261,40872,56750,0,0
0,0,0,17696,58896,25188,0,0,0
0,0,9765,4991,45908,60111,0,0,0
0,23331,19946,45663,17082,32763,26646,0,0
0,39725,61148,41896,41267,59054,40423,0,0
0,0,279,38116,63013,64491,0,0,0
0,62469,31568,55611,6116,12623,48452,53620,0
0,60353,15718,52694,9762,31268,52451,41705,0
0,42846,56268,28782,55341,28495,1887,29789,0
0,10631,19219,10268,50262,17745,0,17873,0
0,0,3581,4299,56589,54615,42747,5957,0
0,0,24675,3430,9677,44818,12341,0,0
0,0,8286,2882,41955,22353,39726,0,0
0,0,0,56921,42244,51619,36144,0,0
0,0,0,14969,58653,53735,0,0,0
0,0,0,43619,25893,56774,25050,0,0
0,0,58026,18995,9342,8285,59172,0,0
0,0,0,64506,1012,2990,38591,53620,0
0,0,0,64999,25876,31277,7421,41705,0
0,0,0,22882,13944,8988,27234,29789,0
0,0,0,30000,52986,22507,2242,17873,0
0,0,0,59416,16722,53885,10094,5957,0
0,0,0,6849,34981,43212,26592,0,0
0,0,0,53088,55768,38022,0,0,0
0,0,0,46217,47821,57830,0,0,0
0,0,0,15816,39791,20665,36190,0,0
0,0,42728,64711,41624,47210,23141,0,0
0,0,47348,54476,52548,8959,29975,0,0
0,0,34646,21258,52957,60704,29041,53620,0
0,0,56230,40153,29807,50489,0,41705,0
0,0,41028,11004,54451,39134,52208,29789,0
0,0,0,12208,32105,9050,10242,17873,0
0,0,0,7546,39686,10136,27346,5957,0
0,0,0,16271,12,64613,0,0,0
0,0,48791,15389,10173,5623,26131,0,0
0,0,17109,28269,27319,7897,20555,0,0
0,0,53444,39091,27082,41132,4432,0,0
0,0,0,53032,16966,27740,15402,0,0
0,0,0,23007,29462,29013,0,0,0
0,0,0,7832,58065,59311,38645,0,0
0,0,32567,22280,43842,4772,25451,53620,0
0,0,13615,22085,51918,54254,0,41705,0
0,5601,53455,14111,51355,18706,0,29789,0
0,0,1191,19127,52444,9368,0,17873,0
0,0,37196,57678,60370,43822,0,5957,0
0,0,17959,24890,16477,1735,7061,0,0
0,0,1484,18739,46203,60355,0,0,0
0,0,42206,36014,2141,30655,45023,0,0
0,624,8369,64356,48,17615,50611,0,0
0,12102,652,48218,51890,35390,33582,0,0
0,20738,13615,47711,57672,26241,51836,0,0
0,0,39164,43944,35595,20839,0,0,0
0,0,51400,38354,53344,42424,23207,53620,0
0,0,63407,3481,11520,19439,26844,41705,0
0,0,0,29344,42194,12061,0,29789,0
0,0,0,8688,50979,62640,55026,17873,0
0,0,0,37917,40575,27001,20266,5957,0
0,0,0,34951,56165,60592,0,0,0
0,0,0,63080,20842,47121,65134,0,0
0,0,0,58255,4054,35218,46359,0,0
0,0,0,54936,50703,36279,60824,0,0
0,0,55127,18307,10487,1671,0,0,0
0,0,0,17791,41295,45127,0,0,0
0,0,0,2694,13522,43115,3296,0,0
0,0,0,61822,31727,53408,46471,53620,0
0,0,0,58966,25666,42765,0,41705,0
0,0,0,33166,56773,28062,12249,29789,0
0,0,0,1014,64905,51613,18882,17873,0
0,0,0,40508,20946,2894,0,5957,0
0,0,0,859,51514,40269,38701,0,0
0,0,0,28745,10328,954,0,0,0
0,0,0,38165,44064,56535,30287,0,0
0,0,0,10570,11577,10002,61645,0,0
0,28566,20575,40728,22411,63588,7863,0,0
0,13980,58659,12362,13833,8360,42696,0,0
0,41397,10062,21076,19853,6835,34448,0,0
0,15405,10554,62692,54494,65050,57867,53620,0
0,10050,54084,2879,32862,25311,0,41705,0
0,0,0,43946,35947,49484,12448,29789,0
0,0,0,6767,53023,30702,38081,17873,0
0,0,0,10123,57664,57367,0,5957,0
0,0,0,55373,20755,44265,51961,0,0
0,0,0,9343,13913,7427,0,0,0
0,0,0,35517,2881,43805,33122,0,0
0,12392,61760,33983,24061,14135,2541,0,0
0,58148,47475,58757,21414,28857,47796,0,0
0,22810,43280,20285,26001,62097,61076,0,0
0,60540,60762,16651,33523,54159,19002,53620,0
0,52855,20316,11205,49951,34581,61034,41705,0
0,0,18904,58559,46211,34128,46300,29789,0
0,0,0,28507,59807,35891,4272,17873,0
0,0,0,33229,25151,16817,44755,5957,0
0,0,0,61811,50835,16584,2438,0,0
0,0,0,28484,54028,47930,61316,0,0
0,0,0,59477,56427,25247,50223,0,0
0,0,0,37739,60666,24368,31590,0,0
0,0,0,53211,48699,9662,61337,0,0
0,0,0,13634,37354,36923,0,0,0
0,0,0,15013,6032,3950,57523,53620,0
0,0,0,12177,53647,63615,16144,41705,0
0,0,0,52252,36002,65031,0,29789,0
0,0,0,54608,58281,12289,18990,17873,0
0,0,0,33938,46074,62144,0,5957,0
0,0,0,28505,22405,54910,0,0,0
0,0,0,27,14527,38323,29041,0,0
0,0,0,2200,18864,39738,0,0,0
0,0,0,5163,30869,46880,55884,0,0
0,60394,30420,53834,13700,11905,0,0,0
0,54105,48202,39533,52131,47085,0,0,0
0,63629,63068,39758,50726,64611,57163,0,0
0,39116,48749,51956,26322,33705,0,53620,0
0,0,0,60155,40280,52080,0,41705,0
0,0,0,14458,58660,44537,38237,29789,0
0,0,0,52887,15388,32785,65004,17873,0
0,0,0,11067,12975,27326,32613,5957,0
0,0,0,37967,23090,42401,19487,0,0
0,0,0,60569,58724,46816,37702,0,0
0,0,0,11277,53990,50013,39680,0,0
0,0,0,60223,1224,35167,36311,0,0
0,0,0,12845,50231,14806,29413,0,0
0,0,0,18457,43651,39025,59017,0,0
0,0,41544,45132,26807,7996,22758,53620,0
0,0,4873,47501,35749,3715,28196,41705,0
0,0,3572,46888,18364,17720,29574,29789,0
0,0,0,443,21142,19020,0,17873,0
0,0,0,32630,21574,17636,0,5957,0
0,0,0,11614,39937,2202,0,0,0
0,0,0,7393,15102,64005,0,0,0
0,0,0,41044,21869,22058,52159,0,0
0,29814,55995,28628,45310,49139,14077,0,0
0,52529,49456,21034,54761,25168,0,0,0
0,0,49996,46709,28064,55681,58708,0,0
0,0,0,13260,46916,56041,9403,0,0
0,0,0,45938,1220,25030,13228,53620,0
0,0,0,9521,10463,38318,24769,41705,0
0,0,0,11541,43347,54638,0,29789,0
0,0,0,6700,1260,55273,51847,17873,0
0,0,0,40186,44954,22076,61972,5957,0
0,0,0,48748,38337,38698,14864,0,0
0,0,0,4471,48791,45582,0,0,0
0,0,0,62191,16786,59355,46580,0,0
0,0,23873,3867,40339,23315,63880,0,0
0,7900,10681,58615,15821,24620,54608,0,0
0,0,50598,9114,11646,57530,0,0,0
0,0,26780,62260,10009,26352,16049,0,0
0,0,0,4078,2917,95,28626,53620,0
0,0,0,46916,19388,38057,28422,41705,0
0,0,0,31032,54301,33224,33224,29789,0
0,0,0,113,41602,30195,33556,17873,0
0,0,0,19787,15812,42492,60687,5957,0
0,0,0,60099,11562,37010,0,0,0
0,0,0,50320,61471,32395,0,0,0
0,0,0,48214,32398,5863,0,0,0
0,0,0,46060,50758,48776,0,0,0
0,58519,11856,39008,6748,8552,14067,0,0
0,11619,22860,52316,56794,55649,0,0,0
0,0,41201,48201,1390,10712,12896,0,0
0,0,0,48738,5051,18449,57185,53620,0
0,0,0,49403,19836,2345,0,41705,0
0,0,0,41853,32869,9553,0,29789,0
0,0,0,55708,51849,39032,10338,17873,0
0,0,0,37844,54375,14381,43867,5957,0
0,0,0,1192,45046,4051,13413,0,0
0,0,0,15955,42601,59148,0,0,0
0,0,0,32594,7732,32161,5992,0,0
0,0,37135,52845,44846,6667,55404,0,0
0,53289,28003,21492,39676,12343,24066,0,1
0,16173,43178,14397,57542,24016,30980,0,0
0,47065,18265,40158,19653,36535,3791,0,1
0,0,0,11566,27054,57128,0,53620,0
0,0,0,43103,61764,42021,8965,41705,0
0,0,0,45179,6448,4585,47752,29789,0
0,0,0,16055,5334,37894,0,17873,0
0,0,0,31396,48771,49792,64100,5957,0
0,0,0,15004,6858,55928,0,0,0
0,0,0,27589,22104,30865,0,0,0
0,0,0,43171,11138,23006,9830,0,0
0,0,0,36391,58722,5091,15553,0,0
0,7979,6621,12138,57736,12717,22066,0,0
0,22278,59150,42067,18229,45852,45650,0,1
0,55112,21793,55456,51949,50413,0,0,0
0,0,0,32115,16451,0,2931,53620,0
0,0,0,11737,58742,37028,47395,41705,0
0,0,0,17543,20596,60026,0,29789,0
0,0,0,46801,36983,57070,58091,17873,0
0,0,0,64349,16375,37026,0,5957,0
0,0,0,59638,54088,12392,0,0,0
0,0,0,62148,19406,48063,38095,0,0
0,0,0,38093,52109,5997,62240,0,0
0,0,0,3948,43487,44537,60682,0,0
0,0,0,13332,11028,15962,35249,0,0
0,0,0,58140,46273,52767,22227,0,0
0,54107,2873,52745,50893,46365,53059,53620,0
0,50578,60969,27600,37465,37463,14982,41705,0
0,57465,55502,64103,60178,12544,0,29789,0
0,0,49189,3273,43077,50280,30652,17873,0
0,0,60069,18876,9378,36084,0,5957,0
0,0,37296,10327,55732,2116,0,0,0
0,0,17663,33250,43776,35317,13062,0,0
0,0,56387,37294,15513,5967,23601,0,0
0,61386,62870,33637,40243,27570,20114,0,0
0,55381,36805,15616,48627,63721,45395,0,0
0,0,6398,40954,27314,62733,0,0,0
0,0,59232,37692,42801,44488,41854,0,0
0,0,0,53170,17395,31010,54551,53620,0
0,0,0,41403,64449,39625,0,41705,0
0,0,0,33827,57854,32998,48982,29789,0
0,0,0,41390,13243,60702,33702,17873,0
0,0,0,4307,40611,61946,0,5957,0
0,0,0,58500,40540,4667,4754,0,0
0,0,0,2394,55691,31535,7287,0,0
0,0,0,49524,47724,46180,4876,0,0
0,0,0,9946,52540,13651,28605,0,0
0,0,0,36597,15801,43799,24656,0,0
0,0,0,1736,46110,30252,0,0,0
0,0,0,48099,3571,63470,27659,0,0
0,0,0,36312,20575,61185,64718,53620,0
0,0,61089,64214,16622,56368,52488,41705,0
0,0,31082,18210,61968,20710,0,29789,0
0,0,0,65098,4981,50679,47820,17873,0
0,0,0,23776,10025,62218,0,5957,0
0,0,0,49172,19492,11029,18526,0,0
0,0,0,3160,59096,41781,59606,0,0
0,0,0,63349,56821,34784,0,0,0
0,0,0,63271,36584,30636,37726,0,0
0,0,800,63545,14112,11379,24218,0,0
0,27958,7365,17236,23983,17329,10182,0,0
0,0,0,41338,19771,49956,26079,0,0
0,41527,3375,19480,36074,50396,0,53620,0
0,0,0,54154,55049,2972,5658,41705,0
0,0,0,30900,61386,28327,0,29789,0
0,0,13401,18534,7031,20566,5884,17873,0
0,0,40812,24745,51104,58448,49529,5957,0
0,0,9638,52545,29340,46458,0,0,0
0,0,0,20629,65511,7885,0,0,0
0,0,0,20706,53632,50260,6577,0,0
0,0,0,21905,56997,12022,8156,0,0
0,0,0,17488,21867,46586,12407,0,0
0,0,0,59129,44397,45829,0,0,0
0,0,0,32845,15916,29292,43891,0,0
0,0,0,13485,13476,28895,49378,53620,0
0,0,0,43905,1680,31438,32290,41705,0
0,0,0,23777,43965,5984,32296,29789,0
0,0,0,56161,39183,65014,0,17873,0
0,0,0,59705,62789,5698,3982,5957,0
0,0,0,42494,54018,25857,0,0,0
0,0,0,45549,53413,15259,14208,0,0
0,0,0,12792,60772,45816,2269,0,0
0,0,0,39684,40633,42768,23444,0,0
0,0,0,14949,10666,46931,25838,0,0
0,0,58468,19358,57224,4277,26107,0,0
0,0,0,52787,30592,58154,0,0,0
0,0,0,53417,29672,34973,0,53620,0
0,0,0,44730,37974,49851,60617,41705,0
0,0,0,13437,49136,50439,0,29789,0
0,0,0,9608,50317,16550,13807,17873,0
0,0,0,33679,297,61341,2243,5957,0
0,0,0,41129,60721,39240,0,0,0
0,0,0,64703,59301,34182,0,0,0
0,0,0,223,3217,33234,0,0,0
0,0,0,62949,21228,22316,0,0,0
0,0,0,47571,30482,52002,27807,0,0
0,0,0,49428,3014,37119,0,0,0
0,0,0,15226,27906,63820,16167,0,0
0,0,26647,56808,47753,64505,59389,53620,0
0,0,0,23323,58357,41461,0,41705,0
0,0,0,17742,38424,21054,32071,29789,0
0,0,0,28089,43495,51400,38914,17873,0
0,0,0,35230,47927,36167,51008,5957,0
0,0,0,28282,6178,50674,0,0,0
0,0,0,58792,45009,41033,0,0,0
0,0,0,3943,8602,39141,35504,0,0
0,0,0,46200,34429,15900,62992,0,0
0,28016,50494,6151,1535,5581,22068,0,0
0,0,50521,22577,53364,37427,0,0,0
0,0,0,44503,15536,48538,1078,0,0
0,0,0,51681,54676,19112,0,53620,0
0,0,0,9670,25685,56684,26181,41705,0
0,0,0,7341,37589,3824,31712,29789,0
0,0,0,34942,30453,55907,0,17873,0
0,0,0,62754,2667,50377,36460,5957,0
0,0,0,49385,61466,42191,43415,0,0
0,0,0,26647,49972,39757,0,0,0
0,0,0,12769,58791,35756,58667,0,0
0,0,0,46082,25347,51114,58611,0,0
0,0,20766,9575,24573,12811,43519,0,0
0,0,0,51026,33572,1412,0,0,0
0,0,0,39714,39883,29078,0,0,0
0,0,18516,38075,20857,38640,6089,53620,0
0,0,0,18975,42820,9722,0,41705,0
0,0,0,36946,4319,1020,64330,29789,0
0,0,0,15325,38686,13991,62231,17873,0
0,0,0,27345,24857,28735,59578,5957,0
0,0,0,17769,56115,5923,0,0,0
0,0,0,24841,28459,42351,48140,0,0
0,0,0,11473,53692,59241,5562,0,0
0,0,0,19623,11068,62136,45869,0,0
0,0,0,40960,43898,11167,56111,0,0
0,0,0,56837,25047,41769,16673,0,0
0,0,0,60011,23737,27489,0,0,0
0,0,0,28481,64299,22049,35017,53620,0
0,0,0,122,18175,380,13183,41705,0
0,0,0,7039,64866,39977,14087,29789,0
0,0,0,62489,35713,26566,64237,17873,0
0,0,0,14542,23002,32801,9819,5957,0
0,0,0,54778,10969,42437,32555,0,0
0,0,0,26335,28872,30500,25557,0,0
0,0,0,2725,58595,47832,0,0,0
0,0,0,2303,62373,23814,64036,0,0
0,0,0,37299,15902,4958,0,0,0
0,0,37727,45166,52347,16460,53112,0,0
0,49744,8040,19491,11267,34167,22598,0,0
0,0,0,14056,2370,52451,0,53620,0
0,0,0,18067,3173,59757,8774,41705,0
0,0,0,7370,63651,50915,0,29789,0
0,0,0,65283,23603,19623,0,17873,0
0,0,0,9476,31994,11834,55728,5957,0
0,0,0,43406,31014,50668,0,0,0
0,0,0,3709,11861,60704,59196,0,0
0,0,0,41537,41920,54170,28578,0,0
0,0,43458,5042,52665,37146,0,0,0
0,40954,37383,55620,51371,3911,56156,0,0
0,11875,32429,52406,35296,19407,54179,0,0
0,39297,8585,19420,64109,59979,1097,0,1
0,62333,50399,34479,37263,5113,0,53620,0
0,5416,13553,38234,8153,35806,42577,41705,0
0,49291,33505,40500,37068,32292,40060,29789,0
0,34098,31468,57336,50721,23259,0,17873,0
0,58351,12732,49994,39463,2887,55591,5957,0
0,30463,7699,29889,13741,60992,0,0,0
0,22810,38408,19306,4287,18516,24967,0,0
0,21260,11967,20440,62891,32566,29996,0,0
0,55632,1139,33106,28390,21808,0,0,0
0,10863,34316,0,34458,17926,17249,0,1
0,30845,3918,0,50046,51042,44107,0,1
0,54207,9360,5941,39980,12422,0,53620,1
0,0,16859,250,6097,5324,27726,41705,0
0,0,0,25654,59641,46309,20309,29789,0
0,0,0,8810,14277,38589,31123,17873,0
0,0,0,1790,19215,5542,0,5957,0
0,0,0,45844,29813,57754,41108,0,0
0,0,0,55155,41927,17111,0,0,0
0,0,0,32828,55957,50976,9083,0,0
0,0,0,60045,20043,17813,0,0,0
0,0,0,211,2187,19170,7276,0,0
0,0,0,916,7068,40885,0,0,0
0,0,18013,16191,52198,5062,27351,0,0
0,0,0,31455,41926,55409,37600,53620,0
0,0,0,974,24257,48217,7277,41705,0
0,0,0,2996,35323,23313,0,29789,0
0,0,0,43096,42665,2290,0,17873,0
0,0,0,9718,38875,19234,5300,5957,0
0,0,0,10944,32488,7718,0,0,0
0,0,0,42364,33510,48455,0,0,0
0,0,0,5947,16826,13220,0,0,0
0,0,57819,24610,51224,50868,13028,0,0
0,27946,41612,33886,616,27284,4474,0,0
0,31813,55341,56619,60123,6009,6954,0,0
0,12077,57995,0,59239,21606,51909,0,0
0,0,0,160,4786,20241,0,53620,0
0,0,0,6391,19892,2893,19750,41705,0
0,0,0,11051,34247,43974,3632,29789,0
0,0,0,48276,13862,44557,31756,17873,0
0,0,0,27144,19856,21559,0,5957,0
0,0,0,24196,38425,10653,0,0,0
0,0,0,6213,24178,2824,3111,0,0
0,0,6169,59808,5774,6775,41150,0,0
0,0,18771,11688,21395,58241,64376,0,0
0,11628,56386,39487,26035,33410,0,0,1
0,22124,21003,46514,45937,33249,39855,0,1
0,47626,17284,38287,28629,43331,0,0,1
0,43005,11309,53404,34133,27039,13557,53620,0
0,0,0,53253,29602,34454,4210,41705,0
0,0,0,49901,3697,3493,63740,29789,0
0,0,0,50029,23202,27318,58293,17873,0
0,0,0,40663,13279,38769,26866,5957,0
0,0,0,52963,12113,46731,18324,0,0
0,0,0,25978,43456,11406,55259,0,0
0,0,0,15765,45480,52916,0,0,0
0,0,26113,59468,35483,13426,56065,0,0
0,1250,52738,23478,2700,4108,58332,0,0
0,53412,35880,26250,35077,61905,7559,0,0
0,56656,46831,45777,892,2200,0,0,0
0,0,0,5421,52375,23800,31088,53620,0
0,0,0,57643,63876,51714,61616,41705,0
0,0,0,52631,4829,14082,0,29789,0
0,0,0,27205,58952,16439,13766,17873,0
0,0,0,33392,5431,34806,40099,5957,0
0,0,0,64313,46626,16067,0,0,0
0,0,0,6383,33043,30494,3624,0,0
0,0,0,38376,43047,37088,14873,0,0
0,0,0,21850,44352,23225,0,0,0
0,0,0,13780,46686,18349,0,0,0
0,0,53449,27834,28819,2906,0,0,0
0,0,24794,22928,57874,6737,31880,0,0
0,0,31601,42475,43880,15401,32312,53620,0
0,0,0,1353,29625,16510,16827,41705,0
0,0,0,49856,49094,19491,54803,29789,0
0,0,0,2491,57212,35662,16828,17873,0
0,0,0,17180,6928,12339,0,5957,0
0,0,0,23944,15364,15333,0,0,0
0,0,0,51986,58082,12347,22274,0,0
0,0,0,18828,27859,64282,52167,0,0
0,0,0,13476,7201,19863,43964,0,0
0,0,0,50161,19541,28816,28429,0,0
0,0,0,51592,27636,54068,52933,0,0
0,0,0,9633,58286,11736,0,0,0
0,0,0,52637,62326,52804,53236,53620,0
0,0,0,61861,50899,38539,33070,41705,0
0,0,0,42566,35395,8223,22639,17873,0
0,0,0,56469,15325,27105,0,5957,0
0,0,0,57681,4738,34191,2686,0,0
0,0,0,64763,7108,32919,0,0,0
0,0,0,15138,15480,23531,0,0,0
0,0,0,61727,6967,20792,6949,0,0
0,0,0,12429,24787,65290,32113,0,0
0,0,0,10722,8657,7662,0,0,0
0,0,0,1733,39550,21781,8971,0,0
0,0,0,38550,49308,8735,62304,53620,0
0,0,0,44220,52797,42868,0,41705,0
0,0,0,555,11379,4832,20891,29789,0
0,0,0,62346,65007,3831,0,17873,0
0,0,0,40565,64394,47272,0,0,0
0,0,0,47883,25895,21890,26477,0,0
0,0,0,59485,24956,20140,0,0,0
0,0,0,35702,5752,55852,34795,0,0
0,0,28148,37322,24654,25553,18790,0,0
0,0,56187,65283,1536,44923,0,0,0
0,0,28605,2102,12744,49185,33338,0,0
0,0,52660,9349,56642,16058,0,53620,0
0,0,0,16592,19360,8589,0,41705,0
0,0,0,37387,24041,7755,31110,29789,0
0,0,0,5253,52900,47855,43068,17873,0
0,0,0,41594,34798,28485,18550,5957,0
0,0,0,60851,60245,26666,33702,0,0
0,0,0,57305,46602,32713,561,0,0
0,0,0,21947,357,27143,0,0,0
0,0,0,37655,38608,10006,18889,0,0
0,46424,46625,2092,41386,9842,0,0,0
0,0,29,41394,47079,44774,0,0,0
0,0,0,58484,28790,29818,47484,53620,0
0,0,0,31562,13618,25683,35994,41705,0
0,0,0,7952,37941,63248,40924,29789,0
0,0,0,4440,4773,36629,12435,17873,0
0,0,0,42423,42871,44252,0,5957,0
0,0,0,4225,34211,29220,0,0,0
0,0,0,6920,19803,47385,30463,0,0
0,0,0,8196,51028,39099,50194,0,0
0,0,0,3364,35038,8821,7338,0,0
0,21709,9089,43486,49968,23946,55109,0,0
0,0,0,63169,34203,64140,0,0,0
0,0,0,55114,32121,22257,24846,0,0
0,41422,56495,4343,57658,34162,15507,53620,0
0,0,0,13582,26377,50122,0,41705,0
0,0,0,44481,22213,14449,0,29789,0
0,0,0,57660,61833,30935,0,17873,0
0,0,0,10878,9768,24849,0,5957,0
0,0,0,60539,22306,52907,0,0,0
0,0,0,32993,63952,18008,29673,0,0
0,0,0,38384,31009,47922,59655,0,0
0,0,0,24617,63420,8491,23611,0,0
0,0,444,4936,65487,4191,46588,0,0
0,48002,41439,42313,50630,56788,20874,0,1
0,42649,50312,2912,52231,42653,64503,0,1
0,23542,45410,25608,31510,47179,55357,53620,0
0,0,0,43545,27302,12970,24486,41705,0
0,0,0,47755,20034,25300,0,29789,0
0,0,0,24783,36067,7138,0,17873,0
0,0,0,13341,49893,28341,19652,5957,0
0,0,0,41828,57923,17945,51128,0,0
0,0,0,23408,10600,54411,11670,0,0
0,0,0,1518,12641,48211,48162,0,0
0,0,921,60946,56813,21683,0,0,0
0,44780,48247,24676,32909,33623,62896,0,0
0,42520,25619,49921,35233,5524,14687,0,1
0,12319,43370,7249,52943,32135,0,0,0
0,0,0,27369,52839,59776,12421,53620,0
0,0,0,41346,15595,31395,47219,41705,0
0,0,0,15255,2350,1527,0,29789,0
0,0,0,15596,55995,12019,17384,17873,0
0,0,28441,8381,56412,6080,43612,5957,0
0,0,0,11555,65226,21745,0,0,0
0,0,0,1224,33361,18912,36909,0,0
0,0,0,48934,12956,44382,46281,0,0
0,0,0,23934,48628,58051,0,0,0
0,0,0,62203,29002,0,0,0,0
0,4324,43115,32547,37403,0,49328,0,1
0,20590,56314,0,60469,56901,0,0,1
0,55700,1549,13207,4502,16130,0,53620,0
0,0,0,51253,38045,41954,0,41705,0
0,0,0,6952,37635,52027,16725,29789,0
0,0,0,31216,36879,407,0,17873,0
0,0,0,51357,62811,46342,0,5957,0
0,0,0,46882,16338,26673,47037,0,0
0,0,0,18252,14841,37840,23197,0,0
0,0,0,7692,21162,21490,0,0,0
0,0,0,28308,62305,47232,0,0,0
0,51129,19903,1359,51995,0,32389,0,0
0,0,21480,35337,62126,0,42246,0,0
0,0,0,16557,57899,10218,0,0,0
0,0,0,2538,35947,64383,40080,53620,0
0,0,0,24473,42548,50893,0,41705,0
0,0,0,39691,33731,9907,48459,29789,0
0,0,0,44901,15064,33584,0,17873,0
0,0,0,16632,37256,52568,40409,5957,0
0,0,0,6887,45207,62869,0,0,0
0,0,0,51575,63826,60434,0,0,0
0,0,0,60624,18420,26492,29805,0,0
0,0,0,35624,19338,4035,0,0,0
0,0,0,54597,41028,63431,0,0,0
0,0,0,3488,27428,34792,48775,0,0
0,0,0,39305,2038,25980,40459,53620,0
0,0,0,25013,21455,63134,0,41705,0
0,0,0,42927,33013,32077,21610,29789,0
0,0,0,679,51191,4853,20663,17873,0
0,0,39819,47776,24245,64059,3699,5957,0
0,0,0,35002,50307,35343,0,0,0
0,0,0,11457,3685,23385,25848,0,0
0,0,0,63482,45817,23050,30602,0,0
0,0,0,49665,36884,14608,22651,0,0
0,0,0,32868,21931,8696,55702,0,0
0,0,0,42112,23118,57215,0,0,0
0,12690,56610,15574,4867,9801,25962,0,0
0,0,0,53431,51416,40896,0,53620,0
0,0,35665,54059,34874,47293,1268,41705,0
0,0,26869,27794,13061,25164,0,29789,0
0,0,0,34908,61736,33842,54331,17873,0
0,0,0,22623,64860,42247,0,5957,0
0,0,0,4772,52182,38474,1572,0,0
0,0,0,5816,38937,5668,0,0,0
0,0,0,35927,564,1510,0,0,0
0,0,0,30729,2455,4738,31341,0,0
0,0,0,48508,64671,59651,0,0,0
0,0,0,25652,7877,46465,7443,0,0
0,0,42959,52978,56464,55053,50442,53620,0
0,34410,38063,39681,30687,54624,61608,41705,0
0,0,64653,41267,20439,37877,0,29789,0
0,0,0,8871,47461,38152,34291,17873,0
0,0,0,5361,18531,53615,0,5957,0
0,0,0,37090,19563,34891,0,0,0
0,0,0,35618,41124,19190,34602,0,0
0,0,0,61306,52769,2210,5137,0,0
0,0,0,3499,14606,33189,62841,0,0
0,0,0,60605,49670,56558,0,0,0
0,0,0,39250,46864,2628,2323,0,0
0,0,0,46580,53686,15642,23795,53620,0
0,0,0,17848,42869,15665,7031,41705,0
0,0,0,59696,4181,272,0,29789,0
0,0,0,19960,59531,48747,0,17873,0
0,0,0,35704,60016,568,56227,5957,0
0,0,0,37773,54999,20453,0,0,0
0,0,0,11676,60593,38829,45598,0,0
0,0,0,65032,22623,54253,49778,0,0
0,0,0,7309,39843,56371,32233,0,0
0,0,0,21891,37986,63237,39904,0,0
0,0,0,10459,46918,37519,22272,0,0
0,0,0,9819,54309,48036,17282,0,0
0,0,0,46183,2087,33528,0,53620,0
0,0,0,16060,12885,17113,63186,41705,0
0,0,0,3659,53795,21999,0,29789,0
0,0,0,25949,54163,17299,0,17873,0
0,0,0,40186,6694,23999,0,5957,0
0,0,0,61343,25046,11290,0,0,0
0,0,0,63986,18844,13533,0,0,0
0,0,0,61121,34694,65244,0,0,0
0,0,0,20278,31722,1374,13741,0,0
0,0,10263,2111,20994,12365,56734,0,0
0,0,0,17311,2376,15640,0,0,0
0,0,0,51040,32794,37092,50466,0,0
0,0,0,53488,17212,40903,5717,53620,0
0,0,0,43243,42772,49174,34055,41705,0
0,0,0,17518,51344,60667,49802,29789,0
0,0,0,64280,53766,62004,0,17873,0
0,0,0,62937,42367,17353,0,5957,0
0,0,0,63351,35857,50166,0,0,0
0,0,0,30916,5758,45238,0,0,0
0,0,0,28925,25211,50868,0,0,0
0,0,0,7863,61953,43138,0,0,0
0,0,0,56823,29153,31882,0,0,0
0,0,0,49791,12450,36389,44410,0,0
0,0,29299,43490,62633,36975,41656,53620,0
0,0,0,9100,1851,10987,0,41705,0
0,0,0,33499,46911,29697,30484,29789,0
0,0,0,35806,28117,11005,7352,17873,0
0,0,0,35690,2825,714,0,5957,0
0,0,0,46649,38955,15347,0,0,0
0,0,0,27954,3752,54531,7258,0,0
0,0,0,35471,26851,23916,28395,0,0
0,0,0,60251,29928,37417,26465,0,0
0,0,0,3666,21657,28201,35206,0,0
0,0,24463,36624,51822,46030,0,0,0
0,0,0,55316,11721,11570,50322,0,0
0,0,0,13382,46620,9094,61263,53620,0
0,0,0,31868,59818,24522,0,41705,0
0,0,0,32079,6367,47862,0,29789,0
0,0,0,28661,49815,43824,11815,17873,0
0,0,0,31074,40582,24283,0,5957,0
0,0,0,5744,43161,13887,50161,0,0
0,0,0,15694,27540,32775,44653,0,0
0,0,0,6207,1007,37242,64158,0,0
0,0,0,15587,21228,44020,0,0,0
0,0,0,44330,54525,31328,7595,0,0
0,7995,52025,23285,58081,17918,0,0,0
0,0,0,17311,25556,60327,0,0,0
0,0,0,62588,2060,36264,52790,53620,0
0,0,0,17271,7029,4286,57211,41705,0
0,0,0,38341,29709,28211,58857,29789,0
0,0,0,43072,56834,27878,32087,17873,0
0,0,0,59998,7034,34904,0,5957,0
0,0,0,4712,37021,30516,0,0,0
0,0,0,33326,61494,59546,15227,0,0
0,0,0,18567,64417,64880,0,0,0
0,0,0,6309,62209,272,40704,0,0
0,5933,28839,5445,439,6505,59258,0,0
0,9252,49512,43183,53455,22947,15594,0,0
0,0,0,59802,50900,1231,0,0,0
0,0,0,5967,2194,43583,21853,53620,0
0,0,0,47194,56124,442,0,41705,0
0,0,0,63695,57389,11973,30089,29789,0
0,0,0,30882,22515,20247,0,17873,0
0,0,0,48560,56687,1405,0,5957,0
0,0,0,58523,36244,10974,60222,0,0
0,0,0,14367,20903,7743,25714,0,0
0,3467,5649,41616,12098,39462,62122,0,0
0,48144,58805,30022,61796,1245,29191,0,0
0,21226,13481,0,39084,0,10274,0,1
0,65099,21014,0,37302,38305,33288,0,1
0,34513,26096,0,47860,0,0,53620,0
0,0,24945,21129,45382,50975,56619,41705,0
0,0,39628,1269,38118,63081,0,29789,0
0,0,18995,39188,25828,55188,55699,17873,0
0,0,55366,44456,60191,60359,9908,5957,0
0,0,4715,62644,15639,46190,0,0,0
0,0,48770,24270,50473,40986,0,0,0
0,0,47109,14599,60035,19111,0,0,0
0,0,63382,61653,64788,45388,56704,0,0
0,0,0,6673,19200,24322,58592,0,0
0,0,30124,37180,60322,25621,0,0,0
0,0,30362,59452,42369,37040,34831,0,0
0,0,33932,36334,7696,43399,34103,53620,0
0,0,23408,31392,61286,3498,39189,41705,0
0,16903,24228,2331,61981,38921,38806,29789,0
0,0,0,55668,46774,48717,23863,17873,0
0,0,0,50984,18245,9312,24831,0,0
0,0,0,9718,17327,35240,0,0,0
0,0,0,48796,40161,874,0,0,0
0,6211,52746,11995,44842,61392,48019,0,0
0,0,0,29510,53000,61910,31932,0,0
0,0,0,65052,46818,8550,45177,0,0
0,0,54789,62097,58535,59511,50132,53620,0
0,0,0,35875,35583,43570,0,41705,0
0,0,0,55523,62174,50265,38154,29789,0
0,0,0,6034,34498,6353,24049,17873,0
0,0,0,48464,8300,64513,0,5957,0
0,0,0,3686,45768,5759,0,0,0
0,0,0,26831,54197,21492,34643,0,0
0,0,0,22891,38665,44710,36910,0,0
0,0,0,63531,50712,24876,47070,0,0
0,39771,54644,57484,1073,50953,58674,0,0
0,1401,48960,54552,7821,37294,47361,0,0
0,0,0,41386,34769,40299,0,0,0
0,0,0,36940,17212,31808,30795,53620,0
0,0,0,10122,47193,62320,36746,41705,0
0,0,0,8185,549,13730,1719,29789,0
0,0,0,20491,1612,18193,16420,17873,0
0,0,0,40768,8638,22045,2185,5957,0
0,0,0,29226,19840,59041,0,0,0
0,0,0,43609,64865,7766,26389,0,0
0,0,0,60117,5252,37734,28687,0,0
0,0,32114,20450,35045,32079,18643,0,0
0,15247,24678,46475,38981,17743,59738,0,0
0,12127,57484,32663,51351,58777,0,0,0
0,0,0,35482,41551,57336,50730,53620,0
0,0,0,10610,54811,24727,5780,41705,0
0,0,0,26028,2309,34958,1915,29789,0
0,0,0,12688,30685,10006,3834,17873,0
0,0,0,29082,21547,7541,24122,0,0
0,0,0,28959,1566,20282,0,0,0
0,0,0,48055,54284,16668,0,0,0
0,0,0,14688,50259,54802,0,0,0
0,21902,27855,18221,16163,4746,19964,0,1
0,32093,26573,5453,36759,23129,0,0,0
0,24373,39106,28970,41701,63586,51397,53620,0
0,0,56779,23876,16664,51747,19666,41705,0
0,0,56139,24274,23132,30319,64005,29789,0
0,0,48832,12419,41731,19388,0,17873,0
0,0,4823,28264,3668,62289,5874,0,0
0,0,26798,32591,32236,38447,0,0,0
0,0,56584,20020,33064,18658,0,0,0
0,0,0,43280,14015,10500,56807,0,0
0,0,64262,63422,61787,43185,0,0,0
0,20252,34535,26524,22165,16248,54250,0,0
0,0,0,52768,20328,55317,37009,53620,0
0,0,0,28834,46036,4812,57932,41705,0
0,0,0,26733,8993,20544,0,29789,0
0,0,0,11833,29864,12355,6472,17873,0
0,0,0,22567,12524,43461,0,5957,0
0,0,0,53932,38807,30828,0,0,0
0,0,0,60266,52428,47606,0,0,0
0,0,0,21698,41543,33560,0,0,0
0,0,0,35191,11763,35047,64057,0,0
0,0,0,29729,44156,59393,0,0,0
0,0,0,53315,13744,54970,0,0,0
0,0,0,44711,19885,46381,48510,53620,0
0,0,0,26181,9640,1733,23676,41705,0
0,0,0,55741,63993,34802,54419,29789,0
0,0,0,28005,41817,28849,0,17873,0
0,0,0,63572,59332,1160,0,5957,0
0,0,0,16797,60943,37390,0,0,0
0,0,0,17837,22018,5250,13318,0,0
0,0,0,57436,14208,39209,20162,0,0
0,0,0,2805,60402,3614,0,0,0
0,0,0,38185,51071,49746,0,0,0
0,0,0,37362,46032,42051,0,0,0
0,0,55838,12321,18600,65074,20648,0,0
0,0,0,8653,21945,16761,0,53620,0
0,0,0,40829,7672,57063,0,41705,0
0,0,0,57150,62809,63257,0,29789,0
0,0,0,62495,19251,1541,0,17873,0
0,0,0,21674,15945,58864,0,5957,0
0,0,0,2668,58048,45398,0,0,0
0,0,0,8948,30632,51085,37477,0,0
0,0,0,21476,2972,54086,0,0,0
0,0,0,32824,1697,63761,0,0,0
0,0,0,39213,38361,37163,0,0,0
0,0,26777,52522,55771,19861,0,0,0
0,0,0,20523,63117,54688,36461,0,0
0,0,0,44449,38885,40474,0,53620,0
0,0,0,4609,41574,38348,56881,41705,0
0,0,0,36184,6322,10910,9416,29789,0
0,0,0,18536,22100,32245,0,17873,0
0,0,0,64009,41490,41611,57464,5957,0
0,0,0,47933,20761,14409,0,0,0
0,0,0,3919,17480,31615,0,0,0
0,0,0,8618,27390,52604,0,0,0
0,0,0,21216,51816,36844,25365,0,0
0,0,0,18167,42725,9563,12452,0,0
0,35725,40344,43550,29701,37002,65191,0,0
0,0,0,58472,59076,63763,0,0,0
0,0,0,28108,57457,25390,28900,53620,0
0,0,0,62130,12083,65018,1909,41705,0
0,0,0,28559,56240,12525,0,29789,0
0,0,0,62516,23307,4543,0,17873,0
0,0,0,59673,18920,43695,14832,5957,0
0,0,0,12812,48909,46526,0,0,0
0,0,0,9566,20946,46280,43492,0,0
0,63783,48381,55100,4756,60143,16348,0,0
0,13718,63530,32903,4946,35533,30986,0,0
0,9853,16258,1443,25969,53270,0,0,0
0,0,39333,44807,3775,25632,8734,0,0
0,0,0,15411,17967,53627,0,53620,0
0,0,0,53189,36401,4639,26649,41705,0
0,0,0,64061,61515,30073,54711,29789,0
0,0,0,24814,10199,32878,41445,17873,0
0,0,0,60411,27262,52478,4039,5957,0
0,0,0,9473,31535,25275,45736,0,0
0,0,0,55099,9803,21653,0,0,0
0,0,0,56632,57053,12566,5050,0,0
0,0,0,20238,47298,49309,23913,0,0
0,0,45108,31289,9326,56204,0,0,0
0,0,0,63804,36861,17867,0,0,0
0,14907,51591,37932,24163,37514,0,0,0
0,2946,47961,16090,34302,50522,0,53620,0
0,12384,49734,42921,33638,25973,61664,41705,0
0,9701,46093,35108,32210,8232,30609,29789,0
0,0,0,16502,7952,7723,21865,17873,0
0,0,0,47443,23920,33270,0,5957,0
0,0,0,22981,33928,14315,56146,0,0
0,0,0,57453,63776,35312,57148,0,0
0,0,0,41108,938,21994,0,0,0
0,0,0,48791,35979,46551,0,0,0
0,0,0,32732,24291,50915,0,0,0
0,0,0,17199,34958,16111,55123,53620,0
0,0,0,26648,49353,53887,0,41705,0
0,0,0,23294,5580,63970,31852,29789,0
0,0,0,34861,62295,40263,0,17873,0
0,0,0,40877,11602,46114,0,5957,0
0,0,0,4848,13543,2023,0,0,0
0,0,0,24081,27213,22029,2919,0,0
0,0,0,17459,23526,20975,37085,0,0
0,0,31911,40785,62137,38202,18411,0,0
0,28223,6807,37908,13954,42107,54945,0,0
0,20370,60747,57667,54193,23328,0,0,0
0,0,49329,51210,30816,46115,26181,0,0
0,0,29562,33151,11222,5875,52959,53620,0
0,0,0,52074,24878,21419,43311,41705,0
0,0,0,17313,63000,46131,35541,29789,0
0,0,0,54957,738,20946,0,17873,0
0,0,0,41442,35505,47133,0,5957,0
0,0,0,21037,4687,417,0,0,0
0,0,0,10768,24582,17652,0,0,0
0,0,0,47776,60477,37678,0,0,0
0,0,0,17463,65490,42859,17798,0,0
0,0,0,42989,36706,9384,42737,0,0
0,0,0,61645,58022,23439,16346,0,0
0,0,0,17797,10689,48341,0,0,0
0,0,0,57063,13369,44827,0,53620,0
0,0,0,56289,1516,9534,57123,41705,0
0,0,0,22083,47481,20607,50535,29789,0
0,0,0,39129,34881,27381,0,17873,0
0,0,0,10689,36642,40956,17431,5957,0
0,0,0,60869,21347,61246,0,0,0
0,0,0,62391,18139,5473,28406,0,0
0,0,0,15195,21345,63085,27926,0,0
0,0,37678,11183,20807,51549,46147,0,0
0,42109,53219,39728,59252,0,10136,0,1
0,0,21735,61197,49979,0,5378,0,0
0,0,0,36770,52992,17489,2426,0,0
0,0,0,54112,44542,42171,37886,53620,0
0,0,0,25893,47585,14068,57874,41705,0
0,0,0,7514,27892,64197,0,29789,0
0,0,0,56000,26470,17459,55990,5957,0
0,0,0,8376,61540,25174,48563,0,0
0,0,0,61933,33742,13000,0,0,0
0,0,0,985,22055,26699,0,0,0
0,0,29214,3624,2370,38402,1561,0,0
0,39979,56985,56899,64432,2248,0,0,0
0,0,60685,30037,44682,6041,0,0,0
0,0,0,36474,20100,58839,28097,0,0
0,0,0,11276,50916,50298,0,53620,0
0,0,0,34585,35498,16525,0,41705,0
0,0,0,59087,23168,51283,53032,29789,0
0,0,0,33804,48419,54613,1818,17873,0
0,0,0,29464,53608,22059,0,5957,0
0,0,0,65027,49552,4860,0,0,0
0,0,0,29535,42465,45768,0,0,0
0,0,20221,53747,49216,32283,20901,0,0
0,0,65037,60416,57905,9754,56321,0,0
0,3431,51943,7857,15455,14445,47900,0,0
0,40511,23117,4605,11838,2438,44598,0,0
0,17396,12114,0,29927,46652,46630,0,1
0,33579,8296,24294,54871,30174,0,53620,0
0,3502,59297,9963,8499,49026,31188,41705,0
0,0,0,33677,28764,56549,22999,29789,0
0,0,0,63155,44601,42105,53933,17873,0
0,0,0,31991,33261,56738,59427,5957,0
0,0,0,44776,60847,6646,49169,0,0
0,0,0,22985,24353,41154,0,0,0
0,0,0,42683,2043,1298,26051,0,0
0,0,0,47935,12935,25039,6310,0,0
0,0,0,13658,54139,41414,37602,0,0
0,0,9951,51798,52628,52709,0,0,0
0,0,0,36665,39068,37945,0,0,0
0,0,0,22886,9709,19708,17079,53620,0
0,0,0,40447,52991,36810,32294,41705,0
0,0,0,6679,11812,22028,12707,29789,0
0,0,0,52253,32909,64776,21895,0,0
0,0,0,16733,30765,48935,0,0,0
0,0,0,49461,64399,8611,0,0,0
0,0,0,55329,20143,31821,0,0,0
0,0,0,62181,5296,62765,7106,0,0
0,0,0,62951,59059,52479,36980,0,0
0,0,0,52242,25870,16257,15167,53620,0
0,0,0,63139,22756,32810,0,41705,0
0,0,0,24574,62567,49201,19110,29789,0
0,0,0,26822,21217,34771,6365,17873,0
0,0,0,38786,11454,45596,3262,5957,0
0,0,0,57847,51521,51318,55074,0,0
0,0,0,57683,58008,23730,0,0,0
0,0,0,60697,10664,13154,45414,0,0
0,9803,38535,33574,24660,30845,35411,0,0
0,16742,774,16345,48219,12063,30029,0,0
0,0,25209,37852,20061,56985,0,0,0
0,0,59059,48768,7898,45667,30877,53620,0
0,0,33557,11599,45982,43379,33110,41705,0
0,0,0,23270,51326,22233,12715,29789,0
0,0,0,2890,55126,48250,15876,5957,0
0,0,0,37925,10915,1897,0,0,0
0,0,0,43136,49728,25351,23044,0,0
0,0,0,18067,2423,65025,0,0,0
0,0,0,53842,45425,64284,0,0,0
0,44333,59099,61748,10781,22500,32835,0,0
0,0,59805,49363,33486,59357,0,0,0
0,0,0,31662,17495,32739,17044,0,0
0,0,0,22780,64941,15721,6300,53620,0
0,0,0,45102,25782,36160,14685,41705,0
0,0,0,63702,21903,33799,0,29789,0
0,0,0,53066,18903,22302,40667,17873,0
0,0,0,45393,24672,5446,17267,5957,0
0,0,0,24311,54697,28764,40117,0,0
0,0,0,46890,27053,19281,0,0,0
0,0,0,64740,18432,29902,12006,0,0
0,0,0,13477,15459,28498,22016,0,0
0,0,0,37486,23372,3310,3224,0,0
0,0,0,16964,45211,44294,0,53620,0
0,0,0,51041,12365,20645,0,41705,0
0,0,0,37816,36830,36516,0,29789,0
0,0,0,56955,56196,26565,16559,17873,0
0,0,0,24739,13871,54247,0,5957,0
0,0,0,63676,27275,16208,65109,0,0
0,0,0,55739,56615,30786,23573,0,0
0,0,0,12044,40249,1478,32751,0,0
0,0,0,15949,60884,48491,24306,0,0
0,0,0,443,59747,41289,40594,0,0
0,0,52482,47585,17925,63895,24625,0,0
0,16576,11107,40571,40905,52439,31628,53620,0
0,0,0,24819,12177,55462,0,41705,0
0,0,0,11482,53187,31953,0,29789,0
0,0,0,50723,18779,42366,25124,17873,0
0,0,0,42268,43332,28495,41350,5957,0
0,0,0,33498,55895,45840,0,0,0
0,0,0,25142,43120,46717,0,0,0
0,0,0,22447,4987,14103,0,0,0
0,0,0,61613,54967,32057,0,0,0
0,6582,20714,54168,6908,62255,0,0,0
0,4838,63664,60293,50318,10175,26850,0,0
0,54303,22079,62692,41753,37851,18298,0,0
0,0,0,61350,5337,26014,0,53620,0
0,0,0,48321,39496,62650,47437,41705,0
0,0,0,46865,11602,8952,0,29789,0
0,0,0,10297,53089,60159,62120,17873,0
0,0,0,24172,35466,45249,0,5957,0
0,0,0,61318,56555,61360,0,0,0
0,0,0,23471,61459,56216,35284,0,0
0,0,0,36151,9682,7546,12011,0,0
0,0,0,48336,54621,35056,0,0,0
0,0,0,48097,61573,18603,65437,0,0
0,0,0,24314,41887,16116,0,0,0
0,0,0,35869,1328,45626,2649,53620,0
0,0,0,30511,61965,61174,60991,41705,0
0,0,0,7275,26088,50673,9376,29789,0
0,0,0,51150,12811,56120,15803,17873,0
0,0,0,14004,52018,58094,0,5957,0
0,0,0,61073,19434,16737,6996,0,0
0,0,0,6591,19408,8174,23210,0,0
0,0,0,20527,11235,52169,0,0,0
0,0,0,38925,33570,29549,0,0,0
0,0,0,3645,51249,10480,51400,0,0
0,8320,15571,64941,44791,57155,40812,0,0
0,0,0,27947,14923,59875,0,0,0
0,0,0,42056,2541,24745,0,53620,0
0,0,0,62806,5332,44057,21761,41705,0
0,0,0,4369,41865,32631,239,29789,0
0,0,0,28897,22639,10998,0,17873,0
0,0,0,37722,23201,17821,61893,5957,0
0,0,0,22902,27862,42530,20449,0,0
0,0,0,23885,38646,59599,15536,0,0
0,0,0,8409,60429,33555,26482,0,0
0,0,0,30064,854,26178,0,0,0
0,0,0,13728,16042,33683,53584,0,0
0,0,0,35476,7417,59939,0,0,0
0,0,0,50407,577,30147,44490,53620,0
0,0,0,19056,4136,60721,21827,41705,0
0,0,0,42314,12047,5129,0,29789,0
0,0,0,61715,48527,51679,61927,17873,0
0,0,0,38581,44469,46734,0,5957,0
0,0,0,63460,47604,62296,18310,0,0
0,0,0,40676,28314,58935,18046,0,0
0,0,0,21868,2905,25325,0,0,0
0,0,0,62351,31471,28094,24074,0,0
0,0,0,21107,57208,61273,0,0,0
0,0,0,2999,26191,9141,19961,0,0
0,0,0,45526,38096,32245,15498,53620,0
0,0,0,26809,57015,31711,50107,41705,0
0,0,0,33539,48809,12896,20283,29789,0
0,0,0,13125,14678,3978,39697,17873,0
0,0,0,20056,29185,25102,0,5957,0
0,0,0,6053,20608,26015,0,0,0
0,0,0,486,34646,59190,0,0,0
0,0,0,49669,16982,32930,41589,0,0
0,0,0,54456,14377,3845,14878,0,0
0,0,0,30049,11633,14703,62335,0,0
0,0,0,46743,64352,5221,0,0,0
0,0,32113,50432,13674,57735,40614,0,0
0,0,14773,30591,18496,33947,63534,53620,0
0,0,18174,41178,12322,52459,0,41705,0
0,0,0,55459,27866,26182,38871,29789,0
0,0,0,45204,6889,39048,47300,17873,0
0,0,0,62835,14414,31876,0,5957,0
0,0,0,15881,65517,54774,34238,0,0
0,0,0,52378,42568,31403,0,0,0
0,0,0,3953,50344,56575,0,0,0
0,0,0,59955,44675,10541,53991,0,0
0,0,0,62442,39158,57247,50594,0,0
0,0,0,25775,15341,11593,0,0,0
0,0,0,12010,42195,13318,47462,0,0
0,0,0,54434,34484,28196,62470,53620,0
0,0,0,7975,41009,13084,6254,41705,0
0,55609,41426,62398,58597,0,14449,29789,0
0,17313,55316,17514,5572,21790,857,17873,0
0,9762,33609,59141,2991,53225,0,5957,0
0,20843,33279,9753,21271,27100,0,0,0
0,36614,31201,41689,61149,36181,0,0,0
0,19211,21317,12248,1353,27720,0,0,0
0,38296,28589,13417,3246,17332,18977,0,1
0,12062,19429,5912,61936,36706,48687,0,1
0,38397,45039,62969,60708,32569,0,0,0
0,31700,35396,15355,51436,7053,41488,53620,0
0,65009,37829,23688,40223,30889,255,41705,0
0,64151,34223,65259,47963,7402,1169,29789,0
0,32085,62440,64638,51031,52477,43659,17873,0
0,16271,54053,35148,64071,23478,0,5957,0
0,6143,36687,23027,57886,46972,53400,0,0
0,45553,8917,52321,54735,65412,0,0,0
0,6845,6663,29789,7733,46090,0,0,0
0,65111,18428,45861,35925,59698,0,0,0
0,0,0,29846,22220,35162,53107,0,0
0,0,0,42093,52277,25077,27562,0,0
0,0,64200,51550,61543,54926,42441,0,0
0,0,4662,25122,10338,10631,28603,53620,0
0,0,0,43478,48385,52143,0,41705,0
0,0,0,16928,4354,46174,32802,29789,0
0,0,0,12728,14299,57679,19828,17873,0
0,0,0,4344,21456,28928,0,5957,0
0,0,0,54568,33736,14325,32327,0,0
0,0,0,1861,42566,62791,64197,0,0
0,0,0,8703,41403,31463,14572,0,0
0,0,47741,55022,51039,49224,48284,0,0
0,43860,45989,64000,43264,53533,3201,0,1
0,17222,26535,0,50033,29196,0,0,1
0,35075,11786,0,50917,24493,1287,0,1
0,7093,17021,0,26991,60849,0,53620,1
0,2330,37065,12530,6037,60878,36144,41705,0
0,41068,48927,60129,55743,37323,17794,29789,0
0,33620,23677,18093,8845,21574,61749,0,0
0,34439,20727,52272,62283,44779,773,0,0
0,20598,62961,58547,26818,16972,0,0,0
0,20911,9128,49562,1722,39041,41449,0,0
0,50619,8844,32566,47082,64860,3121,0,0
0,0,0,2427,44636,26864,2971,0,0
0,0,0,45536,57867,22806,6317,0,0
0,0,0,41271,16686,22444,20248,53620,0
0,0,0,41122,12011,51124,0,41705,0
0,0,0,4929,21140,18985,0,29789,0
0,0,0,30588,9082,53356,0,17873,0
0,0,0,36590,52471,9530,0,5957,0
0,0,0,46766,35457,51185,10561,0,0
0,0,0,54109,7709,44589,24724,0,0
0,0,0,9139,46552,26476,0,0,0
0,0,0,1066,58279,5029,58580,0,0
0,0,0,48971,31967,33916,26418,0,0
0,0,0,12483,12570,16640,7911,0,0
0,0,0,4840,28777,20100,25432,0,0
0,0,0,53206,55997,16822,0,53620,0
0,0,0,62818,852,61188,0,41705,0
0,0,0,45963,38210,45025,3363,29789,0
0,0,0,23031,22483,48199,0,17873,0
0,0,0,16880,53951,16023,30380,5957,0
0,0,0,39646,10515,61411,18664,0,0
0,0,0,36584,44668,4501,0,0,0
0,0,0,27289,19494,60800,1683,0,0
0,0,0,61513,20676,57253,25825,0,0
0,0,0,23767,1608,5318,0,0,0
0,0,0,33816,45405,27617,50767,0,0
0,0,62477,65405,27843,35593,15466,53620,0
0,0,0,64389,28918,56040,0,41705,0
0,0,0,27160,30703,63156,1237,29789,0
0,0,0,3029,35763,14929,1059,17873,0
0,0,0,44821,21644,7073,16313,5957,0
0,0,0,39108,3731,648,0,0,0
0,0,0,61501,8658,13704,13934,0,0
0,0,0,29946,8227,38425,0,0,0
0,0,0,3820,50381,18079,40834,0,0
0,0,12404,16796,10634,23712,0,0,0
0,2076,12932,26200,35199,34666,9625,0,0
0,30198,50242,26553,15853,60964,11182,0,0
0,27152,19913,63547,9554,13717,27984,53620,0
0,0,37015,17160,4618,52410,0,41705,0
0,0,11656,42725,58508,12357,41514,29789,0
0,0,62241,62473,6455,30514,0,17873,0
0,0,24430,7617,37817,3191,46023,5957,0
0,0,33084,28078,46655,3539,9817,0,0
0,0,8574,40919,8445,38201,0,0,0
0,0,49960,6729,13090,50352,0,0,0
0,0,5776,6738,6187,65288,0,0,0
0,0,0,58248,7947,61030,176,0,0
0,0,0,44113,6329,51462,0,0,0
0,0,0,10459,39513,13743,0,0,0
0,0,0,725,545,47276,0,53620,0
0,0,0,49127,44540,14044,0,41705,0
0,0,0,37300,45992,43877,35936,29789,0
0,0,0,776,53201,42313,42783,17873,0
0,0,0,32454,31534,18559,0,5957,0
0,0,0,63743,8823,25401,3466,0,0
0,0,0,2474,64672,10050,12739,0,0
0,0,0,51497,27131,20813,0,0,0
0,0,0,57622,28529,26771,4120,0,0
0,0,0,33478,46108,62656,30909,0,0
0,0,0,44371,317,29931,0,0,0
0,0,0,58730,50415,39058,33774,53620,0
0,0,0,37617,5993,15792,0,41705,0
0,0,0,28870,10997,56803,47684,29789,0
0,0,0,45501,38627,37131,0,17873,0
0,0,0,50962,43740,16553,0,5957,0
0,0,0,28494,2192,18998,58392,0,0
0,0,0,52432,26419,9657,60343,0,0
0,0,0,18626,15348,60516,11319,0,0
0,0,0,48106,14768,47820,0,0,0
0,0,0,21653,41909,63927,0,0,0
0,0,0,15826,34912,7224,0,0,0
0,0,0,47821,21628,16082,0,0,0
0,0,0,61379,58594,19596,46261,53620,0
0,0,0,48180,10266,17149,62899,41705,0
0,0,0,42717,61293,17287,0,29789,0
0,0,0,61136,37436,41868,0,5957,0
0,0,0,55988,29138,48376,49251,0,0
0,0,0,52602,42672,9267,0,0,0
0,0,0,61655,48269,8528,21539,0,0
0,0,0,2705,61433,17751,31369,0,0
0,0,0,50081,28173,9905,44770,0,0
0,0,0,16884,34850,65233,0,0,0
0,0,0,23448,60967,64780,0,0,0
0,0,59530,43673,1926,30225,14878,53620,0
0,0,26519,53724,56550,1050,0,41705,0
0,0,0,32603,60417,25190,0,29789,0
0,0,0,38100,50416,61444,60820,17873,0
0,0,0,47550,64540,5060,1254,5957,0
0,0,0,37328,64925,41026,0,0,0
0,0,0,18958,11179,25802,0,0,0
0,0,0,9583,61253,4930,0,0,0
0,0,0,45698,1054,11388,44598,0,0
0,0,53903,24296,54998,26235,0,0,0
0,0,16426,55619,53325,64542,20718,0,0
0,0,45773,32673,42319,35709,0,0,0
0,0,54635,34182,57224,25975,21293,53620,0
0,0,58160,4160,5329,26895,0,41705,0
0,0,24411,24181,8193,50249,33541,29789,0
0,0,19468,52776,2336,9393,0,17873,0
0,0,29954,47108,45418,13172,42939,5957,0
0,0,52063,64081,30482,22517,0,0,0
0,0,44037,13322,38160,65256,1522,0,0
0,0,56865,14140,1354,40201,0,0,0
0,60791,39885,47095,55245,20589,0,0,0
0,8893,30421,18945,33043,22259,51506,0,0
0,11687,53771,41296,39210,40256,0,0,0
0,11172,1390,6730,11995,59496,31916,53620,0
0,40334,19881,27426,30429,58586,0,41705,0
0,43941,10848,55502,17029,6531,0,29789,0
0,0,0,44154,13785,12446,0,17873,0
0,0,0,47123,64727,14523,6074,5957,0
0,0,0,58117,36218,3777,22771,0,0
0,0,0,13097,19822,42002,46017,0,0
0,0,0,23198,37574,59986,49196,0,0
0,24606,48874,40978,60987,56150,31275,0,0
0,3057,9197,5542,57682,812,13252,0,0
0,0,14413,34940,48380,8784,0,0,0
0,0,3340,64132,4479,11150,7445,0,0
0,0,0,12547,38300,36222,46710,53620,0
0,0,0,13045,46832,15350,0,41705,0
0,0,0,5407,9022,12582,0,29789,0
0,0,0,47664,56357,4457,0,17873,0
0,0,0,9285,34213,20606,24975,5957,0
0,0,0,57323,26354,11277,0,0,0
0,0,0,5008,23502,7268,0,0,0
0,0,0,59609,37855,59380,0,0,0
0,0,0,45940,49883,44023,49667,0,0
0,0,0,34609,44118,43990,0,0,0
0,30991,53322,32489,54923,23473,34969,0,0
0,18274,2486,32268,22882,36509,24204,0,0
0,64678,22070,43282,60989,62634,30012,53620,0
0,9719,9997,29753,26301,48059,52795,41705,0
0,9174,23240,17219,51423,30579,6151,29789,0
0,35847,43577,40279,60419,38144,0,17873,0
0,19603,54884,49319,42477,33100,0,5957,0
0,10228,32884,41589,41969,41238,0,0,0
0,32170,1978,7306,9154,54941,0,0,0
0,64627,44913,24387,8124,42844,56503,0,0
0,49892,64940,27758,64131,8219,9034,0,0
0,60968,23978,36294,15818,25664,35760,0,1
0,47289,6173,62411,30439,58170,47157,0,0
0,20759,5355,60269,13369,54505,44182,53620,0
0,9421,23670,42556,34396,25967,38821,41705,0
0,54252,27335,11197,53153,6197,0,29789,0
0,54732,40379,5526,38358,15035,59941,17873,0
0,5116,9304,57524,1925,22048,60118,5957,0
0,30963,32847,50480,40868,52756,0,0,0
0,46196,15776,45301,13201,61769,35499,0,0
0,64385,24219,6932,42668,31923,0,0,0
0,0,236,53482,7217,31181,0,0,0
0,45353,5378,17181,44204,40204,52920,0,0
0,0,0,57380,58767,7034,0,0,0
0,0,0,49424,38383,58325,0,0,0
0,0,0,19853,47860,8548,46464,53620,0
0,0,0,30436,9536,59995,17723,41705,0
0,0,0,27160,7720,55134,0,17873,0
0,0,0,24252,62253,14149,40092,5957,0
0,0,0,45938,36721,8183,40593,0,0
0,0,0,63643,31728,47436,0,0,0
0,0,0,63670,54840,36741,31440,0,0
0,0,22654,44892,15425,5530,35907,0,0
0,56022,44048,47769,61160,40222,9057,0,0
0,24496,61464,42901,59513,59645,26342,0,1
0,47777,21517,40566,19761,10733,0,0,0
0,3143,22903,23917,22460,61941,49675,53620,0
0,0,0,8309,20844,34228,5761,41705,0
0,0,0,64442,61228,61750,43622,29789,0
0,0,0,60969,5934,57731,25199,17873,0
0,0,0,2237,30672,60977,49936,5957,0
0,0,0,56629,25763,3668,31315,0,0
0,0,0,11857,30169,38434,0,0,0
0,0,0,16701,32386,42704,16661,0,0
0,0,17378,40263,18860,33305,49887,0,0
0,5022,30702,36075,30950,41316,53054,0,0
0,20368,56010,14614,10240,52096,0,0,1
0,46525,37154,0,34366,46023,13254,0,1
0,27620,4260,31080,64282,26269,0,53620,0
0,63802,44478,25348,50222,56471,243,41705,0
0,54514,29201,54298,9066,15938,0,29789,0
0,0,0,62485,41087,43076,23896,17873,0
0,0,0,23726,14933,30131,0,5957,0
0,0,0,41332,8441,4793,6196,0,0
0,0,0,29542,4415,44838,0,0,0
0,0,0,51568,41712,35910,14925,0,0
0,0,0,37243,21074,21892,24259,0,0
0,0,0,46655,53232,51253,0,0,0
0,6702,63539,13206,3028,0,0,0,0
0,44036,46492,26495,34209,15201,62070,0,0
0,35577,25851,9895,59413,55926,0,53620,0
0,26696,21825,56641,2507,30715,0,41705,0
0,0,0,21885,17025,20994,58096,29789,0
0,0,0,34735,65357,18152,3154,17873,0
0,0,0,44428,28698,9443,38069,5957,0
0,0,0,11678,26399,20565,0,0,0
0,0,0,63161,56953,49668,0,0,0
0,0,0,1731,54857,53200,63973,0,0
0,0,0,45358,57002,34509,61884,0,0
0,0,17365,668,59126,52544,46236,0,0
0,0,0,35888,28254,25822,5704,0,0
0,0,0,20754,19351,22580,34695,53620,0
0,0,0,43691,30688,11459,25610,41705,0
0,0,0,5562,29161,4944,37183,29789,0
0,0,0,62666,12504,14008,0,17873,0
0,0,0,17676,55651,1966,0,5957,0
0,0,0,64979,36575,6472,0,0,0
0,0,0,59839,61192,59442,41950,0,0
0,0,0,43072,6891,54009,0,0,0
0,64695,35900,64309,1700,35168,0,0,0
0,41402,19544,42012,28601,1959,56305,0,1
0,3544,28082,52734,28222,52479,0,0,0
0,25772,44233,65530,62941,65253,0,0,1
0,0,0,51720,19736,0,49099,53620,0
0,0,0,47868,11239,44496,2481,41705,0
0,0,0,37391,31369,50633,21491,29789,0
0,0,0,15168,25843,6258,13686,17873,0
0,0,0,14175,48846,53583,0,5957,0
0,0,0,11948,62676,18192,49214,0,0
0,0,0,8171,23643,46915,47368,0,0
0,0,0,50818,22213,50961,0,0,0
0,0,0,13832,46649,45219,34075,0,0
0,0,0,14699,3519,16470,0,0,0
0,0,10061,44320,21096,9760,36905,0,0
0,11827,54929,20170,63423,13260,43109,0,0
0,29735,43946,55815,13590,2772,11738,53620,0
0,0,59666,57619,41134,46306,45480,41705,0
0,0,0,22106,7691,3856,46994,29789,0
0,0,0,36123,58019,40186,60936,17873,0
0,0,0,46109,51964,11832,0,5957,0
0,0,0,29741,11658,12223,0,0,0
0,0,0,64096,48547,58219,14934,0,0
0,0,0,54942,35946,20203,61568,0,0
0,0,0,27668,53696,32936,0,0,0
0,0,0,12239,18191,33250,36817,0,0
0,0,0,31261,55374,46899,10728,0,0
0,0,0,36375,21485,54974,11907,0,0
0,0,0,27932,30762,43443,39572,53620,0
0,0,0,23037,63768,26659,0,41705,0
0,0,0,3133,32311,61198,47418,29789,0
0,0,43800,8621,54168,50288,0,17873,0
0,0,0,38534,14960,52981,0,5957,0
0,0,0,39803,50253,13894,0,0,0
0,0,32804,41109,57229,26600,4947,0,0
0,0,20041,30069,36395,34232,64892,0,0
0,0,53834,46954,58126,23518,0,0,0
0,0,5688,12574,14912,9083,0,0,0
0,0,0,52108,5127,18035,0,0,0
0,0,0,7953,18970,55742,0,0,0
0,0,0,38885,13554,36615,5236,53620,0
0,0,0,33981,48199,14359,16213,41705,0
0,0,0,11935,13524,19923,0,29789,0
0,41933,60151,30568,14020,38442,3019,17873,0
0,60695,33887,11446,4996,23331,47300,5957,0
0,0,57756,50059,2734,27818,0,0,0
0,0,21574,57917,16842,46118,0,0,0
0,0,15796,18914,51850,58830,33294,0,0
0,0,0,45228,37942,52658,7882,0,0
0,9969,45951,55515,24159,23664,56860,0,0
0,0,0,59581,5977,50072,0,0,0
0,0,0,33467,42790,49874,36190,0,0
0,0,0,33388,28934,40120,2517,53620,0
0,0,0,52367,57595,61532,0,41705,0
0,0,0,64791,2097,29520,55885,29789,0
0,0,0,56077,29031,51766,52305,17873,0
0,0,0,40535,63741,7800,0,5957,0
0,0,0,22604,14599,22648,0,0,0
0,0,0,5202,48198,2757,61387,0,0
0,0,0,6268,715,64631,0,0,0
0,0,43524,2873,40796,0,3914,0,0
0,30078,6301,30076,28322,57284,61637,0,0
0,7899,27641,23011,62980,45462,12962,0,0
0,58186,18724,1173,41470,62573,0,0,0
0,19615,32523,60136,41085,56538,48964,53620,0
0,52412,26376,57038,28785,7955,62307,41705,0
0,28305,38382,33543,37881,60518,8383,29789,0
0,44516,33402,29373,10486,17521,1997,5957,0
0,17844,42433,31655,46222,48237,0,0,0
0,52119,59902,4716,9421,33283,38789,0,0
0,787,15513,1305,44426,12645,16308,0,0
0,28640,29263,50497,21871,61194,7800,0,1
0,29058,12144,27560,8266,44082,61277,0,0
0,44851,15613,58314,18959,41932,1279,0,0
0,59070,19596,22684,51940,18981,29718,53620,0
0,56698,19584,45008,52980,10268,24936,41705,0
0,51500,54688,33392,7261,11611,35411,17873,0
0,0,55964,50761,47742,57220,32998,5957,0
0,24748,33967,25079,58281,49812,0,0,0
0,65109,50149,65505,24763,10411,0,0,0
0,25648,49279,6901,14163,11953,0,0,0
0,54651,53443,45090,53960,35875,52919,0,0
0,6470,56762,64573,56579,6819,0,0,0
0,6718,13420,52260,48320,7776,3461,0,0
0,16570,26739,63409,56250,39071,62008,53620,0
0,0,30046,37681,28948,63436,57488,41705,0
0,0,33974,26591,44317,57001,0,29789,0
0,1595,17697,28381,6538,18628,0,17873,0
0,11601,2219,42272,13254,51245,41404,0,0
0,62862,7503,6352,13743,3584,26276,0,0
0,25162,44923,27523,39453,54550,0,0,0
0,12949,9095,889,32324,63508,18637,0,0
0,35104,12290,41538,45101,63438,49807,0,0
0,17589,27653,47441,48383,28238,0,0,0
0,11528,62794,17421,24596,59312,0,53620,0
0,42958,20019,15771,8902,17770,0,41705,0
0,0,0,26361,45392,52066,64956,29789,0
0,0,0,8437,4933,57099,57768,17873,0
0,0,0,3361,30614,52589,0,5957,0
0,0,0,19276,16020,63174,0,0,0
0,0,0,61842,55001,64129,0,0,0
0,0,0,22634,4930,8471,0,0,0
0,12338,47786,30753,53260,35602,0,0,0
0,8710,59602,33008,14527,32818,60670,0,1
0,63286,29708,7873,52601,25824,0,0,1
0,30895,33364,36727,44314,40562,22834,0,1
0,9501,36656,31896,25753,29809,27976,53620,0
0,0,0,37178,3775,64229,34546,41705,0
0,0,0,23302,9974,65341,15488,17873,0
0,0,0,38176,4202,1312,0,5957,0
0,0,0,6903,57837,5245,0,0,0
0,0,0,29356,26316,28305,0,0,0
0,0,0,58534,56417,3024,0,0,0
0,0,0,63297,52702,48492,13492,0,0
0,0,0,40369,59387,2697,0,0,0
0,0,0,49341,56561,60126,0,0,0
0,0,0,38826,50508,39570,44130,53620,0
0,0,0,61376,34506,20837,34226,41705,0
0,0,58110,32510,43665,43405,19262,29789,0
0,0,0,62414,16082,6638,0,17873,0
0,0,0,28638,60067,61833,0,5957,0
0,0,0,4737,57293,20531,59011,0,0
0,0,0,32729,32433,30240,0,0,0
0,0,25663,25073,64523,59112,686,0,0
0,0,11333,44977,49391,49583,54706,0,0
0,63473,16035,34308,20286,61177,38138,0,0
0,23500,47993,41089,25279,31232,0,0,0
0,57716,19146,36860,55073,44769,58555,0,0
0,0,18912,48785,10143,48783,41531,53620,0
0,0,53711,54005,22260,14367,14182,41705,0
0,0,38216,27445,38882,30682,46934,29789,0
0,0,61422,23497,65013,58326,1963,17873,0
0,0,22004,584,19579,57061,58546,5957,0
0,0,0,10839,12989,60328,25235,0,0
0,0,0,21224,51963,32842,505,0,0
0,0,0,43399,15603,44613,0,0,0
0,53983,25460,5738,48624,10919,27485,0,0
0,25652,49148,1517,16144,23004,46602,0,0
0,0,0,26600,4163,3490,0,0,0
0,0,0,29639,18833,33145,19993,53620,0
0,0,0,1599,11733,33973,0,41705,0
0,0,0,21926,7559,63412,0,29789,0
0,0,0,26600,53072,34534,0,17873,0
0,0,0,49403,19316,43986,0,5957,0
0,0,0,51998,27702,63922,63716,0,0
0,0,0,55649,25916,59184,23263,0,0
0,0,0,37451,50209,45087,46442,0,0
0,0,0,22922,24755,23648,58643,0,0
0,0,0,24205,23700,33994,57818,0,0
0,0,0,22323,22318,1558,46201,0,0
0,0,0,22203,25482,13479,0,53620,0
0,0,0,63105,3297,58041,6412,41705,0
0,0,0,50795,7347,9624,0,29789,0
0,0,0,42690,57857,20162,61332,17873,0
0,0,0,35725,33966,32286,0,5957,0
0,0,0,5577,9993,24596,0,0,0
0,0,0,19885,57184,14808,0,0,0
0,0,0,27368,22767,62416,0,0,0
0,0,0,7287,48380,55830,0,0,0
0,0,0,1916,12063,45752,0,0,0
0,0,0,22988,21916,37311,65165,0,0
0,45142,9014,47227,1874,54221,0,0,0
0,61931,29387,45343,20257,63435,51851,53620,0
0,0,11478,10716,11745,13120,62158,41705,0
0,0,30704,48034,22301,9974,3715,29789,0
0,0,24100,49607,49651,40905,0,17873,0
0,0,47881,15883,45403,59946,10254,5957,0
0,0,52561,60134,39617,29094,0,0,0
0,0,48822,50706,19210,29471,35361,0,0
0,0,4825,46424,36430,52977,14049,0,0
0,0,24606,28181,41024,59875,8172,0,0
0,0,0,6678,5229,43473,52444,0,0
0,0,0,9959,32215,53091,0,0,0
0,0,0,30393,4374,45287,28478,0,0
0,0,0,18578,63017,35033,0,53620,0
0,0,0,57836,45987,41370,37443,41705,0
0,0,0,44752,30935,62376,7551,29789,0
0,0,0,35943,2544,57775,28753,17873,0
0,0,0,28733,11848,27204,49702,5957,0
0,0,0,61258,38189,58495,0,0,0
0,0,0,37156,5941,26408,0,0,0
0,0,0,739,55017,17089,65065,0,0
0,54083,38136,34014,50133,58118,17232,0,0
0,26050,42239,31292,56810,65344,29912,0,0
0,4024,59685,7111,51028,19359,0,0,0
0,2288,51941,37602,15407,8475,0,0,0
0,38948,47437,65366,64804,19642,1510,53620,0
0,15683,40930,40604,12266,43562,0,41705,0
0,1159,63853,2408,7664,22827,0,29789,0
0,0,0,45258,52677,34260,50830,17873,0
0,0,0,14262,45817,22118,18902,5957,0
0,0,0,19765,20591,43259,53186,0,0
0,0,0,63846,23477,37374,41211,0,0
0,17661,54126,16306,18732,54106,33644,0,0
0,28031,9566,50915,27017,39303,14672,0,0
0,64164,33506,24343,19610,41283,5664,0,0
0,37490,13370,59783,1279,64857,0,0,0
0,8121,51736,47772,5356,42911,32063,0,0
0,0,0,27206,42012,61648,64305,53620,0
0,0,0,43463,24942,33642,7718,41705,0
0,0,0,6316,17568,24306,11977,29789,0
0,0,0,16213,16961,33728,0,17873,0
0,0,0,43084,3371,49959,6154,5957,0
0,0,0,59615,24625,30647,30093,0,0
0,0,0,44727,41513,55637,0,0,0
0,0,0,44137,55044,61515,0,0,0
0,36497,58345,26714,3900,27010,23897,0,0
0,38712,20932,16039,1688,60764,52361,0,0
0,57996,54705,23505,57219,16848,0,0,0
0,0,0,10337,19477,25609,0,0,0
0,56395,62623,52646,51529,37139,25040,53620,0
0,0,0,60042,16901,45716,8015,41705,0
0,0,0,657,26448,14656,27946,29789,0
0,0,0,56757,789,1275,31998,17873,0
0,0,0,21033,45502,29230,30587,5957,0
0,0,0,37830,32098,63641,0,0,0
0,0,0,45797,10171,43720,0,0,0
0,0,0,48293,39125,29491,0,0,0
0,0,0,3869,6131,25163,0,0,0
0,0,0,36979,11994,5604,55467,0,0
0,0,0,59547,41938,5836,0,0,0
0,0,0,9960,612,36582,0,53620,0
0,0,0,54892,61775,52253,0,41705,0
0,0,0,51651,33179,27109,0,29789,0
0,0,0,18009,22328,15558,32700,17873,0
0,0,0,53694,6378,47009,0,5957,0
0,0,0,34554,3295,10132,0,0,0
0,0,0,20112,40863,21001,0,0,0
0,0,0,20009,42307,1584,63192,0,0
0,0,0,57768,8887,17149,0,0,0
0,20700,50865,60682,29218,3012,17746,0,0
0,0,43092,60882,47288,11546,0,0,0
0,21856,8959,44915,38471,34563,14069,0,0
0,0,23039,60093,1557,22538,30025,53620,0
0,0,0,59907,13409,2972,38825,41705,0
0,0,0,53804,22896,47925,0,29789,0
0,0,0,47546,64390,22862,0,17873,0
0,0,0,50887,1917,38531,0,5957,0
0,0,0,26103,43737,45091,0,0,0
0,0,0,59244,41946,45743,1240,0,0
0,0,0,56774,65334,37205,56975,0,0
0,0,45387,62924,59867,32224,10571,0,0
0,35225,26813,41415,63865,57849,58765,0,0
0,0,0,53429,24800,11635,29723,0,0
0,0,0,37505,32593,14717,59499,0,0
0,0,0,41330,8293,25663,9490,53620,0
0,0,0,7544,14814,24422,0,41705,0
0,0,34905,14288,36620,27922,42908,29789,0
0,28496,27787,35892,27750,31822,2211,17873,0
0,30375,54890,61902,12289,30391,26691,5957,0
0,36129,19314,23356,35315,37189,41972,0,0
0,27372,8027,55489,49108,33956,0,0,0
0,53298,45330,886,17704,46938,47633,0,0
0,54086,34167,65216,13648,7298,55279,0,0
0,61465,28599,0,6771,39169,21480,0,0
0,41404,40091,1198,46713,31783,24517,0,0
0,14518,40671,18372,38012,34958,27453,0,0
0,31036,47985,25223,55434,31694,623,53620,0
0,64430,37756,58552,48342,14645,0,41705,0
0,49044,1257,21687,54154,5346,56171,29789,0
0,6424,35815,20015,11798,18792,4899,17873,0
0,22019,63562,56813,49932,56185,0,0,0
0,83,13194,50003,34765,47177,0,0,0
0,23436,43547,11845,21246,50727,0,0,0
0,51721,62525,47995,19276,3596,30505,0,0
0,10996,30078,28042,19799,58743,0,0,0
0,42524,1278,0,24853,14592,49355,0,0
0,46320,6039,0,14289,54101,60187,53620,1
0,62049,18079,40493,33104,9851,0,41705,0
0,39398,34833,43782,9224,36607,51226,29789,0
0,53595,45974,12158,5757,26158,0,17873,0
0,7216,52562,30542,44053,26516,34274,5957,0
0,12231,11976,13453,1475,44296,0,0,0
0,36775,64257,59360,33087,55394,14788,0,0
0,15806,46707,23491,15071,43057,52072,0,0
0,55545,44139,24211,20895,44383,8473,0,0
0,61453,18809,0,10276,64034,48698,0,1
0,269,33288,0,3223,55577,0,0,1
0,40160,15052,403,39070,18775,57561,0,0
0,35534,16818,45932,26322,7156,2058,53620,0
0,48006,53716,56668,49096,52967,43049,41705,0
0,0,15737,33274,14069,20031,4533,29789,0
0,0,31806,14846,13565,63805,0,17873,0
0,38041,45901,33725,27319,50347,0,5957,0
0,39271,19053,59704,25947,56309,0,0,0
0,49499,7359,25099,64367,12028,45301,0,0
0,30460,29286,16388,52831,3323,49200,0,0
0,50972,57625,48208,33085,45352,36800,0,0
0,39135,11868,0,34534,17723,11056,0,1
0,6539,13708,0,57125,11291,55978,0,1
0,16492,13932,56844,20779,21314,0,0,0
0,1136,61689,12886,51745,46961,0,53620,0
0,29800,2256,12355,17715,26205,0,41705,0
0,36362,3908,27519,23520,37488,0,29789,0
0,42965,20450,0,63952,30745,0,17873,0
0,18177,16994,6620,58114,16026,0,5957,0
0,22896,37352,0,27101,52536,0,0,0
0,21086,13055,0,8283,47958,25241,0,0
0,17856,34943,0,56209,59055,61281,0,0
0,43166,52656,0,7130,4017,48070,0,0
0,17918,34315,0,6792,31222,36836,0,1
0,30745,7203,0,26286,56138,0,0,1
0,39284,18085,0,16239,19012,0,0,1
0,40652,44499,48294,42959,6727,33477,53620,0
0,40411,25443,57888,42324,3556,65235,41705,0
0,36147,15019,55991,60483,53078,0,29789,0
0,0,0,29466,1732,0,36602,17873,0
0,0,0,42701,24042,6276,0,5957,0
0,0,0,43583,11297,24269,0,0,0
0,0,0,12841,35793,10718,0,0,0
0,0,0,6320,35481,32555,0,0,0
0,0,0,24474,34281,15284,0,0,0
0,11749,20213,56518,17278,43729,0,0,0
0,0,38493,46292,20044,1381,0,0,0
0,0,0,57875,41151,0,48570,0,0
0,0,0,49029,5398,22811,55016,53620,0
0,0,0,31808,26060,5925,57030,41705,0
0,0,0,23284,53871,13003,31326,29789,0
0,0,0,35308,1437,3305,0,17873,0
0,0,0,43252,57080,39261,0,5957,0
0,0,0,1237,46956,24107,21354,0,0
0,0,0,40082,31626,3104,0,0,0
0,0,0,38190,51926,43688,26302,0,0
0,0,0,63906,51882,9516,56266,0,0
0,50295,0,42149,12483,11535,16349,0,0
0,0,0,28032,44658,5004,0,0,0
0,0,0,24388,20951,28550,14119,0,0
0,0,0,33454,6028,56586,21902,53620,0
0,0,0,23124,23999,32243,17485,29789,0
0,0,0,22641,12095,56249,0,17873,0
0,0,0,24710,63037,49461,9933,5957,0
0,0,0,46680,8759,9900,0,0,0
0,0,0,18176,34871,38769,31284,0,0
0,0,0,47106,41512,51747,25825,0,0
0,0,0,16161,56926,16316,0,0,0
0,0,0,31742,7125,22579,1130,0,0
0,0,0,37864,390,31681,0,0,0
0,0,0,27864,52462,29347,0,0,0
0,0,0,57911,54360,28709,0,53620,0
0,0,0,15548,56037,25903,0,41705,0
0,0,0,7801,4733,7266,62404,29789,0
0,0,0,50907,58322,61563,0,17873,0
0,0,0,35634,21169,15287,0,5957,0
0,0,0,50575,60268,5894,3052,0,0
0,0,0,16311,58388,1920,0,0,0
0,0,0,53007,46055,64378,0,0,0
0,0,0,62666,52855,3630,42875,0,0
0,0,31022,55370,49827,62669,4967,0,0
0,48376,59706,29265,48640,16139,31776,0,0
0,0,0,22476,63118,33952,0,0,0
0,0,0,21496,39085,24604,23225,53620,0
0,53787,62474,54340,55642,8961,11835,41705,0
0,12561,45122,10088,64684,58192,0,29789,0
0,20628,62898,55484,7028,52838,64374,17873,0
0,14889,1632,50360,49690,44572,27385,5957,1
0,8038,55799,55217,28810,26856,0,0,0
0,9926,54990,47171,30108,27000,6845,0,0
0,27650,11458,57571,7950,48459,0,0,0
0,37622,7490,0,26230,20278,0,0,1
0,9158,61892,0,31771,59408,28550,0,1
0,51160,31195,54178,10936,57338,0,0,0
0,2155,16522,2393,58494,16728,18406,0,0
0,48136,50977,43075,32489,32918,45193,53620,0
0,3298,18858,36812,11809,25821,0,41705,0
0,29830,27768,26610,25191,30716,17082,29789,0
0,23219,42526,16973,61309,21620,56410,17873,0
0,36567,41954,22536,61510,37619,21497,5957,0
0,36807,35157,3107,38451,6757,1560,0,0
0,47008,64431,62557,2789,56207,0,0,0
0,59037,1106,0,45434,26009,15210,0,1
0,10561,24584,0,29423,63858,18275,0,1
0,1501,28669,10908,6713,55451,44738,0,0
0,54460,60859,55679,33808,14406,32719,53620,0
0,58332,50381,34673,19415,52490,36038,41705,0
0,45145,8988,36100,33276,55538,0,29789,0
0,50289,20339,62743,55503,57625,33643,17873,0
0,26495,44360,40612,21696,44849,57265,5957,1
0,18915,1747,521,57112,50086,0,0,1
0,24197,21075,12393,64898,42746,24825,0,1
0,58609,28149,51856,59389,17762,1790,0,0
0,41621,59748,39520,43761,11872,0,0,0
0,12222,4575,3227,4515,22016,53291,0,0
0,19057,3469,8910,56683,52987,20253,0,0
0,26468,4102,12097,34257,57157,26796,0,0
0,34687,47498,34392,51649,18645,44357,53620,0
0,707,11112,23155,57470,2470,60318,41705,0
0,10085,37632,18086,59455,38738,60372,29789,0
0,28554,14691,31665,25412,26030,0,17873,0
0,58955,32657,64430,9948,7556,5888,5957,1
0,34331,14788,35421,37698,39049,0,0,1
0,30940,57301,27401,5944,56997,0,0,1
0,24830,14930,8057,40489,58395,26279,0,0
0,36897,8152,0,44366,63958,10996,0,0
0,46812,21642,0,34878,44641,30610,0,1
0,52751,58276,0,52177,8312,64876,0,1
0,13875,15000,37693,64560,13786,0,0,1
0,53834,29592,30898,54387,42065,18247,53620,0
0,20527,56212,28569,19469,20470,21949,41705,0
0,33296,5711,18520,14233,12349,0,29789,0
0,38825,26220,47233,10102,42063,0,17873,0
0,3069,36963,57271,37601,35806,17456,5957,0
0,46195,34340,36071,32449,7939,49595,0,0
0,15714,10948,54119,13403,47727,0,0,0
0,55578,57684,27755,24245,48973,33334,0,0
0,19441,49444,34008,4086,36812,57609,0,0
0,17689,33951,18783,57932,12893,62721,0,0
0,0,12865,61486,5568,12536,33525,0,0
0,0,0,56654,16306,29967,32892,0,0
0,0,47385,47312,33934,58036,0,53620,0
0,3679,56051,10684,2807,65361,40343,41705,0
0,30479,5629,3916,26300,58027,8921,29789,0
0,21260,43926,17873,28370,44094,10775,17873,0
0,29132,12466,35879,3156,36476,0,5957,0
0,6775,62393,15086,49129,40669,13600,0,0
0,34780,49264,6809,22632,62459,0,0,0
0,51850,34348,11064,57605,27608,64607,0,0
0,13136,27560,19835,18759,40482,48424,0,0
0,15130,41287,22750,4076,34956,0,0,0
0,6744,697,58914,42364,8746,18011,0,0
0,23555,32562,14165,42707,4683,0,0,0
0,1965,26798,37149,48615,8029,54529,53620,0
0,47940,42535,22685,55458,17936,51899,41705,0
0,11546,63865,11519,39423,1574,28764,29789,0
0,35986,7547,49348,56987,27556,46293,5957,0
0,8011,51734,38679,22329,62494,0,0,0
0,60901,43577,165,52340,7716,64038,0,0
0,35657,10142,53602,15331,36589,24928,0,0
0,6360,51734,33163,33094,14766,0,0,0
0,21057,38126,26030,6335,41190,28097,0,0
0,0,28704,52883,23950,14591,50043,0,0
0,0,8766,46651,19164,32231,44126,0,0
0,0,36885,3137,37755,11770,0,53620,0
0,0,63530,25508,6197,31283,0,41705,0
0,0,12550,50325,57001,59550,0,29789,0
0,0,43747,17305,63676,59619,0,17873,0
0,0,55873,50419,46042,43763,0,5957,0
0,40790,19855,45400,17269,5610,0,0,0
0,64530,24258,28587,3380,6427,35360,0,0
0,29984,12309,11037,60493,41352,0,0,0
0,21714,49311,58826,18418,43413,64799,0,0
0,23893,32077,13774,18796,8364,0,0,0
0,56446,21281,55758,63960,2271,0,0,0
0,54897,22006,30921,52568,33079,0,0,0
0,21210,61750,21914,29822,53939,0,53620,0
0,53202,38139,14013,42324,6671,32707,41705,0
0,49527,51699,22994,49693,29587,0,29789,0
0,17532,38179,5267,45,12406,0,17873,0
0,51122,22640,54857,41875,12531,30745,5957,0
0,17564,50619,30641,49195,40634,0,0,1
0,4536,4053,24912,17383,25590,0,0,0
0,51729,33697,9247,63800,27524,0,0,0
0,25150,1715,45901,3266,28140,0,0,0
0,0,24777,29271,20410,62845,42971,0,0
0,0,0,25557,62837,0,4255,0,0
0,56907,59438,46578,48902,3586,7671,0,0
0,0,34153,35349,14999,0,0,53620,0
0,0,0,22696,57525,40463,1496,41705,0
0,0,0,13513,51406,34700,58509,29789,0
0,0,2897,51698,38871,48970,0,17873,0
0,0,0,28876,20690,5583,0,5957,0
0,0,0,54381,41110,993,52705,0,0
0,0,0,8965,52874,4719,52467,0,0
0,0,29081,13212,14740,50987,60375,0,0
0,60636,36403,14173,61583,24033,43622,0,0
0,43795,60587,6363,27737,61013,18917,0,0
0,34540,36971,0,48937,0,20236,0,1
0,10508,811,0,53965,61048,60299,0,1
0,4371,5741,0,59004,24339,0,53620,1
0,0,10885,12457,25741,0,44499,41705,0
0,0,0,27017,60471,0,37802,29789,0
0,0,16064,25067,10664,37010,7235,17873,0
0,0,24039,8390,45893,51960,0,5957,0
0,0,40282,5459,62814,27978,0,0,0
0,0,0,30033,53720,40239,0,0,0
0,0,58286,12102,57470,13176,0,0,0
0,32149,1181,10633,39831,5845,37964,0,0
0,0,0,26328,52890,4691,0,0,0
0,0,47951,8969,28756,0,1200,0,0
0,0,0,48088,59049,62957,47739,29789,0
0,0,0,7323,35163,39335,15105,17873,0
0,0,0,36832,44923,17469,0,5957,0
0,0,0,45593,25497,19116,0,0,0
0,0,0,788,60164,6686,15118,0,0
0,0,0,30471,6150,41394,43373,0,0
0,0,0,63167,25531,14583,53735,0,0
0,10476,10280,39470,5151,8384,22548,0,0
0,63475,58524,24404,54322,47754,0,0,0
0,29403,63974,18337,30883,19793,0,0,0
0,0,0,41292,29145,6864,0,53620,0
0,0,0,46761,25604,9038,23779,41705,0
0,0,0,4331,52491,31938,37595,29789,0
0,0,0,58843,43818,58795,2113,17873,0
0,0,0,58555,35336,39293,0,5957,0
0,0,0,32722,29205,33961,0,0,0
0,0,0,34206,21091,62205,23434,0,0
0,0,0,43286,35951,65252,0,0,0
0,0,0,11273,13982,45735,2749,0,0
0,0,0,34274,24539,29031,0,0,0
0,0,0,37425,20183,39124,56654,0,0
0,0,0,21838,2008,40335,48956,0,0
0,0,0,40985,41819,20274,39746,53620,0
0,0,22636,63850,1346,35117,0,41705,0
0,0,0,40257,57189,15028,0,29789,0
0,0,0,3922,35154,46282,0,5957,0
0,0,53910,31499,5158,10932,0,0,0
0,0,48471,9581,42454,57737,24357,0,0
0,0,33952,18994,31984,65260,34565,0,0
0,21604,30603,42483,55119,57495,60763,0,0
0,14696,37661,29013,32018,15412,0,0,0
0,49723,31897,49536,42382,688,47911,0,0
0,12732,59619,7597,18144,27713,0,53620,0
0,15036,56765,6520,7382,18355,48199,41705,0
0,0,0,60996,20296,33927,0,29789,0
0,0,0,49104,32014,34414,7964,17873,0
0,0,0,14845,36170,51687,50628,5957,0
0,0,0,33977,63033,44635,0,0,0
0,0,0,57237,9571,29744,0,0,0
0,0,0,42245,18162,25743,56353,0,0
0,0,0,45598,49661,55270,0,0,0
0,0,44824,37179,11143,4702,53845,0,0
0,0,45796,6807,7866,30968,0,0,0
0,0,0,27286,54635,34956,0,0,0
0,0,0,61667,6696,62147,28619,53620,0
0,0,0,5465,51423,61542,18641,29789,0
0,0,0,52824,44566,4904,0,17873,0
0,0,0,45244,56517,37440,46241,5957,0
0,0,0,5387,27511,24518,0,0,0
0,0,65283,52161,7306,25857,0,0,0
0,0,36173,33714,45316,35996,0,0,0
0,0,29983,6664,38764,12936,14290,0,0
0,37798,6569,699,43108,33159,0,0,0
0,62238,64018,242,58252,59112,55540,0,0
0,5299,3714,14010,13803,55018,59487,0,0
0,25101,13283,0,46687,40733,0,53620,0
0,57624,17843,30864,55000,53701,0,41705,0
0,0,0,11056,40341,33683,7202,29789,0
0,0,0,46112,49119,34548,57736,17873,0
0,0,0,34687,32397,42246,4184,5957,0
0,0,45562,60320,51036,55315,8218,0,0
0,0,0,28184,20147,64733,0,0,0
0,0,0,5007,21465,64185,0,0,0
0,65079,29877,21672,2154,17030,28350,0,0
0,16968,10515,0,17813,2754,12686,0,0
0,1964,61080,0,48650,27825,0,0,0
0,47877,28990,9950,10017,58622,36992,53620,0
0,50917,33832,7456,47667,9441,34255,41705,0
0,18505,43834,6016,13116,30012,0,29789,0
0,0,0,39688,33192,5898,43447,17873,0
0,0,0,37303,4598,46483,2733,0,0
0,0,0,50488,43028,59909,52542,0,0
0,0,0,58302,8874,7614,0,0,0
0,17378,64591,60438,18089,23360,60756,0,0
0,10352,53382,0,7701,33609,51461,0,1
0,15595,47202,0,34458,3357,30513,0,1
0,49522,48750,0,19502,10255,0,53620,1
0,53040,35253,8284,23763,7612,12107,29789,1
0,36814,50895,0,43835,18073,0,17873,1
0,19060,3215,0,3321,30571,10251,5957,1
0,64931,25933,0,51130,2799,0,0,1
0,32091,29898,0,7068,59623,0,0,1
0,9425,42346,0,3079,23244,2180,0,1
0,36246,35204,0,53485,34612,0,0,1
0,51010,25080,0,658,44923,27715,0,1
0,51000,27964,0,38383,55250,0,53620,1
0,3508,36584,0,54082,33533,8193,29789,1
0,20601,29209,0,1165,51377,0,17873,1
0,22624,1347,0,38734,20428,0,5957,1
0,35524,29477,0,49824,58535,0,0,1
0,61737,27879,0,45047,39348,0,0,1
0,2871,62301,0,39770,20370,2109,0,1
0,2315,12499,0,62721,59648,0,0,1
0,29664,38132,0,59195,10688,0,0,1
0,0,0,53339,63124,47555,2415,41705,0
0,0,0,8483,25343,35670,46569,29789,0
0,0,0,2394,51263,1576,0,17873,0
0,0,0,13265,18128,32727,0,5957,0
0,0,0,56665,2222,24240,0,0,0
0,0,0,32939,31797,6901,37974,0,0
0,0,0,24920,64050,1342,52847,0,0
0,0,0,63860,18971,53492,0,0,0
0,0,0,16288,12389,2730,62993,53620,0
0,0,0,18265,57426,19154,28700,41705,0
0,0,0,24838,36968,10983,0,17873,0
0,0,0,65503,3501,27466,0,5957,0
0,0,0,26310,16116,6845,28588,0,0
0,0,0,38401,31503,31810,0,0,0
0,0,0,54409,27332,42144,0,0,0
0,0,0,38594,28143,32824,46578,0,0
0,0,0,22804,25952,21491,613,0,0
0,0,0,6717,60023,22267,0,0,0
0,0,0,25680,33564,39833,29578,0,0
0,0,0,42792,52122,8253,22912,41705,0
0,0,0,54330,54403,32999,33099,29789,0
0,0,0,42619,19102,10557,0,17873,0
0,0,0,35239,24050,39055,0,5957,0
0,0,0,28422,6293,41452,0,0,0
0,0,0,15731,61863,520,27447,0,0
0,0,0,3493,50987,65370,36688,0,0
0,0,0,51403,9521,5359,0,0,0
0,0,0,16800,26043,15369,117,0,0
0,0,0,3303,61687,14029,54703,0,0
0,0,0,37507,40908,48953,0,0,0
0,0,0,56632,48040,12279,15596,53620,0
0,0,0,25461,8569,64944,20912,41705,0
0,0,0,12708,1975,18247,0,29789,0
0,0,0,38263,5627,4490,0,17873,0
0,0,0,65417,65236,42420,0,5957,0
0,0,0,38366,60534,20746,51222,0,0
0,0,0,58926,62419,40650,0,0,0
0,0,0,56881,4203,17309,28865,0,0
0,0,0,50604,13357,19885,0,0,0
0,0,30494,40903,62027,30313,12506,0,0
0,0,12559,3855,42996,1187,3769,0,0
0,0,0,51957,39778,61141,58326,0,0
0,0,0,55453,8955,33258,44094,53620,0
0,0,0,1211,50035,42718,0,41705,0
0,0,0,10026,37268,30381,2552,29789,0
0,0,0,9794,63488,27013,6348,17873,0
0,0,0,51973,31250,24713,19661,5957,0
0,0,0,57139,40100,36521,29469,0,0
0,0,0,20739,27917,35790,0,0,0
0,0,0,39147,29411,3490,0,0,0
0,0,0,54723,22933,539,62276,0,0
0,63220,17072,44880,56415,60167,31950,0,0
0,23815,43510,25105,2882,21468,52473,0,0
0,0,16431,55812,11383,55559,32526,0,0
0,0,47857,14222,47570,3771,7159,41705,0
0,0,41792,43894,38876,57146,13645,29789,0
0,0,0,21438,14686,18730,59423,5957,0
0,0,0,37939,6817,27685,0,0,0
0,0,65379,49451,25337,35622,27404,0,0
0,0,24361,57746,53252,54500,55071,0,0
0,0,60979,56232,14766,20640,27897,0,0
0,0,55317,57841,31208,17041,0,0,0
0,0,28406,28806,33461,34648,45585,0,0
0,0,0,22766,26503,64121,16895,0,0
0,0,0,9352,48837,33217,32072,53620,0
0,0,0,53280,30876,57128,5873,41705,0
0,0,0,17461,6208,52953,814,29789,0
0,0,0,50670,39589,30610,0,17873,0
0,0,0,4686,16860,18748,0,5957,0
0,0,0,1145,3349,53866,0,0,0
0,0,0,8761,20488,11960,30550,0,0
0,0,0,39602,51575,48253,0,0,0
0,61905,15031,54469,8237,59700,0,0,0
0,45582,8566,46196,9989,33076,30257,0,0
0,0,0,6851,42107,18366,4115,0,0
0,0,0,64311,10724,58182,0,0,0
0,0,0,28715,5414,28539,54049,53620,0
0,0,0,38352,58,27804,16819,41705,0
0,0,0,47669,2588,18399,57700,29789,0
0,0,0,60966,26939,8122,0,17873,0
0,0,0,39168,14969,48472,0,5957,0
0,0,0,20080,10119,47472,905,0,0
0,0,0,26498,3425,51903,52240,0,0
0,0,0,39635,19370,51265,33993,0,0
0,0,0,8640,44664,40893,0,0,0
0,0,0,60212,9107,31684,3719,0,0
0,0,0,48097,4017,62731,0,0,0
0,0,0,48881,37091,30178,45775,53620,0
0,0,0,43413,36229,64149,5207,41705,0
0,0,0,52967,10478,50345,11936,29789,0
0,0,0,5008,57622,59111,60191,17873,0
0,0,0,44321,20921,20532,0,5957,0
0,0,0,33159,31018,32287,0,0,0
0,0,0,51004,46244,20276,53267,0,0
0,0,0,27532,23757,27013,3855,0,0
0,0,0,41253,47579,27299,59993,0,0
0,0,0,51163,42947,50010,0,0,0
0,0,0,17033,50080,15110,27733,0,0
0,0,0,34333,2275,6571,0,0,0
0,0,0,13018,18342,39287,52341,53620,0
0,0,0,59718,50309,43623,0,41705,0
0,0,0,31531,24001,43999,0,29789,0
0,0,24461,41553,25941,40967,40151,17873,0
0,0,37084,16575,15809,44494,16392,5957,0
0,0,38627,46920,14067,10777,0,0,0
0,0,49115,42299,26287,35786,0,0,0
0,0,26431,25399,10730,57799,14373,0,0
0,0,0,1321,19705,41767,0,0,0
0,0,11738,25573,40883,16387,59359,0,0
0,35967,38534,45469,56711,32621,18701,0,0
0,22254,5808,7626,36398,17127,0,0,0
0,45013,35131,57358,42704,8158,47112,53620,0
0,34888,34775,31234,27261,62836,41892,41705,0
0,0,8308,55976,11907,26053,0,29789,0
0,0,0,59519,21342,24979,58198,17873,0
0,0,0,14962,55378,9981,39452,5957,0
0,0,0,12987,24356,27020,11760,0,0
0,0,0,40493,37315,18478,49894,0,0
0,0,0,33462,38995,58807,48470,0,0
0,0,2626,20223,3895,64906,27270,0,0
0,0,36936,40896,29728,43813,43911,0,0
0,0,0,51534,57960,12106,0,0,0
0,0,0,64919,15981,27911,0,0,0
0,0,0,5313,58980,29391,35449,53620,0
0,0,0,4103,11269,39018,61789,41705,0
0,0,0,64757,45470,15916,9836,29789,0
0,0,0,20277,30480,28965,36129,17873,0
0,0,0,17977,27090,13964,0,5957,0
0,0,0,23545,56756,44068,7893,0,0
0,0,0,34044,4399,37820,18072,0,0
0,0,0,33177,33577,3253,386,0,0
0,0,0,25592,5619,62898,6513,0,0
0,0,36823,8081,50248,10965,38018,0,0
0,14391,63464,38340,19668,44162,40077,0,0
0,18752,3519,55007,31711,55620,41433,0,0
0,44918,10248,38913,40980,59782,15061,53620,0
0,24702,39942,27576,41783,683,0,41705,0
0,0,15500,6966,2860,18092,19167,29789,0
0,10154,30778,5315,16504,36750,0,17873,0
0,0,0,27631,61166,43675,0,5957,0
0,0,0,20333,47752,64625,39429,0,0
0,0,0,39832,50222,60120,40543,0,0
0,0,0,32612,27291,9712,0,0,0
0,0,0,32685,34368,34101,0,0,0
0,0,0,6578,37675,11334,0,0,0
0,0,0,3686,40547,34833,52953,0,0
0,0,0,53257,61491,56956,43035,0,0
0,0,19487,15581,40043,22553,26238,53620,0
0,0,22806,64038,60864,30652,26471,41705,0
0,0,44306,10710,57167,13139,17511,29789,0
0,0,9828,56087,50519,39887,24613,17873,0
0,0,0,18481,51983,43215,43857,5957,0
0,0,0,14354,51165,47995,10169,0,0
0,0,0,6153,54218,47680,4350,0,0
0,0,41090,20592,36736,65027,34267,0,0
0,13492,21804,46943,29081,30737,25720,0,0
0,21153,7832,64428,19471,56967,32882,0,0
0,0,0,54409,18516,15817,0,0,0
0,0,0,18124,27530,65359,33164,0,0
0,0,0,8763,37656,45173,46715,53620,0
0,0,0,59955,28785,42510,0,41705,0
0,0,0,59131,7478,3341,0,29789,0
0,0,0,52532,19468,54767,0,17873,0
0,0,0,49584,7041,21559,0,5957,0
0,0,0,47466,58742,36995,0,0,0
0,0,0,65287,57848,3221,0,0,0
0,0,0,37421,39019,4388,14721,0,0
0,0,0,45861,30082,43084,0,0,0
0,0,44335,29181,64077,38953,0,0,0
0,0,0,59498,31153,42942,38841,0,0
0,0,2497,10016,27530,0,15381,0,0
0,0,0,2802,51593,21453,1915,53620,0
0,0,0,28426,8086,13611,17477,41705,0
0,0,0,4445,20027,57944,6158,29789,0
0,0,0,52744,38112,34559,0,17873,0
0,0,0,64793,455,50943,33861,5957,0
0,0,0,34821,25554,32408,0,0,0
0,0,0,14755,34709,19264,12708,0,0
0,0,0,25006,17964,1081,0,0,0
0,0,0,502,43424,41843,65339,0,0
0,0,14282,3747,65471,39350,9018,0,0
0,54192,26521,35757,33899,49307,34047,0,0
0,4659,37857,27798,54119,64434,45456,0,0
0,0,0,5223,57744,64085,0,53620,0
0,0,0,20163,33655,57675,42669,41705,0
0,0,0,33043,38846,39768,22542,29789,0
0,0,0,16083,42581,34248,0,17873,0
0,0,0,51962,22783,65286,51022,5957,0
0,0,0,54132,29512,11567,9407,0,0
0,0,0,37546,28004,31097,0,0,0
0,0,0,17908,20782,3326,0,0,0
0,0,0,51006,45034,15126,0,0,0
0,0,0,19196,22697,33802,61886,0,0
0,0,0,6657,12668,25390,45351,0,0
0,0,64554,59095,10293,12647,39654,0,0
0,0,0,28358,25944,38220,18560,53620,0
0,0,0,14057,43663,22386,23905,41705,0
0,0,0,3100,446,62073,45011,29789,0
0,0,0,10222,20364,64159,0,17873,0
0,0,0,11911,40865,29276,8761,5957,0
0,0,0,62692,23300,36482,24834,0,0
0,0,0,36279,6093,54301,59768,0,0
0,0,0,25353,47201,18984,0,0,0
0,0,0,46284,6842,7179,2605,0,0
0,0,62745,38645,46134,59280,57872,0,0
0,33348,3336,21455,59095,2262,11741,0,0
0,28118,46573,23037,33103,57777,0,0,0
0,0,57693,15457,2493,45465,0,53620,0
0,0,0,4793,34191,52934,40541,41705,0
0,0,0,45351,64953,8175,0,29789,0
0,0,4566,43585,65419,38356,5104,17873,0
0,0,0,1873,55574,13913,0,5957,0
0,0,59237,54571,44719,64444,0,0,0
0,0,51234,6430,23015,25505,12942,0,0
0,0,7848,53585,25549,25494,29177,0,0
0,0,56031,1703,59901,24585,0,0,0
0,0,59320,14250,61904,9257,0,0,0
0,0,55314,9083,8003,26204,33943,0,0
0,0,18436,48830,1774,27133,0,0,0
0,0,0,63525,56991,31388,0,53620,0
0,0,0,28099,54522,25879,52081,41705,0
0,0,0,26283,4077,56816,0,29789,0
0,0,0,61660,52946,64098,16354,17873,0
0,0,0,16005,23986,45793,0,5957,0
0,0,0,48973,4060,54799,44272,0,0
0,0,0,34826,3388,23449,0,0,0
0,0,0,60353,15436,41188,24315,0,0
0,0,0,65473,20497,57451,10935,0,0
0,0,0,2600,44065,36628,14803,0,0
0,0,0,33,17413,4714,42202,0,0
0,0,0,41573,32388,55523,39844,0,0
0,0,22307,3234,61260,32452,0,53620,0
0,0,12191,43415,13513,7891,1727,41705,0
0,0,0,44371,12259,4878,0,29789,0
0,0,0,44111,10786,45159,46813,17873,0
0,0,0,34002,56466,49973,55869,0,0
0,0,0,32836,28246,16316,0,0,0
0,1561,52011,4164,19207,49012,58029,0,0
0,1926,20581,40413,21477,64593,0,0,0
0,40306,48695,4905,44037,42396,0,0,0
0,49374,63696,5904,32370,20186,1440,0,0
0,51298,46762,18365,19510,19602,0,0,0
0,34906,48683,62984,6802,26544,49304,53620,0
0,13312,813,43234,2056,25667,53277,41705,0
0,5310,1431,53518,8985,61613,0,29789,0
0,40387,37263,14365,42337,7298,50761,17873,0
0,24109,17723,41650,36124,6613,0,5957,0
0,8561,57580,59917,15897,20681,31472,0,0
0,46837,55877,65240,13551,9327,0,0,0
0,0,38646,16456,21298,29101,0,0,0
0,15765,25422,22116,12590,58255,13375,0,0
0,62611,7594,16554,11723,28483,0,0,0
0,56152,34743,9169,10891,28072,0,0,0
0,2469,23157,58589,27119,27062,0,53620,0
0,0,55032,37990,34855,58080,0,41705,0
0,0,0,14661,20033,39705,11922,29789,0
0,0,0,39578,18536,16277,26118,17873,0
0,0,0,63615,5981,41819,0,5957,0
0,0,0,13914,63047,11021,0,0,0
0,0,0,13339,1817,25153,0,0,0
0,0,0,15719,14456,63473,0,0,0
0,0,0,64022,29506,14374,51757,0,0
0,47267,37197,33245,26825,29186,63214,0,0
0,36590,38682,48203,536,21044,55451,0,0
0,0,0,24869,16566,9655,56612,0,0
0,0,0,50352,41145,51000,0,53620,0
0,0,56383,53718,62241,5234,0,41705,0
0,0,39267,32359,18331,16536,20485,29789,0
0,0,43502,34796,46436,17758,0,17873,0
0,0,26698,1418,34984,55499,0,5957,0
0,0,53027,58256,18814,60058,64036,0,0
0,0,45587,7726,19931,53363,0,0,0
0,0,63384,18757,33167,19779,0,0,0
0,0,13655,30798,29992,39486,0,0,0
0,0,24273,30779,48077,37530,0,0,0
0,23545,29296,26280,31671,11540,39169,0,0
0,0,51077,62374,20456,58855,52567,0,0
0,0,40523,3343,14948,12697,0,53620,0
0,0,54864,54766,29706,38132,4361,41705,0
0,0,0,49462,42942,32689,23999,29789,0
0,15839,54246,26072,10530,38086,25632,5957,0
0,6705,60412,34754,33747,65232,36336,0,0
0,3297,47911,59405,48869,49493,21747,0,0
0,50096,27300,15730,33518,37711,0,0,1
0,56442,43928,37274,26406,28648,18386,0,1
0,63378,60770,6763,6265,54090,16362,0,0
0,25192,44899,36224,58233,62592,3929,0,0
0,3208,7171,52097,43770,23072,6771,53620,0
0,41522,45977,50673,5180,52641,0,41705,0
0,0,0,47053,3949,54586,48560,29789,0
0,0,0,62759,27093,60278,42165,17873,0
0,0,0,61629,3394,12351,0,5957,0
0,0,0,48916,12065,7046,52780,0,0
0,0,0,19094,37948,55057,0,0,0
0,0,0,51046,61749,18226,18924,0,0
0,0,0,52969,23867,27372,60689,0,0
0,0,0,58353,21841,15339,30301,0,0
0,33314,24822,52784,4532,61645,7519,0,0
0,53598,28181,61410,18896,26461,60887,0,0
0,18032,60196,20855,50638,15374,32327,53620,0
0,30367,22254,40900,15154,6268,48252,41705,0
0,47307,17457,31441,756,31019,12081,29789,0
0,0,41025,27739,14914,61254,49105,17873,0
0,0,27493,38767,7153,28333,0,5957,0
0,0,36441,9477,60807,61659,24265,0,0
0,0,42197,51692,45333,10580,45457,0,0
0,2353,9337,9892,14538,38931,20800,0,0
0,15282,21241,21083,13374,38525,27783,0,0
0,3589,64495,46087,10524,57120,1171,0,0
0,3870,13495,53348,1852,25845,0,0,0
0,27442,58999,185,65006,62125,33365,0,0
0,0,0,45204,34722,7954,4315,53620,0
0,0,0,4353,23768,63410,5962,41705,0
0,0,0,48373,42090,5243,43129,29789,0
0,0,0,37128,55319,28289,0,17873,0
0,0,0,7671,13226,51213,46317,5957,0
0,0,0,14989,36140,32379,0,0,0
0,0,0,21227,15417,10181,0,0,0
0,0,0,4899,1885,50454,0,0,0
0,0,32316,21907,25732,26788,11945,0,0
0,46655,34520,57807,56751,1002,0,0,0
0,27528,26028,59337,6371,6249,48461,0,0
0,0,0,62995,44378,4400,0,0,0
0,0,0,28816,703,11015,12007,53620,0
0,0,0,22363,1113,28692,59045,41705,0
0,0,0,7357,64660,24667,59936,29789,0
0,0,0,39266,30047,51764,0,17873,0
0,0,13857,36433,9770,55761,15049,5957,0
0,0,38651,31312,30838,61614,0,0,0
0,0,34563,19498,9050,24499,0,0,0
0,59440,7564,47089,64011,56268,25248,0,0
0,19274,55970,32098,2855,20564,62555,0,0
0,23450,45903,19324,57725,41258,17726,0,0
0,34390,53838,60931,62117,8613,64516,0,0
0,10636,10631,22849,23923,33855,53494,0,0
0,17966,63434,28261,16459,30972,53767,53620,0
0,30107,32381,21617,25758,34819,0,41705,0
0,48192,25056,15999,2971,39429,2200,29789,0
0,0,7812,23512,31529,41819,13185,17873,0
0,0,28498,27484,4542,64156,37079,5957,0
0,0,57497,43508,37691,38970,0,0,0
0,0,64258,24873,17603,59455,17854,0,0
0,37878,58284,6089,15092,23794,54925,0,0
0,62895,4079,64367,40935,1058,0,0,0
0,51492,49944,24200,4229,29936,53064,0,0
0,23668,39565,46448,20814,62524,6694,0,0
0,2900,29817,32811,12798,4722,0,0,0
0,5350,18635,61050,24005,60441,0,53620,0
0,0,17167,57217,43115,22341,0,41705,0
0,2173,4651,39960,13991,0,54377,29789,0
0,0,0,7494,17995,7320,22353,17873,0
0,0,0,60574,34378,2037,22919,5957,0
0,0,0,26478,6357,30463,50155,0,0
0,0,0,56681,10344,63132,2560,0,0
0,0,0,32200,34409,24096,0,0,0
0,5290,49417,60429,43512,45762,0,0,0
0,54916,14781,20609,64951,388,37193,0,1
0,17792,63216,5405,31450,47043,45556,0,1
0,26377,43991,55025,30899,50145,0,0,1
0,27487,46593,42789,46402,58107,58735,53620,0
0,39474,12976,41227,17751,13457,0,41705,0
0,57620,48729,59163,8259,29228,25429,29789,0
0,20714,35304,55204,46696,38596,38302,17873,1
0,2082,20658,43923,22718,6290,0,5957,1
0,16306,2065,64698,14381,51495,0,0,0
0,43945,49360,31957,38289,11353,55496,0,1
0,12125,57429,6434,29896,10213,23935,0,1
0,8706,39500,0,17852,58509,0,0,1
0,54643,43325,0,53457,28156,2801,0,1
0,5780,50462,0,2384,36843,60988,0,1
0,18161,12946,0,22387,65366,0,0,1
0,32961,6083,0,47007,29035,0,53620,1
0,52171,11350,0,32458,12362,50290,41705,1
0,273,38494,0,23000,32144,13542,29789,1
0,5754,22555,0,42935,23297,0,17873,1
0,50692,14967,0,54651,37666,0,5957,1
0,3240,16586,40780,64100,4477,2724,0,1
0,2753,12319,53304,28218,42081,0,0,1
0,20520,5093,31919,2424,30462,0,0,1
0,49726,41581,57318,11741,21882,0,0,1
0,27673,4029,10647,53382,21598,24133,0,1
0,49413,33155,53313,19120,35138,10951,0,1
0,55358,53776,16288,26944,5006,48569,53620,1
0,27219,4410,20513,462,416,35040,41705,0
0,48705,45644,43910,30300,17203,25111,29789,0
0,5314,58221,64375,59209,42360,0,17873,1
0,32159,14365,51740,15799,56778,21291,5957,1
0,14709,65289,61256,17582,4444,0,0,0
0,8012,43714,29189,25537,40668,0,0,1
0,4792,10582,0,15965,10038,56198,0,1
0,4200,8728,0,8749,4570,18546,0,1
0,10642,36072,0,2017,46520,19973,0,1
0,39265,55746,0,1949,40755,62456,0,1
0,32713,11201,0,16104,19063,26293,0,1
0,15028,39837,0,61228,52654,1971,41705,1
0,34167,21755,0,29678,5140,23496,29789,1
0,10190,15318,0,40087,38489,50770,17873,1
0,28277,54063,10894,8965,16020,0,5957,1
0,44395,14122,49980,56739,949,0,0,1
0,54643,8979,40819,44786,8569,23289,0,1
0,57517,53657,0,47342,8881,0,0,1
0,16040,237,0,3486,24238,29072,0,1
0,37463,46962,0,5239,28380,53101,0,1
0,18241,4825,0,1104,14090,0,0,1
0,59541,19608,0,57842,31448,6201,0,1
0,58048,58460,0,4964,57693,18446,53620,1
0,23464,55093,0,41350,65488,15334,41705,1
0,59724,17264,0,51908,3897,53624,29789,1
0,8170,13464,0,34254,23469,3253,17873,1
0,44925,16778,36559,41157,36022,0,5957,1
0,52560,1288,0,45719,47919,0,0,1
0,22658,40686,0,54063,6775,48101,0,1
0,62113,61044,0,46430,46377,32050,0,1
0,16864,60420,0,39383,50994,61215,0,1
0,392,61007,0,28245,65249,64433,0,1
0,48906,50270,0,24792,24789,55011,0,1
0,49733,24210,0,15785,27644,0,0,1
0,14174,33995,58701,31503,44210,31648,53620,1
0,240,3880,65304,64931,15803,44292,41705,1
0,51677,46723,60306,16278,27150,40542,29789,0
0,53987,38865,61685,25713,39531,0,17873,0
0,53027,15944,0,29097,11653,20793,5957,1
0,13338,52343,0,7135,27001,54960,0,1
0,50036,40809,0,21221,444,0,0,1
0,54400,17733,21880,18476,54117,56974,0,1
0,2672,45627,22362,63315,3311,0,0,1
0,21204,53388,45795,4684,30386,26425,0,0
0,55007,59573,45865,18791,9616,24773,0,0
0,133,149,31650,8722,2663,10445,0,0
0,59184,146,7920,29869,22701,21290,53620,0
0,47675,18739,34363,17808,1670,0,41705,0
0,5957,56323,55893,27569,60170,0,29789,0
0,22054,58925,5229,2589,38995,5651,17873,0
0,223,9195,1298,58248,63655,0,5957,0
0,26701,3346,12536,43533,51592,0,0,0
0,63809,30044,9572,49970,17617,0,0,0
0,16103,46133,17658,14352,9203,0,0,0
0,41320,3387,44200,53716,3406,0,0,0
0,46217,10418,37768,38147,20419,59088,0,1
0,42465,46556,48770,5516,19458,532,0,1
0,0,62628,59042,47638,58176,59893,0,0
0,0,0,21231,45964,46070,43722,53620,0
0,0,0,47434,18553,36159,17619,41705,0
0,0,0,9595,27819,38463,13225,29789,0
0,0,0,46952,46101,1029,35652,17873,0
0,0,0,25661,56701,26948,23659,5957,0
0,0,0,45712,8248,12874,0,0,0
0,0,0,13680,40357,48613,39304,0,0
0,0,0,23987,35025,8873,62346,0,0
0,0,0,33748,60692,9041,38804,0,0
0,0,0,62864,12222,7871,0,0,0
0,0,0,61559,51436,54291,47291,0,0
0,0,0,4905,46851,26894,6256,53620,0
0,0,0,16849,28316,55599,61201,41705,0
0,0,0,62602,11253,60804,45174,29789,0
0,0,0,48309,61967,26896,0,17873,0
0,0,0,14190,36865,48226,37082,0,0
0,0,0,4632,52221,14479,20875,0,0
0,0,0,16323,16184,10047,0,0,0
0,0,0,25534,54973,34815,24515,0,0
0,0,0,38645,40468,14380,14666,0,0
0,0,0,14721,33141,21883,43466,0,0
0,0,22971,2870,12868,62057,0,0,0
0,0,57985,21233,52366,31398,0,53620,0
0,0,4141,48322,27422,311,0,41705,0
0,0,0,61621,41297,2631,0,29789,0
0,0,39368,4417,6826,56749,0,17873,0
0,0,0,64405,56640,55895,0,5957,0
0,0,0,49909,36696,4541,0,0,0
0,0,0,25410,36963,51691,2761,0,0
0,0,0,15556,65499,36786,0,0,0
0,0,28471,50962,34003,38815,7123,0,0
0,45808,57868,62769,45178,22365,48870,0,0
0,11945,35660,36158,27178,16669,0,0,0
0,0,41741,61342,23399,28739,0,0,0
0,0,34883,37708,2881,7206,10855,53620,0
0,0,0,54829,54931,49828,18599,41705,0
0,0,0,16313,12381,6468,38737,17873,0
0,0,0,39073,42909,25848,9562,5957,0
0,0,0,63678,29901,8553,0,0,0
0,0,0,64566,64141,4988,18551,0,0
0,0,0,31888,38341,60340,0,0,0
0,0,0,17522,21493,40528,0,0,0
0,51644,34380,0,38859,52027,59055,0,1
0,23210,59649,0,43221,5186,59742,0,1
0,63931,57525,0,41319,38638,2189,53620,1
0,48466,30606,64001,34591,8189,0,41705,0
0,0,0,33450,64698,21107,39828,29789,0
0,0,0,52891,3173,33908,21622,17873,0
0,0,0,37889,47536,17162,35222,5957,0
0,0,0,45626,2316,42239,0,0,0
0,0,0,61752,49605,39090,0,0,0
0,0,0,55725,35304,21324,64402,0,0
0,0,0,62970,34751,38442,43729,0,0
0,0,0,24887,50358,1769,35599,0,0
0,0,0,54666,3950,35246,32953,0,0
0,0,0,1255,46768,46349,62132,0,0
0,0,0,47098,24912,62918,37739,53620,0
0,0,0,47907,21116,51923,16071,41705,0
0,0,0,21616,25465,8992,55236,29789,0
0,0,0,22436,62544,60656,18590,17873,0
0,0,0,626,19536,42660,0,5957,0
0,0,0,50693,23224,59847,0,0,0
0,0,0,65309,39753,9042,6233,0,0
0,0,0,21548,24013,12065,63550,0,0
0,0,0,8153,46370,48926,0,0,0
0,10486,50089,53628,15137,17838,46816,0,0
0,840,54489,33203,21997,842,51884,0,1
0,18718,4076,38682,17884,35516,0,0,0
0,6863,55020,30436,46779,49465,30174,53620,0
0,52134,44942,39469,46564,22426,51082,41705,0
0,34834,22765,33453,34910,56476,0,29789,0
0,59099,56811,21439,20540,5701,0,17873,0
0,24892,29444,50848,46007,24580,0,5957,0
0,26159,31393,25507,34030,28616,64646,0,0
0,18278,38465,39939,39831,13650,65397,0,0
0,6531,47082,12986,55408,14740,36594,0,0
0,24697,24410,33323,44589,13710,39382,0,0
0,34526,63801,12779,8272,18824,19696,0,0
0,55759,32132,51173,18997,55009,13898,0,1
0,17651,58559,17845,19344,65069,0,0,1
0,58810,61283,7231,52696,18582,0,53620,1
0,26389,33919,63802,62261,47413,11235,41705,0
0,0,0,9698,11048,54740,56936,29789,0
0,0,0,36947,53393,43145,34525,5957,0
0,0,0,33487,56547,16797,1193,0,0
0,0,0,42684,35093,63406,37111,0,0
0,0,0,34811,9460,39175,0,0,0
0,0,0,37883,274,61974,33309,0,0
0,0,21309,14513,58036,25426,54814,0,0
0,0,11729,54286,52483,6191,65101,0,0
0,0,0,7359,33322,3067,19447,0,0
0,0,0,45503,61318,21860,30753,53620,0
0,0,26564,50629,39260,4406,0,29789,0
0,0,0,39493,291,12933,0,17873,0
0,0,0,15259,22969,61201,35372,5957,0
0,0,0,55995,64987,65178,0,0,0
0,0,0,1115,30823,3873,28855,0,0
0,0,0,21336,54649,28265,16989,0,0
0,0,29607,7994,52721,55830,47546,0,0
0,41676,43460,1815,1012,13087,48821,0,0
0,31580,50764,57556,25086,38939,33361,0,1
0,54016,48714,1948,22852,873,0,0,0
0,0,49114,20927,6769,13954,24548,53620,0
0,0,55749,22719,18655,14366,0,41705,0
0,0,32768,62404,41033,36233,0,29789,0
0,0,24007,50946,52740,7449,0,17873,0
0,0,30123,39962,11192,40444,21320,5957,0
0,0,63978,50177,33845,55898,0,0,0
0,0,60697,44863,30632,10862,11269,0,0
0,0,50943,55143,19704,39293,0,0,0
0,0,41103,180,18251,50977,8600,0,0
0,3404,7702,38419,52545,35252,57010,0,0
0,53285,35490,44904,3341,40151,61203,0,0
0,26252,56778,44549,43333,25191,17326,0,0
0,0,16834,24137,31400,29295,0,53620,0
0,0,0,16486,2201,17287,14321,41705,0
0,0,0,36684,37105,12722,0,17873,0
0,0,0,4951,36819,27274,55877,5957,0
0,0,0,14044,47154,5606,59360,0,0
0,0,0,16275,63890,6405,43874,0,0
0,0,0,21310,53565,21993,17815,0,0
0,0,0,360,35936,16520,48046,0,0
0,0,0,16530,40245,330,41645,0,0
0,0,18927,35467,28400,36689,23743,0,0
0,0,29899,36291,11939,56104,0,0,0
0,0,56811,33506,6793,18465,0,53620,0
0,0,0,5562,60935,63005,0,41705,0
0,0,0,43511,32765,10710,0,29789,0
0,0,0,23559,49509,46633,0,17873,0
0,0,0,19139,65086,29174,40326,5957,0
0,0,0,9656,4887,56892,12658,0,0
0,0,0,8552,4265,2152,61429,0,0
0,0,0,61457,55807,42586,0,0,0
0,0,0,30971,39050,4856,0,0,0
0,1755,3392,51580,35800,39370,39680,0,0
0,16056,22750,62437,52195,59177,27402,0,0
0,23023,37781,9902,24194,10125,41740,0,0
0,14451,15490,14789,56205,5170,0,53620,0
0,0,29596,21700,9780,10289,19225,41705,0
0,0,55749,22719,18633,30640,13724,29789,0
0,0,57982,41810,35363,15155,21042,17873,0
0,0,48006,5506,54911,15975,0,5957,0
0,0,62047,17410,59159,60867,0,0,0
0,0,63684,51978,56640,5753,39692,0,0
0,0,12352,1204,60664,2819,42083,0,0
0,0,56407,19426,50953,64946,52787,0,0
0,0,28549,64434,58653,7755,12065,0,0
0,0,0,30331,48832,58441,48347,0,0
0,0,0,40508,10742,3051,0,53620,0
0,0,0,37366,17681,14553,64192,41705,0
0,0,47150,3657,56773,19068,29768,29789,0
0,0,5771,19442,2156,58728,9656,17873,0
0,0,0,9044,55876,3608,0,0,0
0,0,0,62126,2576,42395,10263,0,0
0,0,0,24740,14099,23539,53359,0,0
0,0,0,17082,21122,10217,64002,0,0
0,0,0,30046,36487,23960,49907,0,0
0,0,15380,58809,43546,16126,32447,0,0
0,62638,32729,8090,2455,55582,35482,0,0
0,45589,45799,48634,51446,46215,43808,53620,0
0,30431,43873,34615,56412,5641,0,41705,0
0,0,19053,65508,12652,3614,51355,29789,0
0,0,53154,5496,26318,59289,65041,17873,0
0,0,34668,48704,47405,11106,58347,5957,0
0,0,0,58887,19256,12797,25057,0,0
0,0,0,56918,33846,45931,23958,0,0
0,0,0,23651,4232,61365,43754,0,0
0,0,0,25333,34565,8346,0,0,0
0,0,0,8505,61935,35820,34604,0,0
0,20485,32372,43509,28366,53298,41844,0,0
0,8492,20539,27403,30138,41450,39125,0,0
0,39635,35768,23870,21716,31460,0,53620,0
0,0,23136,34819,54585,61350,2611,41705,0
0,0,46327,9840,30145,2392,471,17873,0
0,0,45292,30642,48452,27222,0,5957,0
0,0,57367,61982,20893,43219,51943,0,0
0,0,44111,37216,12231,28282,0,0,0
0,0,15688,34986,23355,61317,0,0,0
0,0,57965,17627,30533,18530,0,0,0
0,0,52425,43069,36212,32485,57107,0,0
0,49883,58385,22881,15991,31394,39813,0,0
0,34362,9952,58053,26,58058,51596,0,0
0,9616,49177,31902,4799,4300,44115,53620,0
0,56946,53780,27172,17716,29415,22248,41705,0
0,0,28807,42550,26853,51790,30905,29789,0
0,0,49924,53892,48683,47253,40121,17873,0
0,0,24453,41964,40266,54664,49558,5957,0
0,0,22434,8268,13041,380,0,0,0
0,0,8013,60803,64375,40744,0,0,0
0,0,58064,38138,22871,4510,0,0,0
0,0,39846,7448,14125,37033,0,0,0
0,0,0,20436,29868,60568,0,0,0
0,0,0,25951,60003,40925,58008,0,0
0,0,3596,14715,58572,65139,11830,0,0
0,0,41815,46663,40507,488,32416,53620,0
0,0,22932,5493,45435,10959,0,41705,0
0,0,47877,19086,5582,54177,3842,29789,0
0,0,0,35916,20237,23705,23594,17873,0
0,0,2374,64593,17647,51551,48820,5957,0
0,0,0,30223,65102,57599,0,0,0
0,0,61941,48510,35252,38152,0,0,0
0,0,30337,58828,6267,46841,63238,0,0
0,37446,172,5793,15422,21107,15882,0,0
0,380,10417,23189,9535,35061,32689,0,0
0,57893,59233,64597,13966,50367,0,0,0
0,61775,42895,62268,2432,16889,24588,0,1
0,43407,16633,56658,8724,28009,0,53620,1
0,2349,54605,37377,45895,44877,0,41705,0
0,0,0,14618,24058,52480,35847,29789,0
0,0,0,60814,5535,44672,41719,17873,0
0,0,0,56911,57569,669,65170,5957,0
0,0,0,21062,49165,19603,10606,0,0
0,0,0,32257,30179,48797,40935,0,0
0,0,0,8836,14409,23754,0,0,0
0,0,0,49600,44859,15653,0,0,0
0,0,0,59299,6371,26397,52479,0,0
0,0,0,25789,12659,46769,36763,0,0
0,31410,41538,34426,62142,46904,18014,0,0
0,0,0,42496,3043,17124,0,53620,0
0,0,0,25061,39172,62299,5378,41705,0
0,0,0,28371,59344,34025,35027,29789,0
0,0,0,37562,18597,15398,0,17873,0
0,0,0,28994,4367,48493,0,5957,0
0,0,0,25259,14564,29559,51213,0,0
0,0,0,19645,27517,40632,0,0,0
0,0,0,5064,64129,50980,0,0,0
0,0,0,933,41514,24182,44657,0,0
0,0,11975,33621,64582,26218,28090,0,0
0,60383,31616,17140,43291,16971,50743,0,0
0,38554,49899,55046,33086,58572,43373,0,0
0,13794,20495,15747,40916,1733,14402,53620,0
0,10160,4838,61240,21752,13167,22114,41705,0
0,0,3899,9973,59729,31540,0,29789,0
0,0,0,49509,24117,37298,3541,17873,0
0,0,0,38572,21150,39149,52422,5957,0
0,0,0,15372,17255,13513,0,0,0
0,0,0,60852,60236,4183,0,0,0
0,0,13675,47560,19863,30047,50324,0,0
0,0,0,22605,12715,36147,10941,0,0
0,26883,18505,7808,42198,36159,39001,0,0
0,52219,16983,54406,3671,64457,44960,0,0
0,5468,25297,56060,629,43791,55690,0,0
0,0,32521,28008,17962,53112,0,53620,0
0,0,29036,16619,43888,51178,17043,41705,0
0,0,27582,43165,42429,25300,0,29789,0
0,0,0,65086,28279,47124,7500,17873,0
0,0,0,40500,50117,39781,0,5957,0
0,0,0,922,28119,36273,21127,0,0
0,0,0,2300,20071,65369,0,0,0
0,0,0,12121,32262,19990,0,0,0
0,0,0,43033,46475,36251,0,0,0
0,4849,55953,60599,24902,58170,48291,0,0
0,34852,27913,37430,41819,65276,32603,0,0
0,59776,27377,49468,14797,28221,49317,53620,0
0,34230,32140,14878,54962,7634,0,41705,0
0,0,58169,27230,5703,60154,39067,29789,0
0,0,12640,7265,15635,34016,7648,17873,0
0,0,10081,18974,18047,54602,47316,5957,0
0,0,27714,18409,13763,45718,0,0,0
0,0,37518,33036,44264,53384,0,0,0
0,0,61576,11636,21313,20327,46541,0,0
0,0,60144,62556,25418,5526,0,0,0
0,38985,52598,61253,49729,54089,34761,0,0
0,40822,44407,28196,49868,8872,29254,0,0
0,8526,62965,8242,12303,35349,6678,0,0
0,0,0,35765,48350,57360,0,53620,0
0,0,38227,20580,4287,21768,0,41705,0
0,0,0,44459,56609,29481,0,29789,0
0,0,0,14036,54813,30766,31108,17873,0
0,0,0,35096,15224,24601,64046,5957,0
0,0,0,50670,37210,40128,0,0,0
0,0,0,59084,44228,48151,0,0,0
0,0,0,18352,14145,6804,55777,0,0
0,0,31552,12664,63104,53982,40895,0,0
0,0,55717,24025,63882,64890,14463,0,0
0,0,0,8992,27045,11931,0,0,0
0,0,0,4125,19248,33893,0,0,0
0,0,0,32225,7385,7636,0,53620,0
0,0,21002,18527,62460,9528,0,41705,0
0,0,0,41859,22017,17007,0,29789,0
0,0,0,46089,35303,4416,18358,17873,0
0,0,0,44593,59781,58200,0,5957,0
0,0,0,29472,27711,2094,0,0,0
0,0,0,65436,27558,23872,38778,0,0
0,0,0,175,37471,23473,53101,0,0
0,0,0,4957,41123,30413,65358,0,0
0,0,0,43975,15025,60414,0,0,0
0,0,0,24777,23875,19439,0,0,0
0,0,0,6395,38442,58671,7544,0,0
0,0,0,56609,53611,29418,17942,53620,0
0,0,0,62109,48063,49270,61400,41705,0
0,0,0,15835,23904,63393,562,29789,0
0,0,59512,56396,28981,4646,46064,17873,0
0,0,31851,64564,5917,10609,0,5957,0
0,0,65276,35939,8041,36178,58402,0,0
0,0,7604,33509,50864,11488,0,0,0
0,1566,1100,48213,36279,5798,31568,0,0
0,27006,48213,55200,93,35858,42987,0,0
0,1133,35077,7219,1572,15889,17000,0,0
0,49285,20058,48810,22479,11430,15732,0,0
0,42826,12335,16770,21818,25409,0,0,0
0,2289,51698,54426,34547,58815,42853,53620,0
0,31868,18687,8941,18836,44480,0,41705,0
0,58611,1017,62644,22500,47746,18429,29789,0
0,0,50457,56078,11697,54860,11381,17873,0
0,0,33840,9116,47391,27863,43668,5957,0
0,0,11532,10540,56725,42805,46079,0,0
0,0,44053,45933,41733,39374,0,0,0
0,48024,27745,52834,18364,43315,34277,0,0
0,11629,22718,31424,7843,25232,0,0,0
0,59962,9956,18047,54799,50509,3298,0,0
0,40659,47295,37608,46918,63180,50566,0,0
0,34882,5506,61228,45528,10181,0,0,0
0,0,51592,10223,25311,20232,17015,53620,0
0,0,51891,53253,12027,40943,31567,41705,0
0,6781,28216,46020,24971,53436,49576,29789,0
0,0,30865,44329,6852,28835,21964,17873,0
0,0,42195,9582,46354,22842,42138,5957,0
0,0,56003,36508,10045,19182,0,0,0
0,0,61368,62281,61458,25034,0,0,0
0,54080,42932,29119,16863,25348,16696,0,0
0,53295,28793,4196,61219,1811,38884,0,0
0,63073,20056,1610,5602,32210,48089,0,0
0,47389,16122,35470,18148,32130,47208,0,1
0,14955,1677,19658,22118,14468,55235,0,1
0,50883,36419,53504,51066,35997,53271,53620,0
0,0,14228,28402,9108,10584,25099,41705,0
0,0,6783,40910,41703,11692,19813,29789,0
0,0,24741,11704,14999,54364,35466,17873,0
0,0,58118,63715,50587,42615,0,5957,0
0,0,6356,44540,24781,38912,0,0,0
0,0,2699,59667,21510,54448,61985,0,0
0,65476,59625,26365,37957,18863,0,0,0
0,1510,13855,16285,57823,14172,0,0,0
0,25942,39914,1065,51729,54162,19368,0,0
0,0,0,57300,58258,64616,0,0,0
0,0,46634,24048,23483,15068,14291,0,0
0,0,43761,15174,54609,7825,34468,53620,0
0,0,0,63308,56304,9887,63472,41705,0
0,0,0,52354,33856,53318,12980,29789,0
0,0,0,25793,120,25154,259,17873,0
0,0,0,929,62491,16942,31166,5957,0
0,0,0,43208,3981,30791,36487,0,0
0,0,0,53705,37921,3270,57364,0,0
0,0,0,54657,54871,49110,58097,0,0
0,0,0,8659,62585,45701,5480,0,0
0,0,0,15291,8330,41816,41434,0,0
0,0,34262,45581,22596,3605,6121,0,0
0,0,8387,38185,50671,31460,0,0,0
0,0,0,10161,54981,33280,19075,53620,0
0,0,0,44658,28040,20200,56916,41705,0
0,0,0,64367,34172,42836,12954,29789,0
0,0,0,4794,352,55646,0,17873,0
0,0,0,27206,48350,38172,35059,0,0
0,0,0,58953,28084,37825,0,0,0
0,0,0,44551,15968,44151,38819,0,0
0,0,0,20068,51196,9457,30948,0,0
0,0,0,64532,38447,37854,17355,0,0
0,30908,43525,45027,62666,0,0,0,0
0,24023,38367,36167,65106,29027,46456,0,1
0,34961,54071,12478,48821,41070,0,53620,1
0,18266,55482,6980,2969,52976,56682,29789,0
0,0,0,13326,10138,22903,62020,17873,0
0,0,0,35592,6255,22604,14666,5957,0
0,0,0,64699,11705,325,0,0,0
0,0,0,64725,24451,47447,0,0,0
0,0,0,51942,65192,7067,16660,0,0
0,0,0,22274,38456,52100,0,0,0
0,0,30591,47587,27696,25125,50807,0,0
0,6577,46509,46388,30263,657,4324,0,0
0,59012,19464,56376,43945,45277,0,0,0
0,0,60544,7677,7612,27997,61877,53620,0
0,0,10527,11099,2458,37342,0,41705,0
0,0,60870,45421,4066,26477,48989,29789,0
0,0,16873,38771,16536,17906,48708,17873,0
0,0,41918,42940,41382,21985,27526,5957,0
0,0,17507,57216,5011,53329,0,0,0
0,0,53306,42486,21205,1265,0,0,0
0,0,32133,44076,34041,1470,56800,0,0
0,0,1364,31501,42377,32096,1794,0,0
0,0,0,4262,4913,9189,0,0,0
0,0,0,25814,7423,13316,4679,0,0
0,0,0,42059,62095,27091,25689,53620,0
0,0,0,938,4609,21611,14223,41705,0
0,0,0,19403,4350,59565,0,29789,0
0,0,0,40947,22728,28639,0,17873,0
0,0,0,61830,48665,54077,36629,5957,0
0,0,0,51949,649,18957,44544,0,0
0,0,0,14076,44721,19822,26964,0,0
0,0,0,52073,19816,8959,47518,0,0
0,0,0,33064,1968,64083,3020,0,0
0,0,0,23538,342,3691,8721,0,0
0,0,8606,57767,38050,53150,37328,0,0
0,0,0,50800,1503,61978,0,0,0
0,0,0,65002,35356,14256,31629,53620,0
0,0,0,15960,26008,8041,40954,41705,0
0,17699,26525,41124,44198,37002,58953,29789,0
0,0,40361,21723,33684,60362,0,17873,0
0,0,14149,17017,5878,25935,43898,5957,0
0,0,25719,30856,12773,14246,7402,0,0
0,0,38846,52223,53980,52353,3014,0,0
0,0,20511,19978,42378,25686,0,0,0
0,61287,15377,47349,11640,55577,24841,0,0
0,21851,20481,56890,1620,26735,15180,0,0
0,0,0,59997,51788,18910,35503,0,0
0,46593,52702,54764,18666,62844,42582,0,0
0,0,31403,26124,7296,853,0,53620,0
0,0,35490,55541,13268,51388,0,41705,0
0,0,0,51075,11921,2041,0,29789,0
0,0,0,25534,14440,13168,9697,17873,0
0,0,0,12487,27926,46660,3845,5957,0
0,0,22298,6396,50699,24581,48331,0,0
0,0,0,26772,52761,54391,0,0,0
0,32659,59865,46048,29095,476,62878,0,0
0,5917,34668,55368,2206,63890,65213,0,0
0,6214,44527,37395,8583,40389,60732,0,0
0,35853,965,0,63133,36448,46255,0,1
0,59948,20574,0,19324,19959,38855,0,1
0,34764,22965,30302,63485,54890,0,53620,0
0,0,27787,47516,62306,26499,14892,41705,0
0,0,36722,46533,49980,19466,18810,29789,0
0,2382,45182,17010,45049,6189,35179,17873,0
0,404,39843,40559,20986,43593,55838,5957,0
0,18466,47886,12170,41807,26410,51504,0,0
0,27002,12287,26470,21641,12190,58634,0,0
0,20520,9169,28627,22985,2139,0,0,0
0,21924,55852,62122,56921,54507,27458,0,0
0,7786,33090,11349,26253,8724,39008,0,0
0,56378,20749,1422,26179,26965,12970,0,0
0,32318,24804,53961,62613,41367,36531,0,0
0,42557,21262,13513,27093,29399,0,53620,0
0,57736,15216,19366,46705,61091,0,29789,0
0,0,24510,34898,49253,45532,13792,17873,0
0,0,65375,47402,52967,10644,41748,5957,0
0,65263,1594,26588,13751,17291,20967,0,0
0,51053,45374,185,47255,30678,30141,0,0
0,30192,18340,2234,6884,56436,58989,0,0
0,54183,61595,998,43473,4255,24843,0,0
0,15552,46168,25746,30030,53635,26926,0,1
0,55030,36619,8595,41608,51847,4573,0,1
0,6338,12117,13382,39107,28128,18936,0,1
0,45817,26560,6,45010,2482,0,53620,1
0,21270,64924,20340,14645,48056,0,41705,1
0,51602,32227,53344,43232,46212,35232,29789,0
0,0,38440,53676,28553,20180,64981,17873,0
0,0,9274,29727,38925,33737,0,5957,0
0,0,29298,45947,21688,44109,15813,0,0
0,0,62359,19534,44500,59319,16692,0,0
0,65072,48428,29954,38014,2899,43391,0,0
0,64969,57642,38165,15837,65313,35649,0,0
0,42135,23269,62820,52137,17569,26719,0,0
0,7622,33064,63751,40549,35379,0,0,0
0,31870,12513,11233,38138,46789,46587,0,0
0,43268,61323,56709,10862,7836,52583,53620,0
0,52822,50746,36213,23948,10696,47232,41705,0
0,23087,2788,62067,46894,6666,47046,29789,0
0,48805,38723,51422,60196,57458,13183,17873,0
0,0,32868,52141,24285,35180,0,5957,0
0,0,54993,58163,34815,44376,71,0,0
0,0,10724,7643,4436,2804,0,0,0
0,0,6229,15524,42431,38744,57274,0,0
0,34619,57207,22794,3165,63573,0,0,0
0,63473,28412,15454,33217,25947,0,0,0
0,0,0,61898,16380,9887,1139,0,0
0,0,0,61726,40217,6985,39078,0,0
0,0,0,56970,46568,30486,25369,53620,0
0,0,0,36712,35072,40736,23868,41705,0
0,0,0,54191,17882,46578,62746,29789,0
0,0,0,4720,52333,21366,6200,17873,0
0,0,0,31681,7390,63295,53424,5957,0
0,0,0,63578,14078,51246,53552,0,0
0,0,0,57285,48017,23818,0,0,0
0,0,0,18895,56511,19420,0,0,0
0,0,0,46199,31328,58707,0,0,0
0,0,0,19009,18686,46098,32731,0,0
0,0,0,54310,33689,39295,43155,0,0
0,0,0,8616,39149,51701,57301,0,0
0,0,0,6044,56847,17174,21703,53620,0
0,0,0,17810,60415,18998,0,41705,0
0,0,0,14881,35271,44283,22959,29789,0
0,0,0,37250,306,60593,0,17873,0
0,0,0,21917,60441,61886,37834,5957,0
0,0,0,1225,13348,31269,61367,0,0
0,0,0,38760,36867,35201,37917,0,0
0,0,0,56977,8079,2673,44940,0,0
0,0,0,36998,36489,46971,0,0,0
0,0,0,30530,52462,19317,0,0,0
0,0,0,7272,49214,17523,25744,0,0
0,0,0,21593,3043,47606,54615,0,0
0,0,0,64986,42323,4652,0,53620,0
0,0,0,18377,29341,20142,33701,41705,0
0,0,0,56203,5954,55567,0,29789,0
0,0,0,62732,36737,26439,7435,17873,0
0,0,0,57182,15476,40584,9294,5957,0
0,0,0,59100,45619,8827,26233,0,0
0,0,0,40505,33552,15926,0,0,0
0,0,0,2200,13194,50414,0,0,0
0,0,0,26706,40749,47219,0,0,0
0,0,0,41858,57019,43247,9769,0,0
0,0,0,28752,10544,17411,12981,0,0
0,0,0,63587,31837,10333,0,0,0
0,0,0,49650,31257,12469,35029,53620,0
0,0,0,29233,18671,20256,0,41705,0
0,0,0,19590,29152,44568,49699,29789,0
0,0,0,21176,40222,15737,0,17873,0
0,0,0,11409,23578,2215,2742,5957,0
0,0,0,39110,32713,40654,0,0,0
0,0,0,7845,33662,44540,14773,0,0
0,0,0,17047,38429,7461,11846,0,0
0,0,0,39023,31264,52043,46929,0,0
0,0,0,32969,14757,34070,26700,0,0
0,0,0,13749,59684,13065,52674,0,0
0,0,23295,41749,62590,32791,3439,0,0
0,36641,57739,2794,21894,34848,41241,53620,0
0,30143,9360,61599,18151,16482,8935,41705,0
0,40148,60820,54372,17154,52520,32153,29789,0
0,0,18766,55698,18687,2914,15646,17873,0
0,0,7271,41667,40401,29374,0,5957,0
0,0,0,8233,61045,6687,0,0,0
0,0,0,3621,12842,33062,37987,0,0
0,0,0,8227,63165,50011,35172,0,0
0,0,0,3763,19814,22611,0,0,0
0,0,0,62004,56947,17936,18898,0,0
0,0,0,48806,17155,36104,31069,0,0
0,0,0,4291,4154,59148,65408,0,0
0,0,0,39167,41780,1016,63435,53620,0
0,0,0,27688,17398,38352,44864,41705,0
0,0,0,4669,24585,50102,34808,29789,0
0,0,0,18770,29744,41778,42846,17873,0
0,0,0,16566,340,55621,25631,5957,0
0,0,0,24865,46168,39205,21817,0,0
0,0,0,53191,13462,30925,0,0,0
0,0,0,37659,45954,17837,65365,0,0
0,0,35910,22092,40475,17273,45968,0,0
0,0,19357,13450,14622,48859,8005,0,0
0,0,51489,14673,57688,4005,0,0,0
0,0,17782,53331,26040,50669,0,0,0
0,0,30154,42374,42661,40467,47045,53620,0
0,0,4471,14632,37529,62931,0,41705,0
0,0,19220,9287,50330,59899,0,29789,0
0,0,22733,9564,32097,4190,0,17873,0
0,0,44874,43902,31873,31484,0,5957,0
0,0,48439,38127,16984,21430,32147,0,0
0,0,21629,1758,33953,8147,0,0,0
0,0,14135,20630,13240,4113,50918,0,0
0,0,20037,60708,9210,58623,16294,0,0
0,0,17587,40113,11290,35699,0,0,0
0,0,0,43598,17963,45890,0,0,0
0,0,0,62352,28837,13904,6599,0,0
0,0,0,63842,30951,8364,0,53620,0
0,0,0,1611,8774,48718,5102,29789,0
0,0,0,23385,50709,29404,49077,17873,0
0,0,0,52028,18049,26362,0,5957,0
0,0,0,34654,43624,56238,54892,0,0
0,0,0,31542,14483,8500,11763,0,0
0,0,0,27860,17665,37989,33105,0,0
0,0,0,31325,52685,61126,42279,0,0
0,0,0,20935,27010,54946,47246,0,0
0,0,0,51937,2321,22356,25454,0,0
0,0,0,8050,18696,3473,22962,0,0
0,0,0,41136,32764,42200,56927,53620,0
0,0,0,57593,42735,10898,0,41705,0
0,0,0,38590,17149,42633,25928,29789,0
0,0,0,894,28079,12337,0,17873,0
0,0,0,53384,18837,16410,52457,5957,0
0,0,0,43729,6980,55401,0,0,0
0,0,0,38993,53012,52339,0,0,0
0,0,0,26506,22184,62958,34605,0,0
0,0,0,45140,14572,28398,6090,0,0
0,64926,29031,36571,20892,8772,57108,0,0
0,0,0,58683,64610,50479,0,0,0
0,0,0,44449,12012,1802,36746,0,0
0,0,0,52921,55600,37926,0,53620,0
0,0,0,57936,4190,58225,0,41705,0
0,0,0,10903,45514,19460,51543,29789,0
0,0,0,32723,51636,14017,0,17873,0
0,0,0,10462,57896,4642,0,5957,0
0,0,0,61878,35994,58984,54338,0,0
0,0,0,55909,38404,49394,40076,0,0
0,0,0,60544,50332,8071,22947,0,0
0,0,52375,35892,10830,60988,9633,0,0
0,18479,18995,65394,53713,43902,59326,0,0
0,30638,62234,266,28857,45210,32442,0,0
0,14480,10504,20323,48957,31447,0,0,0
0,61747,23390,56211,31601,54482,29578,53620,0
0,11699,30065,45101,25689,56544,7048,41705,0
0,36359,6990,64858,13523,43950,215,29789,0
0,0,0,56865,31966,52817,29072,17873,0
0,0,0,32731,7296,24719,63762,5957,0
0,0,0,31436,47157,46841,31657,0,0
0,0,0,26741,15550,64796,0,0,0
0,0,39513,46450,8255,61978,0,0,0
0,0,42172,52813,63487,38863,32174,0,0
0,0,17749,6837,49499,37988,55041,0,0
0,44629,63956,23537,13043,56710,35252,0,0
0,15067,9864,42736,46922,13425,13454,0,0
0,7239,30220,31751,51306,34761,0,53620,0
0,39084,26958,65111,56592,56272,50899,41705,0
0,45266,47262,35855,30021,19822,0,29789,0
0,16323,28522,15384,34160,20784,10998,17873,0
0,0,0,18078,7527,31203,7242,5957,0
0,0,0,53452,12335,11804,0,0,0
0,0,0,50814,19623,54455,64789,0,0
0,0,0,26379,51787,21318,2212,0,0
0,0,0,35044,38703,42680,48744,0,0
0,0,0,56060,35339,33040,38065,0,0
0,0,3511,49504,29359,29136,48049,0,0
0,39609,54741,34410,63723,7921,40273,0,0
0,36343,49866,33775,34539,2814,42841,53620,0
0,21868,53517,24239,64170,29062,28976,41705,0
0,0,9774,1640,15044,17933,0,29789,0
0,0,19972,56480,13180,33918,8146,17873,0
0,0,13194,18946,14490,18207,0,5957,0
0,0,24357,28766,13234,5928,0,0,0
0,0,61627,34164,60532,39683,5095,0,0
0,0,35172,47130,24444,46690,29945,0,0
0,0,37005,30996,23794,28260,0,0,0
0,32161,48262,25994,45702,62848,0,0,0
0,43153,13508,0,28892,904,40739,0,1
0,29505,14802,59847,58063,7697,0,0,0
0,0,11137,23741,37154,56313,40395,53620,0
0,0,21656,65372,7259,21555,0,41705,0
0,0,3110,44929,27780,30084,57329,29789,0
0,32225,20896,58941,22920,35125,0,17873,0
0,24118,33364,51648,19885,28723,13763,5957,0
0,15458,27622,0,20188,548,39898,0,0
0,62868,54095,0,3354,59166,34259,0,1
0,44475,2075,0,14700,51274,0,0,1
0,11668,29761,0,26552,38856,17505,0,1
0,20018,39200,0,22571,53156,56998,0,1
0,24517,10224,0,10034,12455,61543,0,1
0,54509,58103,0,44590,13333,0,0,0
0,6737,53124,45226,44824,12542,18100,53620,0
0,60711,12974,37672,50616,23556,44447,41705,0
0,0,0,63530,29398,55118,36428,29789,0
0,0,0,56597,35066,16051,20703,17873,0
0,0,0,61686,19566,10612,47142,5957,0
0,0,0,54419,15251,21043,7664,0,0
0,0,0,54884,32474,25730,0,0,0
0,0,0,27023,55429,18044,25128,0,0
0,0,0,44212,56714,33787,24044,0,0
0,0,0,32468,10923,4902,29896,0,0
0,0,0,34583,42133,32698,0,0,0
0,0,0,55638,64703,27026,0,53620,0
0,0,0,12244,38480,36661,0,41705,0
0,0,0,58385,37666,45240,18769,29789,0
0,0,0,59909,17843,19438,7848,17873,0
0,0,0,11166,48113,62092,49479,5957,0
0,0,0,46033,21424,4117,39306,0,0
0,0,0,24337,58819,32827,0,0,0
0,0,0,870,58633,56877,50453,0,0
0,13143,38927,25040,61294,26629,18013,0,0
0,3489,25240,63445,12376,19841,36634,0,0
0,27579,18621,0,55187,38893,5928,0,1
0,43233,12916,0,31293,41408,34690,0,1
0,18158,50580,0,42301,1203,60920,53620,1
0,34232,11157,23811,33874,48706,0,41705,0
0,37928,5827,27216,28083,36165,14585,29789,0
0,28235,35167,6083,58011,28769,10225,17873,0
0,1706,2579,60969,55225,59790,3697,5957,0
0,25831,53537,52884,20385,23606,32826,0,0
0,51648,19131,8012,59831,38876,51149,0,0
0,17835,1550,1423,62453,4816,0,0,0
0,15234,33279,60593,49109,25786,34758,0,0
0,28895,64431,45506,52757,7623,0,0,0
0,15416,24465,8451,4234,53603,43808,0,0
0,56365,22360,31734,31759,52745,29085,0,0
0,0,36893,22341,42199,51278,39079,53620,0
0,0,29234,11872,62558,38396,5431,41705,0
0,0,0,31043,14896,19586,52814,29789,0
0,0,0,11423,36626,42140,48586,17873,0
0,0,0,13938,58574,38745,0,5957,0
0,0,0,24163,54553,62093,0,0,0
0,0,0,18449,24722,56589,0,0,0
0,0,0,48992,12805,11557,29254,0,0
0,0,0,6403,62850,61995,19380,0,0
0,0,0,16288,35763,50710,0,0,0
0,0,15068,5924,34365,4663,24596,0,0
0,0,3024,54713,40149,7187,0,0,0
0,0,59866,41773,30252,4530,35190,53620,0
0,0,41945,14176,35572,57450,12766,41705,0
0,0,0,51162,7437,65397,32568,29789,0
0,0,0,14008,2788,8165,44904,17873,0
0,0,0,26517,10801,24622,3716,5957,0
0,0,0,47293,21699,44392,3898,0,0
0,0,0,17160,63430,48355,0,0,0
0,0,0,64672,30186,61770,20011,0,0
0,0,0,24043,41317,31356,38655,0,0
0,0,0,26066,49311,27533,0,0,0
0,0,0,21138,29698,58149,38934,0,0
0,0,54762,22805,47445,39673,0,0,0
0,0,42527,64944,22414,19377,58795,53620,0
0,0,9940,47646,25402,63062,36072,41705,0
0,0,0,39496,48548,7738,47577,29789,0
0,0,0,63016,39366,51050,5103,17873,0
0,0,0,60004,61220,53479,54127,5957,0
0,0,0,33344,2855,45700,52817,0,0
0,0,0,7403,27730,8392,0,0,0
0,0,0,14999,21966,8796,27339,0,0
0,0,0,58348,23667,34316,23916,0,0
0,0,0,46276,27886,52721,0,0,0
0,0,0,11862,28130,2061,0,0,0
0,38148,23155,56981,2138,29106,62250,0,0
0,41639,11562,33680,13268,33246,24103,53620,0
0,21120,15220,13249,21156,8668,0,41705,0
0,0,48971,57841,13487,7576,53426,29789,0
0,0,30479,14720,47039,28336,45433,17873,0
0,0,0,18070,38284,28493,0,5957,0
0,0,0,47596,38685,13861,19916,0,0
0,0,0,5335,15447,47339,44075,0,0
0,0,0,39916,37224,32006,47916,0,0
0,0,0,3818,3750,37440,10343,0,0
0,63823,20318,16704,13721,51490,8012,0,0
0,13225,2061,8592,5806,11982,22385,0,0
0,40220,13863,1314,51878,55432,0,0,0
0,14991,17066,41849,18132,29169,29889,53620,0
0,56024,56435,4418,3342,13978,0,41705,0
0,4303,16108,63284,34043,8197,0,29789,0
0,0,14172,36449,64722,34506,9118,17873,0
0,0,34548,10149,27862,45240,0,5957,0
0,0,63493,43643,18718,47095,33130,0,0
0,42502,31010,49431,6790,38394,37092,0,0
0,20107,4385,22307,48169,31291,52138,0,0
0,21779,39728,19344,57940,24669,33266,0,0
0,20464,44979,45722,6791,32648,443,0,0
0,42544,48189,39653,46718,8862,40344,0,0
0,9513,19873,35302,39620,39283,42841,0,0
0,55164,14517,48092,6029,44815,0,53620,0
0,0,59057,10280,40334,24910,9128,41705,0
0,0,30803,38730,8749,54078,22130,29789,0
0,0,26808,44641,60272,46210,0,17873,0
0,0,37295,62772,14470,25555,64054,5957,0
0,0,30076,13859,38701,61612,54022,0,0
0,0,0,34003,51664,8055,0,0,0
0,0,0,40892,56868,49725,31968,0,0
0,0,0,12580,23467,43039,0,0,0
0,0,57920,6447,14598,24896,51940,0,0
0,0,18502,13174,36096,0,63325,0,0
0,37091,30624,12166,18929,1031,0,0,0
0,0,0,35936,23882,53849,10325,53620,0
0,0,58075,38516,28589,55627,0,41705,0
0,0,28387,39335,58039,63134,50260,29789,0
0,0,15209,10335,49556,34877,51470,17873,0
0,0,14761,39752,14468,13155,23807,5957,0
0,0,0,33792,57937,64038,0,0,0
0,0,0,55000,44823,23601,29808,0,0
0,0,0,16071,24326,64056,0,0,0
0,64198,27586,47848,47206,48671,41267,0,0
0,4786,18088,6457,61364,11452,3815,0,0
0,63231,11937,9848,63316,32375,34121,0,0
0,32272,36128,3566,27262,46643,41005,53620,0
0,54191,6235,17381,56426,50807,0,41705,0
0,51939,30113,50137,58706,64375,0,29789,0
0,11874,39800,63564,33145,5649,63420,17873,0
0,3072,6677,5282,32579,23574,15509,5957,0
0,22437,60300,4058,19968,63705,13720,0,0
0,58249,54343,17839,32492,30464,63215,0,0
0,34085,33336,38847,61073,1936,58088,0,0
0,30870,38403,12713,44569,45382,0,0,0
0,6398,21454,0,22082,36916,50097,0,1
0,61177,26676,0,44552,24535,9778,0,1
0,20885,8006,0,12704,40062,5040,0,1
0,6390,18965,0,60503,43490,0,53620,0
0,49894,56639,20938,10785,26733,36594,41705,0
0,34256,4013,28519,23864,39978,26480,29789,0
0,36798,29537,62020,53008,491,39161,17873,0
0,12076,9749,51945,53664,12165,16760,5957,0
0,16045,16631,30142,21417,59528,951,0,0
0,60594,14490,61014,59280,26307,0,0,0
0,13499,47398,36960,63989,33895,0,0,0
0,33342,22392,24504,61599,27992,38018,0,0
0,18424,50610,17180,13416,37771,0,0,0
0,46107,54189,37671,53932,35252,0,0,0
0,20858,52886,52258,35514,29911,17646,0,0
0,45197,31619,4581,60433,63041,63660,53620,0
0,5943,4367,38582,27688,28360,0,41705,0
0,3830,27841,31391,46720,34082,4594,29789,0
0,59967,54226,29837,16280,30515,33243,17873,0
0,30763,33270,171,48909,31712,11602,5957,0
0,3352,15217,25284,46089,37654,37153,0,0
0,8414,12805,22139,7320,24862,58416,0,0
0,38161,29769,2731,832,12037,0,0,0
0,40200,15187,29422,12921,55233,21190,0,0
0,23959,42970,9628,33698,6243,0,0,0
0,47506,39970,4080,14276,26528,440,0,0
0,52409,59383,5594,35008,47691,0,0,0
0,39425,17740,54765,63650,20240,18312,53620,0
0,57469,33250,21620,30391,10055,6819,41705,0
0,5403,34921,9818,9961,43015,26261,29789,0
0,5957,42527,31520,52941,2766,38572,17873,0
0,9169,53316,62851,41605,60207,23539,5957,0
0,18961,34019,10852,3919,44999,52042,0,0
0,60910,50704,46793,39488,42032,3341,0,0
0,49754,33071,14980,34776,39203,21103,0,0
0,20065,55791,33165,23387,64125,10562,0,0
0,21050,21800,8983,31667,9868,56871,0,1
0,35280,28502,14999,48815,57233,17424,0,1
0,13209,39763,40749,36628,60702,0,0,1
0,56455,30726,22281,63787,22588,0,53620,1
0,20655,51794,45620,40353,588,0,41705,1
0,27706,26355,25455,51565,58796,23435,29789,1
0,14796,40578,35027,32431,12029,0,17873,1
0,8475,42180,35105,1949,56573,27667,5957,1
0,52657,58337,24539,11585,46568,53132,0,0
0,31680,47088,11344,51292,58588,30414,0,0
0,24516,52161,60946,20244,46099,0,0,0
0,28009,1315,60656,65024,3507,50986,0,0
0,57849,2797,5982,47291,35503,0,0,0
0,53438,10017,41129,59937,25317,22344,0,0
0,261,16733,10355,37720,6594,26258,0,0
0,24718,55758,2774,25078,58055,53402,41705,0
0,0,29713,42171,6730,60791,39587,29789,0
0,0,0,18256,54694,27610,0,17873,0
0,0,0,43374,28832,52886,0,5957,0
0,0,0,25098,38793,33161,0,0,0
0,0,0,10228,41903,43034,20931,0,0
0,0,0,51833,29986,11908,13312,0,0
0,0,14639,62372,36474,17461,53970,0,0
0,27031,33546,0,41336,42694,5132,0,1
0,57711,28686,0,35442,34221,30529,0,1
0,31385,34090,0,64092,43986,0,0,1
0,37979,61724,0,18164,61123,60578,53620,1
0,62984,51094,58806,1232,2394,61138,41705,0
0,56050,63236,15984,56896,14920,11198,29789,0
0,31496,32885,58734,37459,9582,43530,17873,0
0,9290,38947,6590,14868,26199,32267,5957,0
0,61442,18693,6267,50195,16347,0,0,0
0,47067,30542,26013,6053,13238,0,0,0
0,34703,48504,0,13754,53597,0,0,0
0,6709,14765,37535,64284,64235,0,0,0
0,16615,29482,20419,62390,5296,4550,0,0
0,55291,38964,40989,27063,64111,11967,0,0
0,38445,40245,57619,14510,20174,26030,0,0
0,62403,28677,14827,20922,62154,27110,53620,0
0,38111,38428,0,51592,10593,15306,41705,1
0,37218,15661,0,32504,60861,0,29789,1
0,51678,29126,0,58144,34785,11110,17873,1
0,28221,30120,0,56066,59858,0,5957,1
0,63171,34263,55359,35783,20177,0,0,1
0,5495,65402,8662,36769,8478,0,0,0
0,17925,55974,32510,22875,1680,0,0,0
0,44044,59520,0,43911,25559,37225,0,1
0,32178,63136,27538,58616,9984,0,0,1
0,23019,29279,44825,3833,19463,40159,0,1
0,63140,8420,55184,10544,60130,19073,0,1
0,13477,15461,51300,5429,34099,63039,53620,1
0,20306,42559,48526,26434,44890,54298,41705,1
0,1537,54396,4542,30743,8151,41104,29789,1
0,7895,17215,43064,23419,43590,16999,17873,0
0,36832,65084,45442,22119,47415,0,5957,0
0,3106,60276,42197,11758,33825,0,0,0
0,39477,34644,6238,24549,39884,64830,0,0
0,29824,3152,54654,38572,5161,30782,0,0
0,20100,59051,0,46822,62440,10101,0,1
0,62172,41358,0,58596,25354,60731,0,1
0,20120,45164,50095,2082,28823,32015,0,1
0,45801,770,2890,19017,17808,52107,0,1
0,9614,16147,0,22368,20298,0,53620,1
0,49046,19819,56505,65214,7875,0,41705,1
0,41050,60007,39709,43076,4410,0,29789,1
0,6903,21532,4149,16491,47438,0,17873,1
0,38143,18911,0,22905,24264,0,5957,1
0,49166,103,19051,58150,57982,0,0,1
0,42610,2088,0,58635,35971,0,0,1
0,56587,18584,0,26461,28150,49641,0,1
0,7664,8111,0,48519,44596,49900,0,1
0,25135,12966,0,12054,18930,41172,0,1
0,52653,18169,0,16090,57801,0,0,1
0,8179,21802,0,7621,58333,8913,0,1
0,49692,14337,32361,17152,52113,23320,53620,1
0,55749,60937,47403,29712,46048,64206,41705,0
0,0,0,34139,18810,987,63453,29789,0
0,0,0,32427,24457,32231,0,17873,0
0,0,0,13224,6278,62250,0,5957,0
0,0,0,29186,6173,60589,64232,0,0
0,0,0,56413,7874,18641,43555,0,0
0,0,0,58408,209,52014,26905,0,0
0,0,18603,4668,56751,31312,26798,0,0
0,0,0,40450,45742,61415,46067,0,0
0,0,0,53320,52597,49123,62959,0,0
0,0,0,15155,8079,63214,25453,0,0
0,0,0,38858,8497,11682,0,53620,0
0,0,0,4443,48776,56688,0,41705,0
0,0,0,1156,2403,45461,0,29789,0
0,0,0,40923,4641,745,0,17873,0
0,0,0,64736,48661,20852,59877,5957,0
0,0,0,48889,53236,10973,0,0,0
0,0,0,42969,60948,8212,0,0,0
0,0,0,34203,20060,10314,14611,0,0
0,0,0,47061,46669,28090,19099,0,0
0,17410,62102,51601,14287,40700,40754,0,0
0,30949,30170,64690,59679,50976,9679,0,0
0,0,21763,49265,9046,62418,33612,0,0
0,0,3064,15825,30545,17517,31888,53620,0
0,0,6228,10131,61748,14598,14114,41705,0
0,0,4888,35385,61645,24821,0,29789,0
0,0,0,6787,21979,21889,18601,17873,0
0,0,0,5868,39308,25929,0,5957,0
0,0,0,32378,21431,63132,0,0,0
0,0,0,61802,63324,46256,0,0,0
0,0,44558,45144,56910,42776,38985,0,0
0,0,0,42493,47907,25262,0,0,0
0,5757,47583,30992,23996,32956,0,0,0
0,30907,18304,5630,13217,24438,47663,0,1
0,31919,13083,9098,36384,47968,0,0,1
0,0,0,2008,52576,43002,40692,53620,0
0,0,0,7232,34193,2901,44113,41705,0
0,0,0,49597,18830,54780,61334,29789,0
0,0,0,64331,6102,14217,34472,17873,0
0,0,0,52203,18897,28593,5900,5957,0
0,0,0,33503,63858,50115,0,0,0
0,0,0,17979,55719,36964,4207,0,0
0,0,0,25593,58339,11495,38462,0,0
0,0,0,53565,11434,38370,54585,0,0
0,11952,55203,47601,62086,40877,44973,0,0
0,28022,16324,9919,18182,45922,41434,0,0
0,11313,43514,7723,9600,41172,0,53620,0
0,0,0,14629,47247,47309,26213,41705,0
0,0,0,53088,644,56931,11133,29789,0
0,0,0,27665,23957,57894,16969,17873,0
0,0,0,55024,42062,55046,0,5957,0
0,0,0,2025,20357,8668,0,0,0
0,0,0,1404,54304,25300,34493,0,0
0,0,0,42038,61606,29111,0,0,0
0,0,0,63025,53351,50379,0,0,0
0,6873,29753,42509,3536,18364,8987,0,0
0,12888,25058,275,12520,43199,24436,0,0
0,0,33887,1065,62577,17846,0,53620,0
0,0,8900,9440,55726,42247,0,41705,0
0,0,51945,8560,16651,20626,38522,29789,0
0,0,49855,12861,9799,57068,59406,17873,0
0,0,36737,42277,50032,34884,0,5957,0
0,0,35600,24374,56283,9704,0,0,0
0,0,16834,27993,16133,60362,8457,0,0
0,0,33260,58756,64241,64595,0,0,0
0,0,10158,799,30251,15621,0,0,0
0,47462,4147,49331,2117,18105,3028,0,0
0,63199,46091,7690,19353,16882,2262,0,1
0,48935,23029,43916,14948,35794,0,53620,1
0,28685,53946,1,57100,17091,10466,41705,0
0,0,33847,24510,13992,28760,58501,29789,0
0,0,0,50851,37028,32879,24060,17873,0
0,0,0,18703,31800,1109,58872,5957,0
0,0,0,56201,46159,26029,25345,0,0
0,0,0,60907,53503,13024,0,0,0
0,0,0,31442,30861,16504,0,0,0
0,0,0,38001,35051,49292,46389,0,0
0,0,40345,7117,29596,9705,52915,0,0
0,48434,23603,26102,22019,58117,62254,0,0
0,62865,40249,2533,61098,49466,39906,0,0
0,10931,59017,8926,5728,48866,0,53620,0
0,19447,2222,57931,63955,19245,65437,41705,0
0,52720,37033,32007,22712,54579,42748,29789,0
0,0,0,44719,26533,29883,42270,17873,0
0,0,0,50161,5910,40091,62472,5957,0
0,0,0,4253,55661,32877,0,0,0
0,0,0,46152,34111,59609,0,0,0
0,0,0,61202,43845,14098,0,0,0
0,0,0,65323,19484,11343,0,0,0
0,3623,59372,22650,8470,8327,0,0,0
0,5082,47429,5735,9783,52684,20692,0,0
0,45462,25286,46680,56240,43402,24906,0,0
0,5840,15155,63442,63935,33064,0,53620,0
0,24865,16109,9868,57680,64490,35104,41705,0
0,0,62759,19241,57904,29063,59446,29789,0
0,0,0,51047,60650,31866,32786,17873,0
0,0,0,64124,8165,37785,0,5957,0
0,0,0,27352,31215,62651,0,0,0
0,0,0,24223,38168,49629,0,0,0
0,0,0,9171,6134,64006,64803,0,0
0,0,0,31321,2926,32672,0,0,0
0,0,20084,45004,13424,60515,29318,0,0
0,61054,44635,57593,7346,33355,52178,0,0
0,21839,48264,4185,28941,62529,18777,0,0
0,39935,58701,34055,24147,9542,54927,53620,0
0,14207,54496,8860,10887,47778,11436,41705,0
0,13347,24932,14366,51113,56821,0,29789,0
0,32938,1035,0,15855,31939,0,17873,0
0,3817,39723,0,46858,35742,54711,5957,0
0,25637,20384,0,39369,50149,4614,0,0
0,16442,23312,0,49877,15506,0,0,0
0,53075,3832,0,31137,57833,0,0,1
0,43901,21375,0,730,56673,0,0,0
0,11971,17293,0,11355,39112,0,0,1
0,63389,8835,0,2063,40946,59783,0,1
0,52998,11088,0,2689,32351,15925,0,1
0,21379,55665,0,63372,26117,34410,53620,0
0,33499,62988,42468,3939,48293,16292,41705,0
0,39560,64042,20381,62118,39932,7307,29789,0
0,37838,7419,25253,18686,11549,0,17873,0
0,62021,49303,0,37027,20733,62391,5957,0
0,5107,33237,15408,19902,59550,0,0,0
0,61411,44688,0,15022,35192,0,0,0
0,38183,5513,5723,21653,52908,0,0,0
0,19050,43475,0,7906,63373,0,0,0
0,23658,43297,0,42080,27939,27532,0,0
0,11094,41072,1035,20502,22551,42419,0,0
0,0,17485,2840,50574,13090,39189,0,0
0,0,1188,3575,19091,54417,24879,53620,0
0,12040,55180,60311,12050,20962,22008,41705,0
0,364,51733,49789,46338,18455,0,29789,0
0,44766,16267,30371,36128,2314,0,17873,0
0,38471,60683,4486,9008,20638,0,5957,0
0,34946,26903,64579,54550,12403,0,0,0
0,62497,42788,49464,37887,24268,55462,0,0
0,56590,28775,60807,30647,41826,30931,0,0
0,0,6060,11200,17790,63782,6340,0,0
0,0,52173,18036,34056,62723,24587,0,0
0,0,0,60907,63788,21720,28783,0,0
0,0,53412,15812,36836,48813,38750,0,0
0,0,62871,36747,51836,20564,33894,53620,0
0,0,57142,24732,19850,39406,2975,41705,0
0,0,7668,18452,31761,59038,44403,29789,0
0,0,0,37770,56144,22739,0,17873,0
0,0,0,25617,9089,54672,47150,5957,0
0,0,0,30027,9270,59830,15929,0,0
0,0,0,15591,16792,16721,61910,0,0
0,0,0,9130,52860,45567,22029,0,0
0,0,0,55038,25048,52163,2589,0,0
0,36244,10938,0,35735,6999,59152,0,0
0,31803,51810,0,56469,43139,2143,0,1
0,31634,7686,0,54269,56119,44977,0,0
0,0,2945,1254,48058,58707,45109,53620,0
0,0,1140,28692,38042,21501,574,41705,0
0,37647,54376,64127,23957,36605,56157,29789,0
0,23152,35452,13696,48012,21767,20970,17873,0
0,18063,4640,22819,52406,50735,3060,5957,0
0,10982,38063,51773,62470,17238,468,0,0
0,13858,5709,19666,11458,63026,40529,0,0
0,50343,7092,24214,48835,61201,0,0,0
0,25044,27921,29896,30093,51189,7913,0,0
0,0,27095,60491,63159,33939,0,0,0
0,0,41510,50921,46964,58004,0,0,0
0,38814,43896,42751,5882,25559,46936,0,0
0,37067,20504,64712,6179,16256,64812,53620,0
0,46496,61519,27028,3870,27970,14558,41705,0
0,39048,31399,21327,49466,30538,0,29789,0
0,5679,42277,14583,42097,58436,48352,17873,0
0,58639,50020,64831,56231,7149,0,5957,0
0,37747,32655,33414,23381,63243,0,0,0
0,34171,54235,15859,63080,30095,35529,0,0
0,14910,19135,12322,31521,33406,37054,0,0
0,53410,21844,40577,5355,7954,42051,0,0
0,9670,63772,20377,25927,33386,0,0,0
0,0,25931,62974,30057,51806,6528,0,0
0,0,15433,12594,58399,18474,25847,0,0
0,0,29476,54127,54752,32622,9176,53620,0
0,0,15144,8193,4862,48200,58082,41705,0
0,0,40176,58529,62303,42492,50535,29789,0
0,26252,12930,15022,32567,42787,62479,17873,0
0,21048,39655,6259,32098,46648,38065,5957,0
0,64689,54319,22140,13734,49540,0,0,0
0,48628,5599,52219,58607,4712,6186,0,0
0,38736,36627,42838,60712,49927,26999,0,0
0,63383,59058,29321,29088,63688,1524,0,0
0,39615,39791,54986,4459,28181,11119,0,0
0,51069,20189,37365,22576,45673,35363,0,0
0,17391,54389,55482,24649,31247,26395,0,0
0,0,26844,36461,60913,21306,0,53620,0
0,0,6511,37940,37551,62503,46279,41705,0
0,40789,44501,55855,40342,27032,0,29789,0
0,39643,3458,29792,54772,17122,0,17873,0
0,58016,41847,240,48792,12761,41348,5957,0
0,57191,3904,23296,29852,22379,25120,0,0
0,46844,42102,20600,18400,14614,0,0,0
0,22160,41642,23233,14960,39582,38433,0,0
0,46797,33514,39446,13421,47243,0,0,0
0,12420,19703,46780,1803,44539,0,0,0
0,0,46434,39759,5376,35516,5690,0,0
0,0,33857,23288,50336,13269,48182,0,0
0,0,6586,53736,31574,24336,31220,53620,0
0,0,48776,58706,29511,51483,0,41705,0
0,0,26473,21517,16058,21344,64554,29789,0
0,0,43789,55315,47640,64484,40644,17873,0
0,0,33507,33010,55994,27433,0,5957,0
0,0,12730,48802,10606,52231,0,0,0
0,0,21630,53465,31753,5642,0,0,0
0,0,23221,15510,53991,7241,0,0,0
0,59556,26257,47284,43156,5440,27299,0,0
0,3926,60095,8235,24852,59883,12989,0,0
0,0,0,49772,27170,39332,13250,0,0
0,0,0,60268,10428,18180,23444,0,0
0,0,0,36008,22026,40303,60805,53620,0
0,0,0,62717,31976,2849,22437,41705,0
0,0,0,18461,6522,61483,0,29789,0
0,0,0,19954,32063,41182,0,17873,0
0,0,0,13558,29467,42699,0,5957,0
0,0,0,19887,52770,49550,36323,0,0
0,0,0,19791,44583,13090,50462,0,0
0,0,0,43603,18261,47053,0,0,0
0,53376,29545,39587,19641,18701,16257,0,0
0,4116,45859,29288,13769,41355,22906,0,0
0,31625,14682,11307,18055,65515,0,0,0
0,10734,25636,65094,43316,32437,56577,0,0
0,60257,65384,8861,30628,34327,40553,53620,0
0,0,27401,53674,48980,21395,0,41705,0
0,0,22526,33820,25889,30918,1161,29789,0
0,0,25735,19523,31802,25305,53109,17873,0
0,0,36149,60067,6322,17862,37497,5957,0
0,0,61043,14455,61169,40068,13823,0,0
0,0,37791,14907,12607,49648,0,0,0
0,0,60978,6037,5777,13509,16624,0,0
0,60735,9091,31230,4923,2961,19805,0,0
0,30073,43584,61675,5614,33663,34037,0,0
0,39179,30694,48551,26272,51615,0,0,0
0,0,4125,5117,14842,26671,42449,0,0
0,0,0,17924,1068,54380,39057,53620,0
0,0,45203,2819,4100,8080,64801,41705,0
0,65162,16366,34506,11335,23932,3462,29789,0
0,0,53446,26562,19777,13308,19544,17873,0
0,0,36538,34498,6265,23630,0,5957,0
0,0,61604,62248,59296,3947,0,0,0
0,0,12979,2654,41419,12657,0,0,0
0,0,41798,54971,34327,51976,0,0,0
0,0,51804,29365,27694,64898,0,0,0
0,0,14382,57346,52882,23719,40959,0,0
0,0,22320,56685,35792,36190,14411,0,0
0,0,50314,20415,65303,53359,6129,0,0
0,0,45618,64466,27209,51613,8504,53620,0
0,0,13318,21812,31028,5403,14098,41705,0
0,0,0,3892,12185,25922,0,29789,0
0,0,0,11024,52670,50962,28276,17873,0
0,0,0,53667,32257,4869,30629,5957,0
0,0,0,14920,62189,23608,0,0,0
0,0,0,40749,51505,33563,58624,0,0
0,0,9985,52821,17034,24227,27255,0,0
0,0,0,7787,41753,21406,0,0,0
0,0,53478,17009,64805,11695,0,0,0
0,0,57421,55939,44095,44385,9115,0,0
0,5589,80,57917,30284,29492,33761,0,0
0,46809,45202,12284,18428,57106,43658,53620,0
0,23395,15465,12710,23203,2760,32511,41705,0
0,50060,14211,23768,54112,65121,64259,29789,0
0,0,0,8948,36899,33970,60167,17873,0
0,0,0,36475,13729,37915,0,5957,0
0,0,0,9830,11544,58928,64020,0,0
0,0,0,11620,41575,37610,0,0,0
0,0,0,48771,868,51310,0,0,0
0,0,0,898,63223,51326,0,0,0
0,62609,38302,34091,52366,12058,47357,0,0
0,2337,61233,20313,56761,54589,53867,0,0
0,32782,51714,47331,11423,10047,0,53620,0
0,7706,51570,38928,41034,47560,1102,41705,0
0,55496,34965,34045,39152,26436,47000,29789,0
0,11918,22706,61259,24119,53650,8256,17873,0
0,62147,25057,41684,16171,7943,48051,5957,0
0,29462,2811,55336,36986,15003,28321,0,0
0,32854,63137,43143,51494,10051,47733,0,0
0,59542,39652,50267,33003,16914,0,0,0
0,44102,9635,23921,727,41460,0,0,0
0,20915,14297,18795,13173,12922,13333,0,0
0,9221,43928,54716,23849,55616,24904,0,0
0,8553,56328,19454,56256,54825,0,0,0
0,44484,51269,52281,51902,38877,0,53620,0
0,0,0,6183,14004,65428,40302,41705,0
0,0,0,49449,3386,60849,60341,29789,0
0,0,0,11849,32342,11988,0,17873,0
0,0,0,27465,17282,4165,63590,5957,0
0,0,0,27265,43356,11652,63936,0,0
0,0,0,45198,52031,28835,0,0,0
0,0,0,13582,49288,30978,0,0,0
0,0,14878,10003,33630,42074,3264,0,0
0,0,54216,59381,65086,45981,3391,0,0
0,0,25098,14308,65288,34043,21279,0,0
0,0,48083,29476,48063,62066,41368,53620,0
0,0,0,55881,39079,54813,7166,41705,0
0,0,0,10396,12478,5011,43026,29789,0
0,0,0,57194,37589,30216,8410,17873,0
0,0,0,57077,12362,194,0,5957,0
0,0,0,7346,28712,51698,2908,0,0
0,0,0,20905,51832,37767,59577,0,0
0,0,0,21531,17202,10493,33957,0,0
0,0,21616,51136,40403,30141,19330,0,0
0,0,22606,50799,64324,64514,13310,0,0
0,60021,22963,36892,14761,35411,26033,0,0
0,37775,11256,42338,61062,18308,13222,53620,0
0,24284,3095,29917,34194,51609,0,41705,0
0,11402,65470,32078,52885,4723,0,29789,0
0,0,11750,10106,29433,51710,41295,17873,0
0,0,60636,10610,552,55351,0,5957,0
0,0,5575,35361,43342,42422,43385,0,0
0,0,40940,49636,9714,64036,0,0,0
0,0,60715,44835,44533,18489,0,0,0
0,0,23950,49304,46539,7351,0,0,0
0,0,9492,18030,52034,6948,0,0,0
0,0,36747,32799,30595,26359,11727,0,0
0,0,35867,60379,50583,14795,32110,0,0
0,21389,6909,21074,5366,10842,0,53620,0
0,40411,37198,52438,55365,16472,5782,41705,0
0,62169,58572,13271,16405,41917,20172,29789,0
0,0,53469,59523,19656,54502,55221,17873,0
0,0,0,14501,2100,60951,20666,5957,0
0,0,0,2405,16783,58108,0,0,0
0,0,0,42719,46001,14289,38128,0,0
0,406,58208,54301,612,6579,22154,0,0
0,58090,51841,58056,51166,32380,49610,0,0
0,8489,14546,59009,23653,4170,17210,0,0
0,58742,39285,46403,44174,11300,17351,0,0
0,56149,39004,46020,44937,45785,0,0,0
0,60032,10875,20278,24563,39006,0,53620,0
0,0,43584,57748,48633,25447,13305,41705,0
0,0,19959,54767,8750,57422,6414,29789,0
0,0,0,38738,23763,18209,7404,17873,0
0,0,0,36149,28877,45670,0,5957,0
0,0,0,40939,23374,19421,54971,0,0
0,0,0,5962,1090,8314,0,0,0
0,0,0,51417,61951,14520,0,0,0
0,0,0,3472,5462,37201,23953,0,0
0,0,0,60709,19874,23290,0,0,0
0,0,5835,25746,26235,22410,21173,0,0
0,0,37325,2828,9342,47470,12260,0,0
0,0,21851,42037,11502,42405,39922,53620,0
0,0,57994,2164,1301,22073,34546,41705,0
0,0,50278,1656,6391,33715,37121,29789,0
0,0,52629,15590,45304,2310,26526,17873,0
0,0,39347,29029,40938,5022,62096,5957,0
0,0,52298,55500,7674,7130,0,0,0
0,0,51997,17185,22876,8155,33438,0,0
0,0,19970,16486,24814,40028,58066,0,0
0,48646,5749,29257,37699,17177,470,0,0
0,15896,49953,11978,19173,63781,0,0,0
0,48330,14230,3028,46550,43097,0,0,0
0,40554,45267,23687,41416,57854,51519,0,0
0,43274,57579,9138,19830,1325,3504,53620,0
0,28655,46828,18429,48862,31343,0,41705,0
0,43401,7884,55979,62517,29744,31085,29789,0
0,6879,29027,39625,23741,23128,6765,17873,0
0,52956,42870,56383,39972,27735,39636,5957,0
0,36771,14512,7571,10249,42261,0,0,0
0,29363,30203,34455,63997,1642,0,0,0
0,26820,63233,47237,12300,39577,44763,0,0
0,37273,38241,30873,23521,58593,0,0,0
0,9402,39634,47898,1573,47563,55087,0,0
0,0,22153,48097,51396,53121,57928,53620,0
0,0,49306,17771,37703,7631,37614,41705,0
0,0,0,55938,63167,46951,22157,29789,0
0,0,0,29552,28793,11187,53376,17873,0
0,0,0,25555,143,61087,0,5957,0
0,0,0,39317,65460,18381,0,0,0
0,0,0,49181,56275,1101,2453,0,0
0,0,0,57790,29350,62632,54628,0,0
0,0,34564,54145,23508,6735,11181,0,0
0,0,0,31119,50610,42512,0,0,0
0,0,0,40316,63032,62027,17555,0,0
0,0,52229,56191,18284,28188,43457,0,0
0,58086,38639,32862,14960,55714,41027,53620,0
0,36822,24549,44687,41625,20771,3924,41705,0
0,17469,5027,62611,44602,25476,0,29789,0
0,37081,52722,2887,30067,30012,32315,17873,0
0,44647,20133,7735,49734,6882,0,5957,0
0,16372,1468,32770,3112,12771,0,0,0
0,59725,140,17566,5261,34488,50343,0,0
0,30280,14501,47513,44019,55151,22802,0,0
0,0,57156,9844,54774,25527,35918,0,0
0,0,14275,50324,9366,61057,55857,0,0
0,11869,12301,63091,13597,30965,0,0,0
0,514,35643,20176,32171,53225,0,53620,0
0,22322,21069,45165,56614,8520,62632,41705,0
0,0,0,55362,31381,52796,58640,29789,0
0,0,0,61693,55487,40458,61250,17873,0
0,0,0,39283,35100,42238,0,5957,0
0,0,0,21949,7124,38107,0,0,0
0,0,0,23253,49144,7135,51991,0,0
0,0,0,8075,59485,56720,5907,0,0
0,34078,6981,22764,2937,45388,22068,0,0
0,47679,9336,33032,30203,18507,52531,0,0
0,57011,18324,31766,13563,23495,28519,0,0
0,24155,45646,8227,59174,10271,0,0,0
0,9052,24310,38397,62380,3152,0,53620,0
0,64871,45127,5267,47550,597,0,41705,1
0,9943,572,21837,36452,13782,0,29789,0
0,0,0,64937,28770,24943,57820,17873,0
0,0,0,62359,57070,28612,0,5957,0
0,0,0,8514,37928,41961,32682,0,0
0,0,0,33103,33481,2258,56832,0,0
0,0,0,56345,51533,10587,0,0,0
0,0,0,47603,7844,43619,21883,0,0
0,47887,55954,794,26869,40842,54934,0,0
0,0,369,36329,49108,50742,0,0,0
0,0,0,2181,11972,15535,18099,0,0
0,0,0,36877,24196,58535,0,53620,0
0,0,0,50200,42735,20510,49941,41705,0
0,0,0,19498,15810,53552,42885,29789,0
0,0,0,64169,12915,7108,47758,17873,0
0,0,0,37730,50916,38534,0,5957,0
0,0,0,60862,49984,54610,21204,0,0
0,0,0,17819,42295,18269,61481,0,0
0,0,0,47378,9114,37549,55196,0,0
0,0,0,44553,25789,54273,51995,0,0
0,0,39365,18999,49518,46351,0,0,0
0,48363,50210,27505,50791,23689,12133,0,0
0,20426,9779,9283,3246,50103,11706,0,0
0,45072,56913,47201,17687,31470,38688,53620,0
0,25375,64812,49625,41570,59071,2273,41705,0
0,0,0,44081,28827,24650,59429,29789,0
0,0,0,20273,61947,62581,46186,17873,0
0,0,0,47216,60435,10082,20276,5957,0
0,0,0,17977,62309,49384,56487,0,0
0,0,0,10634,20414,22409,43507,0,0
0,0,0,45667,49916,56020,0,0,0
0,0,0,4622,39779,61763,999,0,0
0,0,13609,5020,31888,8666,32907,0,0
0,0,31297,18911,41343,3909,30487,0,0
0,63140,54704,49944,56054,45296,4838,53620,0
0,23429,43552,16495,41783,28058,0,41705,0
0,0,55454,34646,46511,11057,0,29789,0
0,0,0,15154,57933,32883,39197,17873,0
0,0,0,60579,32241,50682,0,5957,0
0,0,0,39816,51156,47550,40936,0,0
0,0,0,47313,18844,3809,59620,0,0
0,0,0,7533,44905,64372,60041,0,0
0,0,0,52478,65429,65054,2404,0,0
0,0,0,26350,43413,46333,2313,0,0
0,0,0,20260,34001,39015,0,0,0
0,0,0,34693,15633,64049,0,0,0
0,0,0,32389,40545,22195,39079,53620,0
0,0,0,7969,61378,28585,58288,41705,0
0,0,0,28544,12341,14918,661,29789,0
0,0,0,53331,17094,26784,34785,17873,0
0,0,0,21639,28810,8827,29973,5957,0
0,0,0,27879,59931,43688,13604,0,0
0,0,0,912,38437,49211,0,0,0
0,0,0,44747,6303,2402,42018,0,0
0,0,0,36518,36246,42751,0,0,0
0,0,13869,25364,38800,7287,34212,0,0
0,0,42524,56231,53199,64922,0,0,0
0,0,0,49245,11873,50495,52111,0,0
0,0,0,14431,6562,36993,61557,53620,0
0,0,13775,61467,32106,19941,4067,41705,0
0,0,56037,11617,31961,32919,16770,29789,0
0,0,0,4409,44471,39616,18632,17873,0
0,0,0,12654,65372,44345,0,5957,0
0,0,0,17358,4084,54325,24316,0,0
0,0,0,23455,55335,11739,46069,0,0
0,0,0,16219,14154,49460,52797,0,0
0,0,0,1039,21841,37493,55931,0,0
0,0,44999,12313,50976,37791,5098,0,0
0,0,0,29815,45467,25308,40347,0,0
0,0,57410,8962,26840,58195,21889,0,0
0,11468,50386,43184,24245,49200,23992,53620,0
0,52457,12049,44875,834,29253,12851,41705,0
0,0,61110,4787,53065,62631,5126,29789,0
0,0,45943,44353,39515,10648,18058,17873,0
0,0,14592,58475,25535,15033,0,0,0
0,0,47102,62531,39451,32122,41378,0,0
0,0,55965,55682,4443,27934,0,0,0
0,0,38204,42145,21043,64966,0,0,0
0,0,28792,30553,33281,60584,0,0,0
0,0,25784,51986,13500,14651,0,0,0
0,36361,33329,19067,40736,29507,27431,53620,0
0,29576,13986,32369,54201,40134,30347,41705,0
0,0,38418,60252,14964,62122,0,29789,0
0,0,0,24475,19483,46224,52012,17873,0
0,0,0,34383,14359,45814,33673,5957,0
0,0,0,38441,12993,37080,26348,0,0
0,0,0,24501,65213,5942,55355,0,0
0,0,0,45122,42899,60496,0,0,0
0,35872,62786,2129,20569,48769,6247,0,0
0,44618,11780,64557,19438,55139,50552,0,0
0,32414,34022,39570,47828,23043,0,0,0
0,23388,24995,65494,35554,52175,20671,0,0
0,0,49919,33643,15164,22759,9958,53620,0
0,0,60633,4580,65500,6283,46949,41705,0
0,0,0,39486,20793,10206,64181,29789,0
0,0,0,45135,25667,48092,57795,17873,0
0,0,0,58430,38934,10325,0,5957,0
0,0,0,56591,55474,2539,51056,0,0
0,0,0,50412,61773,55366,17858,0,0
0,0,0,54270,5461,37258,0,0,0
0,0,15221,52661,9315,9404,29670,0,0
0,0,279,57710,60657,26368,0,0,0
0,0,0,35182,8766,61775,41634,0,0
0,0,59367,52353,24135,3501,27899,0,0
0,0,0,2975,40206,46104,0,53620,0
0,0,0,54509,8173,50086,0,41705,0
0,0,0,32111,55885,37305,7320,29789,0
0,0,0,38572,38275,8588,0,17873,0
0,0,0,3468,6533,9257,2765,5957,0
0,0,0,10620,47250,55974,0,0,0
0,0,0,5393,63413,3573,45486,0,0
0,0,0,12589,27165,45933,45177,0,0
0,0,0,51851,12576,49882,46826,0,0
0,0,62253,10674,38741,8666,24697,0,0
0,0,8229,13083,57842,50832,26925,0,0
0,15764,35859,55456,655,47498,3844,0,0
0,4484,23017,8241,57068,53962,49697,53620,0
0,58873,30865,25000,38403,57764,0,41705,0
0,0,41094,6103,561,8015,3047,29789,0
0,0,0,47246,52338,21930,5791,17873,0
0,0,0,62577,2730,48872,11343,5957,0
0,0,0,17305,32518,1630,0,0,0
0,0,0,44117,50060,48725,0,0,0
0,0,0,57621,42982,18298,57730,0,0
0,43416,54717,56156,58398,141,6835,0,0
0,62312,538,64209,842,29900,35197,0,0
0,29875,15142,3783,890,25527,17064,0,0
0,45696,19063,16270,40236,64291,51708,0,0
0,51117,39853,7334,59986,22076,6509,53620,0
0,36532,44686,1399,60665,3647,22003,41705,0
0,63098,56499,54080,60393,59432,57292,29789,0
0,2991,18010,35024,1486,50651,25573,17873,0
0,60562,60153,0,52644,57590,51953,5957,1
0,42792,5551,57274,19450,53068,0,0,1
0,39697,13665,8114,11090,42805,365,0,1
0,58581,45279,59764,56759,8370,65426,0,1
0,21808,36648,44538,53104,48716,0,0,1
0,20686,9962,17149,56889,50512,40217,0,1
0,14435,56250,0,18937,8344,33039,0,1
0,21363,61330,0,30640,2882,0,0,1
0,29913,34715,0,19644,31425,0,53620,1
0,51851,26825,0,23884,606,0,41705,1
0,53661,4250,28153,31821,7219,4850,29789,1
0,19465,24220,58276,25328,32232,0,17873,1
0,44732,18809,15656,53115,62977,0,5957,0
0,34485,59421,62547,21700,62951,61795,0,0
0,34323,17542,21809,52048,41308,53387,0,0
0,22695,9963,19606,26928,12451,20046,0,0
0,26859,18537,29748,41847,21458,10216,0,0
0,39054,44499,63511,43987,29500,23271,0,0
0,28855,57540,29634,51700,10593,48554,0,0
0,30897,41477,41257,30370,33160,2928,0,0
0,35326,34100,59183,46829,30372,16515,53620,0
0,7350,3217,62693,5882,38517,29692,41705,0
0,0,0,30922,40499,59564,13397,29789,0
0,0,0,59626,55319,33927,26823,17873,0
0,0,0,25179,63666,20231,0,5957,0
0,0,0,9690,62686,63047,9814,0,0
0,0,0,33035,21405,52895,37363,0,0
0,0,0,52243,33206,28089,28738,0,0
0,0,0,4437,18037,29667,47422,0,0
0,0,52866,43276,40638,30536,39549,0,0
0,0,10884,56255,34853,28383,18807,0,0
0,0,0,48371,5909,22216,40615,0,0
0,0,0,1433,27079,15286,723,53620,0
0,0,0,53862,57696,49789,55310,41705,0
0,0,0,51799,44205,44766,8215,29789,0
0,0,0,7845,11350,27130,32761,17873,0
0,0,0,16867,6565,51779,61409,5957,0
0,0,0,28637,60081,2959,53859,0,0
0,0,0,64967,28519,44788,0,0,0
0,0,0,5774,51620,63446,16714,0,0
0,0,0,19039,54369,2771,553,0,0
0,0,0,37548,50541,23824,49465,0,0
0,0,0,59516,11055,587,0,0,0
0,0,0,42524,62263,44013,0,53620,0
0,0,0,21756,15037,11367,0,41705,0
0,0,0,7699,43786,26615,38654,29789,0
0,0,0,5629,56095,7794,21147,17873,0
0,0,0,38356,49663,132,0,5957,0
0,0,0,44705,17501,44490,0,0,0
0,0,0,486,19198,31864,0,0,0
0,0,0,30551,9357,27208,38845,0,0
0,0,27285,35604,11797,49494,40335,0,0
0,0,29466,21947,26322,49871,0,0,0
0,0,16456,53070,23861,6870,0,0,0
0,0,54127,29655,35313,34061,44816,0,0
0,0,0,56233,48211,62012,11233,53620,0
0,0,0,9755,7493,40667,45695,41705,0
0,0,0,29366,45424,2942,0,29789,0
0,0,0,57903,52232,26702,21239,17873,0
0,0,0,2263,41067,45753,10268,5957,0
0,0,0,24351,58152,13401,36104,0,0
0,0,0,39368,33571,15554,20264,0,0
0,0,0,36921,35125,51076,0,0,0
0,0,55739,11897,20887,30815,43586,0,0
0,48510,25504,50869,30536,61583,26313,0,0
0,6802,40486,25114,19850,46053,18332,0,0
0,0,33183,31265,42273,63201,0,0,0
0,0,11800,5743,57810,13605,47091,53620,0
0,0,0,730,56033,7331,3824,41705,0
0,0,0,58725,25059,22184,12655,29789,0
0,0,0,40881,31461,26007,28155,17873,0
0,0,0,22727,2125,52223,44637,5957,0
0,0,0,34471,49757,34505,0,0,0
0,0,22404,15885,48527,54803,0,0,0
0,0,0,31714,23210,60943,10819,0,0
0,0,53519,48307,34406,35834,0,0,0
0,0,0,6449,51107,18739,23334,53620,0
0,0,0,31394,31657,12600,12190,41705,0
0,0,0,3848,45084,20300,3753,29789,0
0,0,0,47032,3290,15882,18912,17873,0
0,0,0,35377,33171,30196,9363,5957,0
0,0,0,51703,62585,50559,30513,0,0
0,0,0,4199,40046,26061,47927,0,0
0,0,0,22533,11542,54170,0,0,0
0,0,0,60525,31307,11661,19382,0,0
0,0,0,17544,26936,1928,0,0,0
0,30259,60883,12423,7613,36303,53102,0,0
0,0,32385,10139,62183,34019,0,0,0
0,0,0,18224,24030,42012,64803,53620,0
0,0,0,12404,3689,59671,51233,41705,0
0,0,0,54056,54019,54132,31027,29789,0
0,0,0,15470,56550,52325,49716,17873,0
0,0,0,63651,47500,39603,38905,5957,0
0,0,0,54627,10888,43445,23967,0,0
0,0,0,8773,54860,62990,0,0,0
0,0,0,45573,62977,32851,15430,0,0
0,0,0,15761,15922,1517,48090,0,0
0,0,12871,18790,52901,5422,46332,0,0
0,11061,24836,42276,60,38099,1438,0,0
0,0,0,23481,46687,34556,0,0,0
0,0,0,16408,53116,46333,13537,53620,0
0,0,0,65118,12854,49209,28776,41705,0
0,0,0,41079,13657,34986,0,29789,0
0,0,0,3634,53053,13971,55073,17873,0
0,0,0,15533,64362,1100,0,5957,0
0,0,0,20531,954,50177,0,0,0
0,0,0,31700,63105,54625,38561,0,0
0,0,0,8049,15892,7495,5018,0,0
0,0,0,30065,4997,14958,23959,0,0
0,0,0,56498,49349,23021,59378,0,0
0,0,0,54877,11294,55442,0,0,0
0,0,8184,27445,45963,29396,0,0,0
0,0,0,57972,41164,29094,0,53620,0
0,0,0,31335,4795,54156,0,41705,0
0,0,0,57801,5169,13648,0,29789,0
0,0,0,797,54000,24893,26781,17873,0
0,0,0,40099,62029,62332,65210,5957,0
0,0,0,39300,27557,15740,13947,0,0
0,0,0,471,49677,31764,46316,0,0
0,0,0,13329,36519,6129,28112,0,0
0,18650,12089,54454,12538,52201,30024,0,0
0,6097,46944,52336,2152,61648,0,0,0
0,0,0,56309,21781,58046,33104,0,0
0,0,0,17283,19091,7329,25692,53620,0
0,0,0,51125,28883,45967,62160,41705,0
0,0,0,6842,9136,555,36215,29789,0
0,0,0,61393,23050,7705,12458,17873,0
0,0,0,62267,57144,10299,0,5957,0
0,0,0,33508,57013,20260,0,0,0
0,0,0,63557,15995,49267,5531,0,0
0,0,0,26492,17116,38554,13744,0,0
0,0,0,54869,63033,10649,34039,0,0
0,0,0,20241,24436,54714,15628,0,0
0,36929,3503,56730,1151,60664,12969,0,0
0,0,50387,17922,47629,61034,0,53620,0
0,0,0,46628,31851,65418,7253,29789,0
0,0,0,8307,55409,52990,3072,17873,0
0,0,0,64278,15907,37683,0,5957,0
0,0,0,312,11570,35872,56230,0,0
0,0,26922,42738,41586,14367,28189,0,0
0,0,0,8798,58192,40143,34485,0,0
0,12862,32244,27532,16346,47599,0,0,0
0,45951,26750,56028,64165,52754,21481,0,1
0,49283,37229,4242,58976,25978,35224,0,1
0,56062,61372,22238,61399,32157,0,0,1
0,39042,62391,36802,56077,6661,0,53620,1
0,63964,63731,12654,60022,54425,46489,41705,1
0,0,0,24295,42524,59966,19217,29789,0
0,0,0,60400,39786,64734,24201,17873,0
0,0,0,8254,8283,20658,1286,5957,0
0,0,0,25419,48329,53656,0,0,0
0,0,0,4919,1718,63056,0,0,0
0,0,0,65364,22996,42801,0,0,0
0,0,41558,33152,7252,20189,0,0,0
0,15720,62119,21622,50326,50473,1405,0,0
0,25505,55875,49618,36930,33891,0,0,0
0,0,43531,18589,45489,17912,0,0,0
0,0,0,16412,55826,26622,51378,53620,0
0,0,0,10706,16090,47016,40976,41705,0
0,0,0,59643,11389,64176,56535,29789,0
0,0,0,18336,45760,23863,0,17873,0
0,0,0,58212,23647,60138,57306,5957,0
0,0,0,37632,47208,59391,0,0,0
0,0,0,37293,38371,63527,27252,0,0
0,0,0,15858,38561,20930,44819,0,0
0,0,0,8481,43588,11846,0,0,0
0,0,0,3663,10513,37932,0,0,0
0,0,26385,14629,45358,17900,27413,0,0
0,25587,18044,45123,53840,57760,35359,0,0
0,0,0,15576,30627,59287,0,53620,0
0,0,0,35010,33820,42765,0,29789,0
0,0,0,14005,56890,33591,19994,17873,0
0,0,0,52881,47617,53422,0,5957,0
0,0,0,4424,21115,30526,0,0,0
0,0,0,58700,65420,12335,56692,0,0
0,0,0,23424,51519,7640,15758,0,0
0,63168,36316,5746,59086,54825,35620,0,0
0,0,19362,41999,32995,10389,0,0,0
0,0,26583,18443,53641,18940,17775,0,0
0,0,0,6325,49538,58744,0,0,0
0,0,0,39750,33468,47032,8739,53620,0
0,0,0,6759,60074,26687,65287,41705,0
0,0,0,31146,47618,65147,0,29789,0
0,0,0,33197,46820,36829,56115,17873,0
0,0,0,7793,11951,57891,61911,5957,0
0,0,0,60813,52554,45975,0,0,0
0,0,0,60423,24604,19038,28713,0,0
0,0,0,53527,33259,8067,27700,0,0
0,0,0,31909,23451,29483,21653,0,0
0,0,0,63424,8991,44711,19330,0,0
0,0,0,49636,43958,32197,15724,0,0
0,0,0,39916,26578,24170,0,41705,0
0,0,0,19109,31189,18976,16768,29789,0
0,0,0,38541,59921,60324,27355,17873,0
0,0,0,38442,29716,22041,63493,5957,0
0,0,0,57443,19299,34786,46728,0,0
0,0,23030,11191,43073,41810,0,0,0
0,0,5406,21323,12597,13545,0,0,0
0,62497,27496,21301,289,64618,8002,0,0
0,61691,8462,32684,33846,27867,0,0,0
0,41258,59543,277,43722,25313,41267,0,0
0,0,9278,45896,43867,32375,0,0,0
0,37453,21368,1603,45907,36080,51013,41705,0
0,60361,58502,3341,20980,64721,25085,29789,0
0,39780,22637,25679,61773,42338,0,17873,0
0,6472,3337,61104,35411,46869,0,5957,0
0,43986,63501,29759,56953,55042,4289,0,0
0,37731,2615,58515,53978,32583,0,0,0
0,45769,3766,61742,29116,1632,43943,0,0
0,27920,58497,57024,38277,1963,27752,0,0
0,14049,15953,33870,38782,2528,0,0,0
0,0,5232,13381,37164,25361,48134,0,0
0,0,1280,29378,52456,18314,1774,0,0
0,0,0,10357,35582,38641,8113,53620,0
0,0,0,32728,47948,48114,51179,41705,0
0,0,0,12288,62577,46038,51324,29789,0
0,0,0,45376,38711,61738,3397,17873,0
0,0,0,34495,43944,33191,27103,5957,0
0,0,0,54119,759,13913,63888,0,0
0,0,0,10635,51570,59915,0,0,0
0,0,0,46637,13215,56717,33134,0,0
0,0,0,1656,46568,1532,40271,0,0
0,0,0,18589,3653,38450,20160,0,0
0,0,0,44943,54967,26179,0,0,0
0,0,0,48496,40741,29167,0,0,0
0,0,0,56351,16491,36698,25134,53620,0
0,0,0,8336,53984,7206,4863,41705,0
0,0,0,42120,12243,26233,0,29789,0
0,0,0,10510,43341,38288,13696,17873,0
0,0,0,28627,52605,49298,30165,5957,0
0,0,0,65097,65231,8591,19271,0,0
0,0,0,9065,52190,1022,25958,0,0
0,0,0,40397,19188,13307,54904,0,0
0,0,0,42607,538,54185,0,0,0
0,0,0,44330,43476,50177,45428,0,0
0,8599,3987,44839,38408,55490,63032,0,0
0,63087,36391,24000,25192,21701,1205,0,0
0,64187,37904,55799,27067,21698,20508,53620,0
0,54290,22497,57319,47428,14208,0,41705,0
0,10096,37616,1971,10058,51291,30815,29789,0
0,0,0,10355,28500,42782,64812,17873,0
0,0,0,33179,21838,31376,28010,5957,0
0,0,0,42537,31392,19474,30452,0,0
0,0,0,32972,4781,64679,22291,0,0
0,0,0,60372,40935,57619,15088,0,0
0,0,57640,41621,16809,21721,34957,0,0
0,44314,37900,33278,12009,15478,45096,0,0
0,23628,58430,42013,3965,33439,2733,0,0
0,7193,14417,4071,10390,45584,0,0,0
0,24480,501,58559,1995,8772,36484,53620,0
0,38562,24956,63334,2865,41688,0,41705,0
0,37691,27372,60690,4335,5798,0,29789,0
0,0,30012,20060,14765,62590,0,17873,0
0,2470,38425,38041,12106,64967,0,5957,0
0,28239,26557,4755,49195,1956,0,0,0
0,50885,28404,20488,50973,53227,9297,0,0
0,44035,33632,31390,25415,2686,0,0,0
0,34416,38500,19440,28651,64673,62496,0,0
0,14815,58755,1110,22229,37489,61422,0,0
0,24,50997,47809,57234,12215,0,0,0
0,0,64640,28841,27739,18301,53340,0,0
0,0,27279,27924,56404,14418,0,53620,0
0,0,18277,25061,49486,21493,0,41705,0
0,0,8732,52965,48531,20725,61301,29789,0
0,0,8604,23877,62842,26390,33243,17873,0
0,0,17404,2651,45015,51374,25767,0,0
0,0,58776,25654,31236,35886,0,0,0
0,59595,31895,40238,7097,19996,63400,0,0
0,43600,50117,35105,22574,48422,36351,0,0
0,35469,8579,26277,4246,50955,60635,0,1
0,61623,57291,16610,4338,34886,12970,0,1
0,10992,25423,7036,61589,10720,0,0,0
0,11531,17449,28048,50505,22084,53830,53620,0
0,5488,18420,43577,45855,46891,23235,41705,0
0,0,0,7637,15070,43266,0,29789,0
0,0,0,40610,7604,1781,0,17873,0
0,0,0,33116,7935,63044,23603,5957,0
0,0,4733,40871,53789,10269,0,0,0
0,0,9783,5182,25806,15904,0,0,0
0,0,0,51710,29828,38188,3246,0,0
0,0,7666,63339,5884,58021,0,0,0
0,0,33749,536,15484,39326,0,0,0
0,44142,7878,18439,45088,47423,57437,0,0
0,0,0,52256,22704,23620,0,53620,0
0,0,0,16161,32066,50845,0,41705,0
0,0,0,3720,47141,26700,19401,29789,0
0,0,0,57467,32871,22818,7868,17873,0
0,0,0,59486,51682,43743,22373,5957,0
0,0,0,39691,32871,19167,0,0,0
0,0,0,9010,14374,49791,40882,0,0
0,0,0,31595,50392,7227,41251,0,0
0,0,0,46195,19408,139,10165,0,0
0,0,0,33166,42926,42149,55940,0,0
0,0,55481,57931,40249,9792,2438,0,0
0,0,0,14982,9435,29169,0,0,0
0,0,0,59804,64900,33921,24763,41705,0
0,0,0,24417,45143,25756,46513,29789,0
0,0,0,34852,4288,47456,58875,17873,0
0,0,0,16407,13362,33897,20590,5957,0
0,0,0,8786,17492,2795,64107,0,0
0,0,0,27240,53366,30924,0,0,0
0,0,0,50603,18850,62936,31751,0,0
0,0,0,18408,20735,58739,3285,0,0
0,0,0,45063,38842,43565,11544,0,0
0,0,0,48058,39983,56958,62095,0,0
0,0,0,31974,64966,22218,40043,0,0
0,0,49635,7601,2336,64856,59933,53620,0
0,36384,30828,31704,8145,28272,8941,41705,0
0,0,0,14329,12654,23735,0,29789,0
0,0,0,18400,18093,37725,13891,17873,0
0,0,0,11246,20396,26010,0,5957,0
0,0,0,45030,47411,14859,25364,0,0
0,0,0,16680,46926,50670,0,0,0
0,0,0,21065,53320,57105,0,0,0
0,21231,64383,32358,43197,60301,16483,0,0
0,4797,53740,13291,14102,29584,49950,0,0
0,55146,29634,0,7969,65119,28740,0,1
0,20637,64384,0,43342,49767,40257,0,1
0,30683,63742,22900,40568,61065,0,41705,0
0,0,0,20257,29407,29157,2577,29789,0
0,0,0,12673,28044,22102,41164,5957,0
0,0,0,60736,4483,28637,0,0,0
0,0,0,60758,47228,7664,0,0,0
0,0,0,38777,9368,21253,29165,0,0
0,0,0,7619,54690,46461,52089,0,0
0,0,0,64279,51781,2302,54347,0,0
0,17756,5163,27314,1504,40204,2635,0,0
0,31817,23716,49247,25022,41788,5822,0,0
0,27588,30931,22076,36185,8202,0,53620,0
0,0,0,25156,32040,58508,0,41705,0
0,0,0,61325,55235,36467,43377,29789,0
0,0,0,50399,55066,21035,20772,17873,0
0,0,0,56123,36402,20676,25061,5957,0
0,0,0,61143,31410,47770,61349,0,0
0,0,0,53967,17646,3771,60541,0,0
0,0,0,16521,23969,4441,38003,0,0
0,65028,47882,54562,22099,15230,35664,0,0
0,29198,17970,36219,20813,12482,15007,0,0
0,58358,61453,42584,17028,43644,0,0,0
0,0,0,18293,32588,0,24072,0,0
0,0,0,46014,40923,5299,27968,53620,0
0,0,0,26125,22005,65109,0,41705,0
0,0,0,1726,34576,55672,0,29789,0
0,0,0,20850,48375,314,0,17873,0
0,0,0,18313,10171,24393,13401,5957,0
0,0,0,64381,43911,16340,45098,0,0
0,0,0,37782,64042,58484,32848,0,0
0,0,0,3637,50261,31052,2712,0,0
0,0,0,48191,21696,3335,22586,0,0
0,0,12398,988,22889,49566,54851,0,0
0,0,43985,64757,48350,33453,45668,0,0
0,0,0,1191,14543,16869,60919,0,0
0,0,0,31846,6448,38678,18512,41705,0
0,0,0,49196,4240,41734,49980,29789,0
0,0,0,12641,26107,9532,0,17873,0
0,0,0,50393,1492,23372,50015,5957,0
0,0,0,52135,52711,5943,23800,0,0
0,0,0,19209,39668,44250,14104,0,0
0,0,0,64641,13464,65386,17109,0,0
0,0,53093,35569,12606,44090,11287,0,0
0,0,0,48730,36456,13313,0,0,0
0,0,0,32001,36585,27291,38073,0,0
0,0,0,57603,5117,28299,4678,53620,0
0,0,0,17617,37049,34403,0,41705,0
0,0,0,53300,64692,8153,2367,29789,0
0,0,0,11923,27168,40499,7451,17873,0
0,0,0,5994,40213,2969,1223,5957,0
0,0,0,38900,8362,36741,0,0,0
0,0,0,61209,47405,43427,3091,0,0
0,0,0,47087,19586,42831,57734,0,0
0,0,0,7601,46715,49752,0,0,0
0,0,0,10573,48960,17490,44619,0,0
0,0,0,60832,13247,54122,40236,0,0
0,0,0,36966,56714,43705,50811,0,0
0,0,10590,32593,1116,16063,37645,53620,0
0,0,44744,36554,18283,11127,0,41705,0
0,0,0,29526,15839,48280,0,29789,0
0,0,0,49799,4974,51801,32050,17873,0
0,0,0,65003,62123,27703,45125,5957,0
0,0,0,45079,1239,61323,0,0,0
0,0,0,47904,34312,13919,42645,0,0
0,0,44174,65211,45674,44743,28169,0,0
0,37982,57645,29066,33871,989,59436,0,0
0,0,0,25251,33960,48790,0,0,0
0,0,0,56135,18449,58742,0,53620,0
0,0,0,54396,38851,60942,8818,41705,0
0,0,0,48342,7740,12716,45568,29789,0
0,0,0,1758,12440,40864,39689,17873,0
0,0,0,63202,9229,36808,0,0,0
0,0,0,61124,28780,7525,0,0,0
0,0,0,6571,29852,62119,52530,0,0
0,0,0,43066,21009,58035,43182,0,0
0,0,0,43866,63672,39860,0,0,0
0,24575,48139,35626,46113,31097,12755,0,0
0,43370,63910,27102,29778,2808,26516,0,0
0,0,0,1854,43120,58424,0,41705,0
0,0,0,17818,55280,5974,35072,29789,0
0,0,0,34546,6493,2436,0,17873,0
0,25639,30620,50491,58642,64653,38806,5957,0
0,48742,26969,41322,29884,9412,64187,0,0
0,25424,49651,11415,65143,6601,3022,0,0
0,64475,796,28059,35938,52350,63028,0,0
0,8004,9991,9843,50568,10587,6504,0,0
0,1190,48947,44101,23332,2475,42045,0,0
0,0,11445,33867,8015,3230,3681,0,0
0,18059,2669,29734,4322,27805,0,0,0
0,14682,36449,5172,19190,60562,0,53620,0
0,22696,27955,64235,8578,5046,35007,41705,0
0,838,56540,56791,5341,33734,22379,29789,0
0,24797,29124,31805,64647,9192,33565,17873,0
0,43343,38698,43063,27669,45751,37031,5957,0
0,30807,59542,34668,22278,50169,0,0,0
0,56536,33218,9178,44204,44922,6944,0,0
0,40544,31548,26342,23493,37881,4693,0,0
0,6809,52163,34947,6938,49689,45995,0,0
0,61917,36908,14042,16024,49965,0,0,0
0,41654,7096,48548,20009,40761,10441,0,0
0,61533,36432,59290,63355,11518,0,0,0
0,31336,12481,41727,61312,49963,0,53620,0
0,43672,14321,58852,23758,13548,0,41705,0
0,2495,7562,64201,58051,49662,48141,29789,0
0,0,0,44871,5467,57753,37086,17873,0
0,0,0,52053,45499,10821,50637,5957,0
0,0,0,59559,21751,57380,35416,0,0
0,0,0,14531,54402,30737,0,0,0
0,0,0,4140,62490,28276,26008,0,0
0,0,0,38985,13969,63406,0,0,0
0,0,0,36167,61787,774,35145,0,0
0,0,0,58900,30665,63165,0,0,0
0,0,18097,39396,34582,48533,0,0,0
0,0,60865,7864,39497,8256,50573,53620,0
0,0,61592,58348,2394,8136,0,41705,0
0,0,24275,8399,59408,60870,0,29789,0
0,61660,21919,18781,25617,7841,29782,17873,0
0,40358,19106,64798,31131,33477,40843,5957,0
0,0,64841,60139,45370,37589,0,0,0
0,0,60567,46705,57706,20459,0,0,0
0,39885,59763,20955,34042,12936,20663,0,0
0,11870,30807,49401,12222,37117,43795,0,0
0,17972,65447,59753,65188,55045,55741,0,0
0,0,54949,3719,40397,52628,0,0,0
0,0,0,11109,4917,63500,57713,0,0
0,0,0,22945,42438,4044,42786,53620,0
0,0,0,21344,29757,2056,59700,41705,0
0,0,0,17517,62604,56980,58773,29789,0
0,0,0,43036,39119,9989,64069,17873,0
0,0,0,20300,62372,63489,63112,5957,0
0,0,0,54758,56475,16275,0,0,0
0,0,0,18018,48549,25999,0,0,0
0,0,0,52080,16932,41062,36187,0,0
0,0,53633,63138,58152,30188,19468,0,0
0,60898,53369,24032,10500,38027,960,0,0
0,13716,37589,26817,26215,42177,0,0,0
0,0,0,37345,17971,19152,0,0,0
0,0,0,47555,37103,0,40913,53620,0
0,0,0,53239,40144,44388,4105,29789,0
0,0,0,30462,28161,44589,2357,17873,0
0,0,0,41631,33321,52087,0,5957,0
0,0,0,53136,48663,1040,13049,0,0
0,0,0,5693,51455,59862,39978,0,0
0,0,0,2940,26841,12717,15447,0,0
0,0,0,8806,867,26526,19261,0,0
0,0,0,47340,22381,61221,63191,0,0
0,0,0,32497,19708,18992,0,0,0
0,0,0,16942,28495,16659,0,53620,0
0,0,0,48610,53755,56532,0,41705,0
0,0,0,24078,27873,60084,31544,29789,0
0,0,0,50926,55813,10580,28761,17873,0
0,0,0,39229,62878,17363,3638,5957,0
0,0,0,1210,30155,12639,0,0,0
0,0,0,5982,45300,24106,0,0,0
0,0,0,16320,48807,10819,23392,0,0
0,27839,6536,48816,32008,38520,30612,0,0
0,0,24334,64300,34344,42019,0,0,0
0,0,0,22885,7688,52419,0,0,0
0,0,0,15304,40544,56233,59799,53620,0
0,0,0,34505,36533,45773,0,41705,0
0,0,0,20948,64503,48460,47368,29789,0
0,0,0,49913,1404,13485,0,17873,0
0,0,0,41136,10143,5589,60589,5957,0
0,0,0,36142,13076,13838,0,0,0
0,0,0,22163,26261,8038,64239,0,0
0,0,0,11960,63975,10589,0,0,0
0,0,4450,31978,38129,471,3597,0,0
0,53482,23874,28952,33250,52521,17789,0,0
0,2540,14305,20203,39095,6159,1779,0,0
0,49464,44939,42536,53797,64864,3413,0,0
0,0,0,63029,58672,28471,62596,41705,0
0,0,0,9773,54222,31724,0,29789,0
0,0,0,1497,23601,59401,34922,17873,0
0,0,0,36732,36846,57379,0,5957,0
0,0,0,53702,49801,31592,0,0,0
0,0,0,11487,45876,1882,0,0,0
0,0,0,58550,53094,34226,63886,0,0
0,0,51182,5582,212,35159,9589,0,0
0,20619,2425,62141,1599,22979,25631,0,0
0,63655,18434,50069,15540,48777,15275,0,1
0,8515,62727,29149,7015,19844,0,0,0
0,0,13771,48460,24628,59439,60213,53620,0
0,0,14236,34716,13374,60701,12103,41705,0
0,0,35417,7354,14642,61498,0,29789,0
0,0,52560,55845,27996,10951,30330,17873,0
0,0,19446,56658,26447,61469,0,5957,0
0,0,53514,15318,56108,57375,26522,0,0
0,0,39831,60585,13165,59259,0,0,0
0,0,42837,56451,62630,25331,57212,0,0
0,0,4612,54460,2764,55141,0,0,0
0,2017,36443,43555,53892,14217,0,0,0
0,30410,815,37964,10370,65384,38158,0,0
0,4704,5392,28612,56709,61108,0,0,0
0,0,34460,40813,10701,15728,30003,53620,0
0,0,48839,14504,18012,48891,48677,41705,0
0,0,2366,37423,451,9508,0,29789,0
0,0,1446,56605,31331,38175,29705,17873,0
0,0,34122,11249,5180,18291,55559,5957,0
0,0,18722,26836,22260,64948,0,0,0
0,0,20901,31971,32399,48165,0,0,0
0,0,15238,670,21128,12416,39466,0,0
0,0,52272,649,53074,14528,19817,0,0
0,28015,10758,1738,11514,25580,0,0,0
0,0,889,28273,13096,13443,0,0,0
0,0,64746,60336,27879,17337,42130,0,0
0,0,0,63454,12599,3152,16002,53620,0
0,0,0,18903,30856,37433,0,41705,0
0,0,0,7554,16617,32765,0,29789,0
0,0,0,7824,29441,13492,0,17873,0
0,0,0,2643,52134,20980,30157,5957,0
0,0,0,35930,24053,47646,0,0,0
0,0,0,59703,38686,24072,11558,0,0
0,0,26086,38508,47922,64487,48185,0,0
0,0,40077,62994,14293,46271,0,0,0
0,0,25632,42337,17043,28240,18489,0,0
0,1698,41967,36796,1966,13632,0,53620,0
0,64368,26724,41100,10871,51313,62802,41705,0
0,37408,40358,11288,38463,57925,18267,29789,0
0,0,15328,17283,19410,1625,61104,17873,0
0,0,30579,20822,9582,27716,59535,5957,0
0,0,41914,5050,44161,22030,0,0,0
0,0,45341,52901,17323,34995,0,0,0
0,0,51470,46031,23989,20252,2669,0,0
0,0,0,21070,22521,47184,60607,0,0
0,0,4491,56725,4478,57933,5637,0,0
0,0,0,19681,47262,5502,5685,0,0
0,18039,55441,3404,61817,53380,0,0,0
0,0,0,58087,19888,61860,0,53620,0
0,0,0,23035,13092,51741,0,41705,0
0,0,0,4793,12505,41109,2507,29789,0
0,0,0,53580,46879,47879,9216,17873,0
0,0,0,46788,30848,25333,20315,5957,0
0,0,0,19613,41981,49885,0,0,0
0,0,0,31458,50844,13553,40351,0,0
0,0,0,63845,56769,38209,0,0,0
0,0,0,46112,33564,42218,12603,0,0
0,0,0,3747,9347,47590,54628,0,0
0,0,0,35396,28638,47884,0,0,0
0,0,0,21518,35984,22136,27440,0,0
0,0,0,14925,34024,53175,25200,41705,0
0,0,0,51915,19716,3143,0,29789,0
0,0,0,4529,49576,5136,7358,17873,0
0,0,0,12559,15352,18723,2239,5957,0
0,0,0,63564,26575,64819,0,0,0
0,0,0,10571,29032,6122,12169,0,0
0,0,0,47026,31640,34344,55353,0,0
0,0,0,1602,34560,34720,63233,0,0
0,0,33023,19179,15546,34784,18960,0,0
0,19164,10304,29597,64290,62915,53329,0,0
0,0,0,63872,6222,55172,0,0,0
0,0,25893,6971,30194,38166,17780,53620,0
0,0,0,41993,53352,18224,0,41705,0
0,0,0,13652,41331,19872,49720,29789,0
0,0,0,41497,42966,42301,2311,17873,0
0,0,0,10828,23201,27776,0,5957,0
0,0,0,41492,21595,45761,63435,0,0
0,0,0,35561,6509,50235,35210,0,0
0,0,0,7565,63784,3650,0,0,0
0,0,0,51542,60738,50465,23450,0,0
0,0,65419,62794,30997,48872,48699,0,0
0,63949,53750,29358,39926,417,9173,0,0
0,54932,564,16514,4246,23566,34749,0,0
0,62204,16666,34970,58291,54739,23199,53620,1
0,50812,11411,4593,42298,6381,0,41705,0
0,7149,29373,16037,25618,43275,1952,29789,0
0,0,0,65190,63225,63372,30020,17873,0
0,0,0,40511,41903,60164,26586,5957,0
0,0,0,44291,54443,31948,39908,0,0
0,0,0,60277,53079,22470,61968,0,0
0,0,0,11524,45,6218,0,0,0
0,0,302,42358,17002,25207,0,0,0
0,34287,16130,37438,32764,854,8731,0,0
0,768,1045,3719,37004,7139,10458,0,1
0,31927,39841,57550,64617,58317,3261,0,0
0,55377,49337,27864,5747,39260,37569,53620,0
0,21722,1457,6691,2497,49738,53976,41705,0
0,42084,20901,63725,47221,2626,8637,29789,0
0,23981,22574,42158,53391,6218,0,17873,0
0,58485,12715,30978,13130,4824,56057,5957,0
0,54785,1779,6528,60616,29756,60351,0,0
0,26276,41429,27692,33374,27539,39898,0,0
0,4608,48612,24776,34678,19887,0,0,0
0,0,61107,18878,7487,2197,39356,0,0
0,0,0,5255,36207,19325,23170,0,0
0,0,0,6835,8414,41994,28224,0,0
0,0,0,24839,55565,20443,333,53620,0
0,0,0,7315,62794,49698,10995,41705,0
0,0,0,5802,10353,25028,0,29789,0
0,0,0,22870,55492,61656,61996,17873,0
0,0,0,2160,4034,16154,0,5957,0
0,0,0,38699,9587,23628,0,0,0
0,0,0,54593,35665,29344,0,0,0
0,0,0,41732,28332,29737,63869,0,0
0,0,0,54183,27128,46289,58415,0,0
0,0,0,12908,4346,57079,48493,0,0
0,0,0,15456,43591,50085,0,0,0
0,0,0,8724,31590,60258,48118,53620,0
0,0,0,51263,9932,60864,0,41705,0
0,0,0,40171,40255,30004,9840,29789,0
0,0,0,7054,26361,36144,61240,17873,0
0,0,0,21306,30876,59852,0,5957,0
0,0,0,60904,5253,32859,52506,0,0
0,0,0,45320,12282,10576,18584,0,0
0,0,0,8162,42543,7077,24882,0,0
0,0,0,44904,48755,18153,13814,0,0
0,0,0,54159,61893,40213,57750,0,0
0,0,30373,14479,52528,4550,0,0,0
0,0,41447,2671,58662,1418,0,0,0
0,0,5829,37186,54559,9428,52318,53620,0
0,0,0,16261,8963,31346,40060,41705,0
0,0,0,50996,10401,6075,1553,29789,0
0,0,0,15812,46750,40683,0,17873,0
0,0,0,4465,29960,56599,0,5957,0
0,0,0,32362,30284,42619,37844,0,0
0,0,0,7873,16349,64542,61470,0,0
0,0,0,5311,21225,32665,0,0,0
0,0,0,21170,26214,28651,0,0,0
0,0,29724,57253,26803,53645,397,0,0
0,37367,23915,25078,58575,28472,40465,0,0
0,16577,56881,38514,14045,43422,0,0,0
0,0,45883,44978,57270,5916,0,53620,0
0,0,53806,20988,27000,32817,55256,41705,0
0,0,21074,4329,34569,43650,18050,29789,0
0,0,0,17524,16634,53650,48503,17873,0
0,0,0,2014,53155,21657,0,5957,0
0,0,0,32625,31639,22562,36259,0,0
0,0,0,19710,14793,26876,5443,0,0
0,0,0,64745,30449,49726,14073,0,0
0,0,0,34094,15143,9580,7855,0,0
0,0,4828,27145,41385,47357,44861,0,0
0,26517,37149,47893,3255,1726,24470,0,0
0,52515,35159,8036,435,12327,47331,0,0
0,20191,13006,60627,42462,62776,6644,53620,0
0,42783,20336,22181,34084,32481,48698,41705,0
0,0,22101,56640,61632,9214,13625,29789,0
0,0,30968,57745,52469,12233,0,17873,0
0,0,15756,58275,38916,49989,64176,5957,0
0,0,23602,54015,15871,46719,17160,0,0
0,0,31784,59199,54839,12218,0,0,0
0,60568,47716,11925,24211,39750,0,0,0
0,32694,64221,6139,65159,1754,1071,0,0
0,31457,60905,53638,62486,38256,0,0,0
0,12849,60037,57852,65186,51368,21242,0,0
0,41333,57324,56377,22124,61654,16355,53620,0
0,11409,23885,4744,45747,31216,0,41705,0
0,24335,17600,23425,16885,57674,0,29789,0
0,53860,52401,42187,10308,62178,0,17873,0
0,63699,49752,63837,46115,19019,8349,5957,0
0,56300,34585,28085,43222,4917,0,0,0
0,38558,5958,48714,44158,1094,23959,0,0
0,13067,35040,14118,38002,16294,59815,0,0
0,57457,45922,57744,61470,17315,0,0,0
0,13454,20254,2554,5179,55915,0,0,0
0,11990,58017,49026,1288,43477,0,0,0
0,0,0,19283,3382,17019,955,53620,0
0,0,0,64100,41477,62936,0,41705,0
0,0,0,46721,50609,59547,0,29789,0
0,0,0,24838,26856,41610,3519,17873,0
0,0,0,1591,11575,716,1542,5957,0
0,0,0,11058,51169,17715,0,0,0
0,0,0,4213,33483,47419,0,0,0
0,0,0,17343,46064,27224,3844,0,0
0,0,0,57609,38222,56035,55602,0,0
0,9100,49833,55932,1424,60003,32163,0,0
0,20022,4333,21944,925,35768,62744,53620,0
0,0,0,9653,49540,47661,0,41705,0
0,0,0,32866,31717,25382,0,29789,0
0,0,0,45706,54751,31546,0,17873,0
0,0,0,18575,24991,16754,55812,5957,0
0,0,0,46539,21662,60574,50667,0,0
0,0,0,5994,42030,11187,0,0,0
0,0,0,31280,61745,17534,0,0,0
0,0,0,60908,63049,38886,0,0,0
0,0,0,56555,1397,12256,7314,0,0
0,0,0,21162,48548,23465,23890,0,0
0,0,0,42684,35518,35674,11228,0,0
0,0,0,37427,10100,55987,0,53620,0
0,0,0,35093,37794,45169,5678,41705,0
0,0,0,52007,50727,6820,10033,29789,0
0,0,0,1936,30669,10489,64881,17873,0
0,0,0,54548,51147,15359,32812,5957,0
0,0,0,20738,14592,58443,34574,0,0
0,0,0,26603,53515,3895,40565,0,0
0,0,0,35676,36501,53130,0,0,0
0,0,0,35233,54745,8394,18627,0,0
0,0,0,30560,14243,49565,54553,0,0
0,0,46623,15922,37653,11189,32942,0,0
0,0,19455,44668,54171,27468,32236,0,0
0,0,30372,52136,3756,50950,45873,53620,0
0,0,0,22211,53158,28869,34367,41705,0
0,0,0,29081,29512,49814,32650,29789,0
0,0,5751,40592,49130,13079,21053,17873,0
0,0,39373,54706,27106,52057,990,5957,0
0,0,40656,33700,8283,60757,0,0,0
0,0,53467,50996,36082,11678,0,0,0
0,0,44220,32738,41499,46007,38758,0,0
0,0,0,5322,11495,49843,36230,0,0
0,0,0,1162,6234,38166,64346,0,0
0,0,0,43942,8918,49183,0,0,0
0,0,18903,21726,15388,43605,38066,0,0
0,49423,496,52315,35899,20270,63646,53620,0
0,61677,49561,24877,19748,48527,57848,41705,0
0,31578,53317,50281,41066,11997,0,29789,0
0,37452,42887,25330,12009,43960,27284,17873,0
0,32962,51215,38057,31246,1271,32963,5957,0
0,59642,42519,21713,53884,61139,0,0,0
0,9632,50049,31058,9752,65026,0,0,0
0,10006,45640,3595,17140,13493,36454,0,0
0,21183,14355,11677,37984,36977,55607,0,0
0,3911,64663,65434,37723,63609,0,0,0
0,0,13093,51746,10871,26921,0,53620,0
0,0,0,43760,57199,62218,15495,41705,0
0,0,0,50562,51325,7012,52013,29789,0
0,0,0,14146,15898,14295,63760,17873,0
0,0,0,50039,55373,44585,0,5957,0
0,0,0,41177,37514,21634,21795,0,0
0,0,0,28959,62763,60336,55853,0,0
0,0,0,14078,43559,552,37807,0,0
0,0,0,40444,13829,15260,0,0,0
0,0,0,64591,4045,52988,57023,0,0
0,0,0,15168,13905,1704,16613,0,0
0,0,0,1492,46757,32068,0,0,0
0,0,0,34024,20760,34912,0,53620,0
0,0,0,61867,28644,52224,48100,41705,0
0,0,0,25730,52178,57388,0,29789,0
0,0,0,12387,44510,37799,45741,17873,0
0,0,0,61379,44,40451,0,5957,0
0,0,0,1499,30209,30460,0,0,0
0,0,0,12660,24358,4422,0,0,0
0,0,0,1107,31108,64947,0,0,0
0,0,0,57978,39816,41175,50445,0,0
0,0,0,49774,5714,35450,20992,0,0
0,0,0,22337,3965,1137,33074,0,0
0,0,0,63422,47486,16492,0,53620,0
0,0,34012,40422,51546,28922,0,41705,0
0,0,0,51709,43160,40242,0,29789,0
0,0,0,12167,4414,43423,41560,17873,0
0,0,0,59139,21838,53277,57196,5957,0
0,0,0,61092,24418,58751,0,0,0
0,0,0,40993,33552,3863,13676,0,0
0,0,22279,5680,61356,64057,16021,0,0
0,0,7045,1929,37440,21892,7145,0,0
0,0,50034,30395,17574,32106,724,0,0
0,0,0,17869,54193,63622,0,53620,0
0,0,0,4503,20422,7813,0,41705,0
0,0,0,57251,29346,17620,27030,29789,0
0,0,0,60986,4229,43027,56558,17873,0
0,0,0,9500,38046,11894,0,5957,0
0,0,0,30342,827,52800,0,0,0
0,0,0,3346,49085,50871,0,0,0
0,0,0,8692,667,7119,52961,0,0
0,0,0,38028,38761,31161,37891,0,0
0,0,0,37589,52216,31677,47859,0,0
0,0,11778,54243,46192,8828,48489,0,0
0,0,0,27224,18205,970,0,53620,0
0,0,0,46426,54375,27565,1834,41705,0
0,0,0,13235,9733,30204,1952,29789,0
0,0,0,27219,45900,31191,41725,17873,0
0,0,0,46258,47465,7324,0,5957,0
0,0,0,37050,6447,8545,40865,0,0
0,0,0,9234,11323,54874,0,0,0
0,0,0,39206,28254,64568,0,0,0
0,0,0,23603,26488,18807,20360,0,0
0,0,0,12490,27557,8707,20879,0,0
0,0,0,27340,17316,50319,0,0,0
0,0,0,16423,5002,21489,0,53620,0
0,0,0,6131,41168,41523,0,41705,0
0,0,0,13848,61630,20231,0,29789,0
0,0,0,35382,64977,24081,0,17873,0
0,0,0,3086,20811,11076,0,5957,0
0,0,0,12665,1672,57693,44055,0,0
0,0,0,57554,63600,11096,52533,0,0
0,0,0,641,48459,13332,49881,0,0
0,0,0,49648,3082,628,0,0,0
0,0,44677,24110,61541,278,7281,0,0
0,0,0,15110,40157,51704,15909,0,0
0,0,0,7901,15459,1531,16206,53620,0
0,0,0,8958,19794,35052,0,41705,0
0,0,0,35983,49165,64566,27097,29789,0
0,0,0,19241,2785,48412,45416,17873,0
0,0,0,11334,36092,14798,24999,5957,0
0,0,0,31489,16355,63944,0,0,0
0,0,0,29456,30375,31110,51754,0,0
0,0,0,56228,36290,7474,36385,0,0
0,0,0,7154,55569,50670,65431,0,0
0,0,0,28834,7311,39846,42488,0,0
0,0,0,65386,8560,43920,7268,0,0
0,0,0,471,27775,51027,39428,0,0
0,19081,33839,17558,2072,11552,0,53620,0
0,2544,49584,64115,6021,25023,0,41705,0
0,51930,17933,24819,5946,19746,32375,29789,0
0,31121,60831,61198,40409,56088,35799,17873,0
0,11156,889,54137,44459,17220,0,5957,0
0,16877,37911,27198,65058,12525,0,0,0
0,28937,5262,39035,24832,1940,9725,0,0
0,39993,45822,13585,10296,36756,0,0,0
0,52282,45558,10883,50041,46645,58956,0,0
0,36277,49603,50737,51194,15313,0,0,0
0,32376,51397,7862,41644,17813,49193,0,0
0,64127,13403,39844,57002,7470,52545,0,0
0,0,0,13687,40696,9785,56239,53620,0
0,0,0,54232,58568,35792,57320,41705,0
0,0,0,55768,23021,52555,29832,29789,0
0,0,0,29642,42091,27088,50534,17873,0
0,0,0,64358,39777,22917,0,5957,0
0,0,0,11300,62157,13501,0,0,0
0,0,0,28811,61341,18721,0,0,0
0,0,0,51219,39421,58573,9189,0,0
0,0,0,14342,60952,62917,8164,0,0
0,0,0,25530,12339,10063,10620,0,0
0,0,0,49573,21957,30686,0,0,0
0,0,0,51760,32012,20311,46777,53620,0
0,0,0,48223,5057,203,10818,41705,0
0,0,0,63092,41093,5007,61974,29789,0
0,0,0,1169,5480,58014,26413,17873,0
0,0,0,58701,31388,48414,32650,5957,0
0,0,0,6819,37683,11263,21884,0,0
0,0,0,32945,19805,63750,28848,0,0
0,0,0,64256,12268,17700,20155,0,0
0,0,0,35766,38005,55730,12448,0,0
0,0,0,21166,38658,55375,0,0,0
0,0,0,11697,62248,53982,10170,0,0
0,0,0,27149,64236,625,0,0,0
0,0,0,42954,43182,57403,45076,53620,0
0,0,0,39160,3736,21042,0,41705,0
0,0,0,32884,793,10866,62839,29789,0
0,0,0,24645,34608,50022,43295,17873,0
0,0,0,51080,40795,6786,46532,5957,0
0,0,0,39975,17662,32310,0,0,0
0,0,0,25310,20180,12023,10748,0,0
0,0,0,41821,29948,14194,46371,0,0
0,0,0,30287,59945,4868,0,0,0
0,0,0,41425,48284,5863,3917,0,0
0,0,0,6236,25365,49728,847,0,0
0,0,0,37940,22102,61211,13227,53620,0
0,0,0,51994,39014,3809,0,41705,0
0,0,0,35640,45149,36367,0,29789,0
0,0,0,8457,30486,56024,0,17873,0
0,0,0,2722,44110,62380,39834,5957,0
0,0,0,12898,31193,31606,51902,0,0
0,0,0,57630,38139,47537,0,0,0
0,0,0,60963,46842,50798,30171,0,0
0,0,0,3917,41726,9596,1412,0,0
0,0,0,35303,9528,34077,4133,0,0
0,0,0,54666,35446,63151,0,0,0
0,0,0,2869,28984,53403,64983,0,0
0,0,0,22603,54986,13949,0,53620,0
0,0,0,17333,50651,16822,29680,41705,0
0,0,0,12176,12595,43470,29303,29789,0
0,0,0,11214,39034,6474,29707,17873,0
0,0,0,57515,10532,46651,34228,5957,0
0,0,0,43871,31860,40433,0,0,0
0,0,0,12047,19610,14995,62821,0,0
0,0,0,30954,39345,28767,41592,0,0
0,0,54291,54690,2132,42935,9104,0,0
0,0,8916,28838,14168,10299,41799,0,0
0,64252,43778,63177,14917,22175,0,0,0
0,0,0,44192,58271,14214,26387,53620,0
0,0,0,13538,10492,63887,7418,41705,0
0,0,0,35769,13395,30807,61338,29789,0
0,0,0,33929,33666,52683,0,17873,0
0,0,0,28906,38942,56367,16695,5957,0
0,0,0,8091,33260,58242,31780,0,0
0,0,0,4601,25952,47620,63312,0,0
0,0,38100,49373,39186,31607,62121,0,0
0,15678,8129,27434,59213,7922,64400,0,0
0,0,21389,2768,19136,25441,0,0,0
0,0,4133,42095,3392,34811,36267,53620,0
0,0,52126,16404,12140,19656,0,41705,0
0,0,0,20785,8070,46985,0,29789,0
0,0,0,57576,39658,41754,38842,17873,0
0,0,0,33326,43160,18078,49396,5957,0
0,0,0,21358,60832,36607,0,0,0
0,0,0,32990,40156,41395,0,0,0
0,0,0,16305,61776,60703,0,0,0
0,0,0,57051,6469,13814,20711,0,0
0,0,0,63219,37098,26203,52609,0,0
0,0,0,4225,58555,41489,51404,0,0
0,0,64855,62265,287,48122,42961,0,0
0,0,0,29292,49358,37654,0,53620,0
0,0,0,17743,12843,15742,24932,41705,0
0,0,0,13486,39566,8251,2122,29789,0
0,0,0,8169,2073,55289,0,17873,0
0,0,0,28017,32279,13638,0,5957,0
0,0,0,55693,63985,30517,0,0,0
0,0,0,54610,29629,45202,0,0,0
0,0,0,61423,42871,57279,0,0,0
0,0,0,150,52492,26942,0,0,0
0,0,0,52550,53613,27880,0,0,0
0,0,6003,17154,6294,23502,55871,0,0
0,0,0,2837,58912,15234,53466,0,0
0,0,0,45831,65361,42705,19817,53620,0
0,0,0,42793,47375,43685,59505,41705,0
0,0,0,30124,55764,23606,29490,29789,0
0,0,0,26411,4592,20439,0,17873,0
0,0,0,56447,60510,16079,59470,5957,0
0,0,0,38713,3464,63417,48104,0,0
0,0,0,30956,55255,12180,0,0,0
0,0,0,40047,55777,51151,34841,0,0
0,0,0,646,55618,55840,64662,0,0
0,0,0,139,36983,48550,56753,0,0
0,0,0,44135,10792,13977,16408,0,0
0,0,0,5006,36911,33710,40330,0,0
0,0,0,47002,59680,49167,0,53620,0
0,0,0,36615,14058,63461,6461,41705,0
0,0,0,43928,39871,56620,10395,29789,0
0,0,0,12870,5391,51103,0,17873,0
0,0,0,4652,12387,41554,13532,5957,0
0,0,0,42065,51515,2445,0,0,0
0,0,0,44486,16161,61261,14376,0,0
0,0,0,11091,33441,17768,33477,0,0
0,0,0,15149,7133,48202,0,0,0
0,0,34289,4681,11885,7655,23868,0,0
0,0,0,50466,1570,30692,0,0,0
0,31692,59138,53001,21085,6453,0,53620,0
0,28623,26860,6638,36544,7264,45313,41705,0
0,0,29735,27554,30660,18169,0,29789,0
0,0,0,43562,44964,15041,9183,17873,0
0,0,0,32036,13454,478,0,5957,0
0,0,0,42726,12917,60191,57157,0,0
0,0,0,56721,33676,14915,52795,0,0
0,0,0,64637,18684,19781,5093,0,0
0,0,0,21036,22848,37231,36190,0,0
0,0,0,25674,13049,52921,0,0,0
0,0,18848,56971,13189,38959,15032,0,0
0,0,0,49296,12812,40695,0,0,0
0,0,0,41624,24731,14412,52162,53620,0
0,0,0,54350,57942,35519,48876,41705,0
0,0,0,15569,37738,18683,38970,29789,0
0,0,0,62744,63982,32322,57967,17873,0
0,0,0,1514,47250,16772,64333,5957,0
0,0,0,31337,5870,61755,41092,0,0
0,0,0,15757,60248,16511,20242,0,0
0,0,0,21563,30332,2554,59255,0,0
0,0,0,43907,36803,30596,0,0,0
0,0,0,58056,58048,43620,5290,0,0
0,0,25015,29910,51959,60363,51911,0,0
0,0,60100,64540,16562,6140,53678,53620,0
0,0,54510,37611,56211,34972,1407,41705,0
0,56908,32472,16776,48225,65242,2834,29789,0
0,47087,18809,16779,33120,25703,2160,17873,0
0,65511,40937,41722,62613,32107,0,5957,0
0,28684,40399,17464,33465,1622,0,0,0
0,60753,24109,5085,43748,55249,0,0,0
0,50435,57213,32331,7682,7966,0,0,0
0,22893,25071,37739,29833,26294,42268,0,0
0,32228,17690,32543,44477,51677,2940,0,0
0,0,0,41967,62121,34719,0,0,0
0,0,0,18674,23908,0,0,0,0
0,0,0,40601,43215,54770,40851,53620,0
0,0,0,38294,40952,2718,0,41705,0
0,0,0,9396,27690,64551,41597,29789,0
0,0,0,62541,60761,63786,44811,17873,0
0,0,0,63299,51842,62095,37584,5957,0
0,0,0,32000,32849,46742,11197,0,0
0,0,0,59848,62179,22806,0,0,0
0,0,0,46186,63296,16262,0,0,0
0,0,0,11845,18486,11575,0,0,0
0,0,0,56519,49987,35456,0,0,0
0,0,36300,49194,46251,2729,0,0,0
0,0,0,63561,35128,38176,58324,0,0
0,0,0,4662,1638,43367,52254,53620,0
0,0,0,59273,59876,55582,0,41705,0
0,0,0,22653,60368,12321,0,29789,0
0,0,0,31666,21926,28655,0,17873,0
0,0,0,65535,43561,43387,0,5957,0
0,0,0,546,9605,46545,0,0,0
0,0,0,53219,23876,10108,29749,0,0
0,0,0,33085,6565,32921,32039,0,0
0,0,0,22312,18693,63717,3365,0,0
0,0,4976,1861,7830,18479,6287,0,0
0,0,0,30105,4667,2868,0,0,0
0,0,0,4048,33530,32968,6992,0,0
0,0,0,16582,20089,49586,35096,53620,0
0,0,0,34468,53778,29020,0,41705,0
0,0,0,56626,43324,28009,13892,29789,0
0,0,0,36182,54514,60208,60121,17873,0
0,0,0,26053,55581,23604,58513,5957,0
0,0,0,37183,19722,31960,50928,0,0
0,0,0,5862,16430,503,0,0,0
0,0,0,30226,53302,1820,5065,0,0
0,0,0,12540,8488,33197,0,0,0
0,0,0,5303,58364,29588,0,0,0
0,0,0,22950,45585,40346,0,0,0
0,0,0,6221,3330,10737,43673,0,0
0,0,0,38958,53817,14739,0,53620,0
0,0,0,47317,60437,56183,37877,41705,0
0,0,0,33892,15591,14362,0,29789,0
0,0,0,27561,40932,3713,27909,17873,0
0,0,0,30466,65021,16158,17662,5957,0
0,0,0,23890,53018,35606,0,0,0
0,0,0,64243,31762,26724,22103,0,0
0,0,0,35289,6345,5342,6839,0,0
0,0,0,46207,64635,62270,4729,0,0
0,0,0,51286,48636,19086,24375,0,0
0,0,0,33490,3582,30466,48088,0,0
0,0,43581,38914,44791,5822,43219,0,0
0,0,0,37224,28409,24445,0,53620,0
0,0,0,12067,38880,30549,5947,41705,0
0,0,0,37606,59344,22412,0,29789,0
0,0,0,36591,12208,44746,0,17873,0
0,0,0,313,54253,21795,0,0,0
0,0,0,12674,33125,31012,30156,0,0
0,0,0,12473,59439,24971,0,0,0
0,0,0,2139,31558,53900,0,0,0
0,0,39293,15634,61203,35307,29928,0,0
0,43041,60754,51519,35318,10814,56368,0,0
0,0,0,26013,15334,59737,0,0,0
0,0,0,50113,28519,51048,0,53620,0
0,0,0,50546,9724,21195,33423,41705,0
0,0,0,15294,30485,24363,46291,29789,0
0,0,0,13369,30742,16863,0,17873,0
0,0,0,2565,23705,58505,36934,5957,0
0,0,0,12789,32324,50042,0,0,0
0,0,0,6358,30946,32027,0,0,0
0,0,0,18066,9612,36224,53666,0,0
0,0,26542,26085,49955,10656,0,0,0
0,62151,47342,38556,8530,29082,64435,0,0
0,19416,39087,43425,46568,24776,53381,0,0
0,53685,16917,48826,16151,8714,58121,0,1
0,36618,4173,22778,43127,52662,0,53620,0
0,61974,4978,130,1168,55035,36329,41705,0
0,0,30220,18300,3808,54579,24605,29789,0
0,0,0,45773,51908,62703,50982,17873,0
0,0,0,45454,52140,62956,44174,5957,0
0,0,0,28254,11198,32622,0,0,0
0,0,0,43151,57117,52520,10558,0,0
0,0,0,54787,24119,39188,31597,0,0
0,0,0,29806,18991,46821,1786,0,0
0,0,0,6064,49374,45068,0,0,0
0,0,0,33590,52882,53676,26716,0,0
0,0,0,32065,53468,55590,56564,53620,0
0,0,0,8736,25998,20434,0,41705,0
0,0,0,13114,15113,55037,0,29789,0
0,0,0,10019,48504,12265,53253,17873,0
0,0,0,5785,12698,24944,0,5957,0
0,0,0,58998,20439,6861,63282,0,0
0,0,0,7804,3671,14389,18907,0,0
0,0,0,41460,28288,40483,55110,0,0
0,0,0,14018,59733,7038,36559,0,0
0,0,0,59253,49443,30033,0,0,0
0,0,0,18225,64065,64385,1695,0,0
0,0,0,31459,60382,10095,18470,0,0
0,0,0,44930,18485,13803,0,53620,0
0,0,0,18028,26807,22283,20997,41705,0
0,0,0,9320,54601,25569,2206,29789,0
0,0,0,9211,58842,63078,0,17873,0
0,0,0,42067,41341,4443,39815,5957,0
0,0,0,30852,8318,54235,30487,0,0
0,0,0,784,62538,31664,3208,0,0
0,0,0,5770,9666,61545,61485,0,0
0,0,0,33858,24895,15960,35603,0,0
0,0,0,45417,17360,17070,0,0,0
0,0,0,9738,25868,5160,17734,0,0
0,0,0,31131,36785,27718,8813,53620,0
0,0,62028,36361,5170,32092,32698,41705,0
0,0,0,21230,36245,29290,63951,29789,0
0,0,9973,2633,30913,25502,18459,17873,0
0,0,33777,44605,60889,61283,0,5957,0
0,0,0,8093,50433,48331,42013,0,0
0,0,0,45228,44352,44092,53792,0,0
0,0,0,32871,17219,8898,0,0,0
0,0,0,31521,39221,21648,3875,0,0
0,0,45678,59581,38133,1334,0,0,0
0,0,0,42508,6988,807,42266,0,0
0,0,0,26757,15851,39608,3663,0,0
0,0,0,46286,60499,60890,53393,53620,0
0,0,0,36231,12743,46737,0,41705,0
0,0,0,42940,18803,54954,43960,29789,0
0,0,0,10567,4827,20487,38337,17873,0
0,0,0,47498,30896,51143,0,5957,0
0,0,0,4606,10962,50906,0,0,0
0,0,0,51324,16255,43365,0,0,0
0,59504,30923,53973,10170,31189,24777,0,0
0,0,0,11074,49388,64650,0,0,0
0,0,0,43322,5317,64828,62347,0,0
0,0,0,24638,9045,4384,45868,53620,0
0,0,0,8220,50431,47042,0,41705,0
0,0,0,40073,18240,1629,9188,29789,0
0,0,0,18248,46499,32013,64712,17873,0
0,0,0,7474,33730,22226,25878,5957,0
0,0,0,5270,26753,29694,0,0,0
0,0,0,19217,18103,64265,0,0,0
0,0,0,52824,25072,29426,0,0,0
0,0,0,63895,2070,17618,10782,0,0
0,0,0,32277,26167,64494,23513,0,0
0,0,40990,26013,58454,62525,11365,0,0
0,0,0,41854,15838,4981,0,0,0
0,0,0,30049,28971,41909,37169,53620,0
0,0,0,53829,55693,12055,65059,41705,0
0,0,0,45575,63455,61401,65318,29789,0
0,0,0,35251,51901,65159,10727,17873,0
0,0,0,24946,13534,4123,0,5957,0
0,0,0,61596,52837,27966,0,0,0
0,0,0,2397,1064,36336,0,0,0
0,0,0,41847,23960,49881,59654,0,0
0,56158,34743,58943,13243,11034,41253,0,0
0,62844,55800,37438,31899,19715,29878,0,0
0,0,2396,52339,43203,46037,0,0,0
0,0,0,34530,62470,52826,37480,53620,0
0,0,0,21907,44716,8503,16205,41705,0
0,0,0,40502,20784,1942,11500,29789,0
0,0,0,7555,41109,58865,0,17873,0
0,0,0,12797,14316,27350,64158,0,0
0,0,0,22879,38658,54548,0,0,0
0,0,0,3374,21883,35359,28355,0,0
0,0,40150,19387,54043,45005,47095,0,0
0,22566,17958,5519,30941,5622,21562,0,0
0,36279,26410,32538,55545,41268,51517,0,0
0,12075,19679,40041,34266,16478,50108,53620,0
0,0,52907,21410,36641,0,39655,41705,0
0,0,0,16607,11101,59023,10950,29789,0
0,0,0,25407,58428,62330,13464,17873,0
0,0,0,40902,47585,19244,0,5957,0
0,0,0,64995,3051,39245,51606,0,0
0,0,0,38890,42324,7963,0,0,0
0,0,0,24572,37032,27515,0,0,0
0,0,0,10927,40128,35922,56393,0,0
0,0,38667,1754,32878,60296,0,0,0
0,52268,36693,2583,41343,39487,36349,0,0
0,0,0,48130,8682,9976,45196,0,0
0,0,0,31924,50107,55342,42694,53620,0
0,49148,52973,45681,21137,16259,8917,41705,0
0,0,0,14679,40433,19537,0,29789,0
0,0,0,6685,6959,42819,0,17873,0
0,0,0,15702,61865,14903,0,5957,0
0,0,0,41331,51814,16229,0,0,0
0,0,0,51082,20,6014,0,0,0
0,0,0,50438,35961,27255,57268,0,0
0,0,110,44165,35487,11465,58139,0,0
0,0,0,37676,63056,53074,0,0,0
0,0,0,21439,50273,36953,6674,0,0
0,0,0,45866,52163,12745,62463,53620,0
0,0,0,12759,47137,15532,0,41705,0
0,0,0,16115,4616,65348,17604,29789,0
0,0,0,45906,6429,19662,6003,17873,0
0,0,0,6400,64840,34683,0,5957,0
0,0,0,56202,62785,7170,0,0,0
0,0,0,49399,37784,36782,63375,0,0
0,0,0,60243,51876,28764,36132,0,0
0,0,0,50693,2052,36558,0,0,0
0,0,0,23173,6734,31763,51987,0,0
0,0,0,25314,45847,48092,0,0,0
0,0,0,13366,58905,46302,24790,0,0
0,0,0,16143,31107,8410,0,53620,0
0,0,0,41985,17443,19745,14845,41705,0
0,0,0,34745,48370,4636,24052,29789,0
0,0,0,51448,10206,1282,39562,17873,0
0,0,0,25784,44405,33107,0,5957,0
0,0,0,31579,23983,65112,56799,0,0
0,0,0,64415,27641,13869,43702,0,0
0,0,0,44701,11431,64790,0,0,0
0,0,0,19299,58802,32120,39178,0,0
0,0,0,57831,63898,41977,0,0,0
0,0,0,42779,11119,57787,55391,0,0
0,0,0,9176,19396,20291,7074,0,0
0,0,0,10641,28215,52406,0,53620,0
0,0,0,48044,53933,57825,60885,41705,0
0,0,0,4974,61715,22096,0,29789,0
0,0,0,45262,15474,59739,6315,17873,0
0,0,0,55926,9039,9745,6560,5957,0
0,0,0,8406,23691,40571,0,0,0
0,0,0,7615,64586,7135,10994,0,0
0,0,0,12636,55794,34582,32923,0,0
0,0,0,14648,34834,20226,12167,0,0
0,0,0,25971,519,37153,0,0,0
0,0,0,31845,63445,9723,0,0,0
0,0,0,31792,57955,47789,0,0,0
0,0,0,39007,12187,17062,42203,53620,0
0,0,0,20558,31309,62525,18036,41705,0
0,0,0,15281,746,34792,21659,29789,0
0,0,0,12072,26514,51055,0,17873,0
0,0,0,56990,55615,29205,61440,5957,0
0,0,0,55977,5121,32428,51077,0,0
0,0,0,27732,50086,4599,0,0,0
0,0,0,60625,13288,63363,64758,0,0
0,0,0,46708,26464,19922,0,0,0
0,0,18757,14898,28947,31231,25447,0,0
0,0,0,10171,25023,49007,0,0,0
0,0,0,18739,38543,39299,15835,0,0
0,0,34310,40907,31237,9919,6324,53620,0
0,0,0,47233,15170,31552,0,41705,0
0,0,0,58414,62920,58069,0,29789,0
0,0,0,10705,56999,18829,0,17873,0
0,0,0,51400,63727,9291,0,5957,0
0,0,0,33768,28187,7035,7599,0,0
0,0,0,30914,20227,30701,0,0,0
0,0,0,64424,24259,31321,57588,0,0
0,0,0,8134,16019,16752,55608,0,0
0,39477,25704,28932,20331,7655,23655,0,0
0,9780,32809,53663,29111,43290,2527,0,0
0,13980,15451,53804,64632,8741,15949,0,1
0,62258,3632,7879,61220,41104,0,53620,0
0,0,0,32330,12054,15858,34395,41705,0
0,0,0,28955,41076,18444,46806,29789,0
0,0,49456,45174,41085,38473,59059,17873,0
0,0,0,8947,47629,56828,0,5957,0
0,0,38789,57794,64889,47325,0,0,0
0,0,20157,26539,21293,10274,0,0,0
0,0,47003,2432,32713,64266,19807,0,0
0,0,0,30580,22841,3723,0,0,0
0,18364,64918,20630,23695,63371,1208,0,0
0,0,0,24033,32295,23982,0,0,0
0,0,0,6010,24905,58635,55924,0,0
0,58009,32058,35346,28769,5989,8417,53620,0
0,40362,4785,42550,39146,38602,42601,41705,0
0,46241,40319,18149,50751,41848,4202,29789,0
0,18557,6241,23161,12916,62560,0,17873,0
0,59175,43797,25974,49613,635,18591,5957,0
0,24139,35520,52672,43848,33182,0,0,0
0,60798,62476,45542,32697,60592,0,0,0
0,40631,7503,29461,42312,38567,0,0,0
0,9018,41701,53895,65337,10370,49454,0,0
0,48859,4710,11920,39432,14010,27727,0,0
0,19021,17674,16380,19623,7804,32608,0,0
0,0,26028,38865,33729,64038,12992,0,0
0,0,52774,56718,54719,37017,35763,53620,0
0,0,0,47823,55107,31745,24048,41705,0
0,0,0,54124,27805,25570,37706,29789,0
0,0,0,62891,63296,47186,0,5957,0
0,0,0,43817,30537,26659,53431,0,0
0,0,0,56841,2276,64359,4620,0,0
0,0,0,28696,15547,33951,0,0,0
0,0,0,10092,64969,42276,43542,0,0
0,0,0,36966,8631,18831,47118,0,0
0,0,19551,3905,45427,62376,0,0,0
0,13434,17530,58378,24417,41700,52235,0,0
0,0,0,11600,39589,40776,0,53620,0
0,0,0,63750,33192,10756,0,41705,0
0,0,0,20835,706,52546,0,29789,0
0,0,0,11299,6265,8191,36485,17873,0
0,0,0,55264,1062,60278,52039,5957,0
0,0,0,28773,56579,20003,0,0,0
0,0,0,8456,16151,52065,53877,0,0
0,0,0,5524,26269,48399,0,0,0
0,0,1041,29875,30677,13578,0,0,0
0,44912,42971,54615,50410,52172,7603,0,0
0,0,12715,45418,32192,8690,0,0,0
0,0,0,36835,38909,26831,9912,0,0
0,0,0,24985,10442,32345,15448,53620,0
0,0,0,28979,41348,52485,32017,41705,0
0,0,0,23681,46375,38370,52626,29789,0
0,0,0,39053,45419,45086,56359,17873,0
0,0,0,19764,62949,45981,37784,0,0
0,0,0,46805,5780,34639,0,0,0
0,0,0,22140,24935,57321,30480,0,0
0,0,3468,47792,41671,43068,31155,0,0
0,5485,2985,0,12811,29068,40025,0,1
0,45475,49776,0,15051,61351,0,0,1
0,37929,52438,0,3844,30517,51868,53620,1
0,42896,32726,52015,38804,57801,2170,41705,0
0,0,0,64197,25368,12146,0,29789,0
0,0,0,16844,4228,37358,0,17873,0
0,0,0,5366,3411,40845,48827,0,0
0,0,0,14501,14503,60488,50799,0,0
0,0,0,33068,5586,60566,0,0,0
0,0,0,45908,51939,41008,10389,0,0
0,0,0,13045,46045,46397,10720,0,0
0,0,0,64771,15528,5033,40685,0,0
0,0,0,46005,44847,44077,0,0,0
0,0,0,27264,29028,33506,1569,53620,0
0,0,0,19794,19126,41151,0,41705,0
0,0,0,23336,4627,23804,0,29789,0
0,0,0,19446,48975,15527,3806,17873,0
0,0,0,5838,49962,9956,11175,0,0
0,0,0,5470,47302,3373,58281,0,0
0,0,0,33584,63359,38167,32684,0,0
0,0,2997,56290,18769,25243,31794,0,0
0,5472,54160,53793,9684,37388,10237,0,0
0,33808,43225,13122,53400,63937,5078,0,0
0,0,1318,25075,55192,2956,0,53620,0
0,0,0,58602,30195,25180,59873,41705,0
0,0,0,40452,3291,23265,0,29789,0
0,0,0,17649,31676,49487,0,17873,0
0,0,0,5773,24205,11525,0,5957,0
0,0,0,25534,36056,63522,1622,0,0
0,0,0,26163,14306,16843,0,0,0
0,0,0,5927,39991,59324,26460,0,0
0,0,0,50962,57949,15085,2249,0,0
0,0,0,62448,46926,40372,20908,0,0
0,0,0,18686,17243,30001,0,0,0
0,0,0,12202,21449,38994,0,0,0
0,0,0,19264,8995,53754,11100,53620,0
0,0,0,24504,19089,12167,0,41705,0
0,0,0,34992,33018,7557,61428,29789,0
0,0,0,52542,45667,51934,59845,17873,0
0,0,0,34494,61531,22527,46159,5957,0
0,0,0,59968,28455,40216,0,0,0
0,0,0,27381,305,36337,50951,0,0
0,0,0,31851,1945,7004,26341,0,0
0,0,0,38764,31687,4636,0,0,0
0,0,0,50842,32650,15807,0,0,0
0,0,61057,30425,41660,1783,8761,0,0
0,0,642,43431,16914,30469,43362,0,0
0,0,0,39636,41588,30250,0,53620,0
0,0,0,3631,48721,14527,52631,41705,0
0,0,0,51469,47840,47572,36410,29789,0
0,0,0,43295,32259,51516,62278,17873,0
0,0,0,55385,47486,3095,11569,5957,0
0,0,0,31849,3571,25742,0,0,0
0,0,0,57068,41059,29009,0,0,0
0,0,0,37329,38377,15458,0,0,0
0,0,0,37707,35184,35323,0,0,0
0,0,61888,38870,14358,17540,7387,0,0
0,0,33021,51940,26805,15034,0,53620,0
0,0,45528,29369,17273,22544,14275,41705,0
0,0,46955,15860,47952,50231,5550,29789,0
0,0,0,5908,5395,21427,8074,17873,0
0,0,0,15562,32952,39165,35743,5957,0
0,0,0,60034,41322,59885,0,0,0
0,0,0,2123,38987,38795,0,0,0
0,0,0,62885,55540,7414,46184,0,0
0,0,0,50501,44251,2726,0,0,0
0,4059,17157,24065,20766,42964,12793,0,0
0,17111,11315,3823,45151,642,3248,0,0
0,45527,12621,15478,62723,62155,0,0,0
0,60770,30725,57300,5669,5815,47860,53620,0
0,0,39638,52338,15726,42988,51781,41705,0
0,0,56136,12619,44847,54013,0,29789,0
0,0,48114,16860,41846,49884,10009,17873,0
0,0,33852,47079,62741,24951,0,5957,0
0,0,48705,19913,35028,59609,0,0,0
0,0,42616,4597,58225,37505,0,0,0
0,0,44890,45560,8086,29061,59044,0,0
0,0,31594,22268,17745,50008,0,0,0
0,0,0,11079,34469,3451,0,0,0
0,0,0,42525,46481,20684,33984,0,0
0,0,0,22865,6686,36929,3832,0,0
0,0,0,43992,50723,27995,0,53620,0
0,0,0,1062,35555,42113,47686,41705,0
0,0,0,1062,0,0,20494,29789,0
0,0,0,28719,48018,37346,0,17873,0
0,0,0,11643,23800,3709,52691,5957,0
0,0,0,43032,12043,12548,0,0,0
0,0,0,47959,25786,25198,0,0,0
0,0,0,1328,11545,795,26125,0,0
0,0,45165,2499,37506,37788,15108,0,0
0,17883,33954,52308,48516,9427,24800,0,0
0,30955,16922,1674,16757,32655,0,0,0
0,0,48049,41594,32394,46589,0,0,0
0,0,62166,20578,21879,23109,36583,53620,0
0,0,0,8341,30796,59352,9760,41705,0
0,0,0,39918,61399,9392,25870,29789,0
0,0,0,39883,19604,19121,60926,17873,0
0,0,0,54045,62489,5480,40871,5957,0
0,0,0,11699,20542,62913,15391,0,0
0,0,0,47959,28996,6084,30032,0,0
0,0,0,41186,60982,45443,0,0,0
0,0,0,7093,1547,1810,229,0,0
0,59009,60592,25311,38840,40532,32936,0,0
0,41996,17897,26132,21707,58289,44042,0,1
0,7172,36423,38075,5330,20174,16866,0,0
0,26557,60111,36731,44654,43292,0,53620,0
0,0,0,55334,24033,12732,21499,41705,0
0,0,0,62502,29227,15042,7275,29789,0
0,0,0,63635,20800,25772,11737,17873,0
0,0,0,53833,12364,53024,0,5957,0
0,0,0,47736,29349,9666,0,0,0
0,0,0,32963,41663,18857,0,0,0
0,0,48281,26657,53160,15614,45961,0,0
0,0,56374,6106,983,41738,64214,0,0
0,0,35399,23785,57033,2430,11604,0,0
0,0,0,38778,42032,1645,61632,0,0
0,0,0,59403,20357,17981,16214,53620,0
0,0,0,56285,40522,31628,41260,41705,0
0,0,0,64231,13028,34833,30478,29789,0
0,0,0,10323,55793,16641,58048,17873,0
0,0,0,43807,25081,34645,0,5957,0
0,0,0,26901,14058,31051,0,0,0
0,0,0,25225,1724,17283,42547,0,0
0,0,0,58837,53779,14512,0,0,0
0,0,0,13126,593,52143,52060,0,0
0,0,0,27631,21611,31515,57328,0,0
0,0,0,62182,879,25754,0,0,0
0,0,0,26905,59912,4587,64431,53620,0
0,0,0,22089,62824,21801,0,41705,0
0,0,0,62842,42837,22501,0,29789,0
0,0,0,16335,47345,44735,10150,17873,0
0,0,0,2701,47122,57193,30051,5957,0
0,0,0,31660,16321,59819,0,0,0
0,0,0,19570,53370,14414,7633,0,0
0,0,6875,39641,30061,32737,43371,0,0
0,59702,51219,61780,39321,19474,0,0,0
0,28157,30047,44371,35528,36178,28962,0,0
0,0,0,22909,21160,52321,0,0,0
0,0,0,39362,43584,1832,6354,53620,0
0,0,0,38734,2042,1320,36655,41705,0
0,0,0,60090,60554,18335,0,29789,0
0,0,0,46815,15806,43668,45554,17873,0
0,0,0,59738,23472,39332,0,5957,0
0,0,0,6422,26944,41425,0,0,0
0,0,0,54663,60943,64170,0,0,0
0,0,0,34799,62466,38797,33095,0,0
0,0,0,55475,59597,36385,34835,0,0
0,58342,53312,38117,31779,50508,56375,0,0
0,37781,18576,50410,62313,59634,48118,0,0
0,10373,20818,26134,32057,20455,50552,53620,0
0,0,0,40975,8655,36765,0,41705,0
0,0,0,20731,16698,29769,32795,29789,0
0,0,0,33053,47830,23936,0,17873,0
0,0,0,40573,48690,47762,0,5957,0
0,0,0,60103,260,1844,0,0,0
0,0,0,63352,24999,33617,42732,0,0
0,0,0,7304,52544,32125,21107,0,0
0,0,0,47872,18557,25101,48619,0,0
0,0,0,9786,12938,28255,0,0,0
0,0,30377,15225,42805,8051,14654,0,0
0,0,50985,7445,58249,41803,0,0,0
0,0,0,65399,63763,32708,0,53620,0
0,0,0,49845,854,42738,55083,41705,0
0,0,0,31905,14863,52063,7236,29789,0
0,0,0,52143,22143,32304,54311,17873,0
0,0,0,30526,15326,36786,3691,5957,0
0,0,0,37302,10275,61191,0,0,0
0,0,0,5276,42420,6916,42708,0,0
0,0,0,11206,29737,37509,36050,0,0
0,0,0,53271,41460,34879,0,0,0
0,17939,19401,44154,44055,54052,39652,0,0
0,55277,34517,39761,11751,30879,46340,0,0
0,64776,32736,18468,7996,28045,25071,0,0
0,53623,8563,32076,41685,21932,0,53620,0
0,56346,59248,37215,18666,25001,0,41705,0
0,0,0,12553,2491,0,0,29789,0
0,0,0,41385,41508,61341,42330,17873,0
0,0,0,61364,23522,9527,59149,5957,0
0,0,0,43581,16356,55969,8356,0,0
0,0,0,25051,25559,49710,16569,0,0
0,0,0,59076,64351,30471,0,0,0
0,0,0,5984,27070,7165,31980,0,0
0,0,0,30796,61723,25087,0,0,0
0,813,58614,11113,29933,61727,0,0,0
0,0,0,5080,40755,12406,0,0,0
0,0,0,15660,10662,50940,12417,53620,0
0,0,0,27230,18326,29708,0,41705,0
0,0,0,58705,59042,19273,0,29789,0
0,0,0,33095,31704,46528,54293,17873,0
0,0,0,48517,16839,42166,0,5957,0
0,0,0,43223,29526,7569,65456,0,0
0,0,0,44943,45604,27154,25804,0,0
0,0,0,17910,58852,54425,8638,0,0
0,52715,59316,11569,13421,47584,49131,0,0
0,27508,40849,10544,65088,46168,0,0,0
0,20207,46009,55346,58486,26115,0,0,0
0,3827,51015,27190,50905,22781,0,53620,0
0,26353,61908,23903,12215,37674,0,41705,0
0,46168,47558,51094,60809,56644,0,29789,0
0,0,13883,2044,56438,23433,22337,17873,0
0,0,0,25814,35677,38378,24848,0,0
0,0,0,1522,31059,33301,0,0,0
0,0,31987,13488,42411,8385,14908,0,0
0,0,42277,55105,9760,15586,0,0,0
0,0,0,7697,6711,21679,38717,0,0
0,0,0,18503,6638,11419,989,0,0
0,0,0,59159,47295,44591,0,53620,0
0,0,0,49250,18835,28501,21576,41705,0
0,0,0,9990,47931,2725,61504,29789,0
0,0,0,45181,48659,57943,47591,17873,0
0,0,0,33961,21745,18730,50308,5957,0
0,0,0,56964,4313,48013,8816,0,0
0,0,0,35988,29587,11269,42194,0,0
0,0,18666,2043,18794,45583,0,0,0
0,0,22374,33247,24534,41105,60171,0,0
0,0,0,57248,56587,39086,0,0,0
0,0,0,41316,13793,54712,44043,0,0
0,0,0,27989,20394,57888,23427,53620,0
0,0,0,25321,53685,54374,0,41705,0
0,0,0,1464,33638,36657,37637,29789,0
0,0,0,27163,18578,22377,0,17873,0
0,0,0,57494,30213,21125,39039,5957,0
0,0,0,49770,55427,50162,0,0,0
0,0,0,33201,31080,61373,29044,0,0
0,0,0,12121,34339,34482,0,0,0
0,0,0,63205,61494,42594,30440,0,0
0,0,0,11358,17041,15464,0,0,0
0,0,0,31648,17281,10608,0,0,0
0,59033,61762,57908,13191,39746,11936,53620,0
0,0,37151,58252,41253,31641,0,41705,0
0,0,37749,21563,1372,36542,61874,29789,0
0,0,0,10823,2020,1596,30501,17873,0
0,0,0,4397,11107,35475,3524,5957,0
0,0,0,55723,8056,48602,0,0,0
0,0,0,44451,56302,4528,39723,0,0
0,0,0,38196,58030,16385,64047,0,0
0,0,0,25548,57977,52945,23335,0,0
0,0,0,8448,8155,11770,12076,0,0
0,0,0,15460,44591,26718,6851,0,0
0,0,0,6030,28812,4025,44499,0,0
0,0,0,56636,12924,50663,0,53620,0
0,0,0,39635,49835,10500,0,41705,0
0,0,0,18649,10842,59473,20845,29789,0
0,0,0,59007,18467,2445,0,17873,0
0,0,0,1086,9330,46818,31567,5957,0
0,0,0,17975,55112,65168,0,0,0
0,0,0,26031,47610,34208,20222,0,0
0,0,0,64418,34499,4934,19407,0,0
0,0,0,9533,5665,38240,3522,0,0
0,0,0,40664,61750,3394,37950,0,0
0,0,23372,35047,18303,29852,60632,0,0
0,0,0,20914,50759,41314,0,0,0
0,0,0,32799,23088,60084,53846,53620,0
0,0,0,41984,23564,46370,0,41705,0
0,0,0,63289,7993,283,0,29789,0
0,0,0,27064,14257,29333,0,17873,0
0,0,0,11651,56903,22446,0,5957,0
0,0,0,15657,63732,39886,34265,0,0
0,0,0,29952,26879,8166,20820,0,0
0,0,0,41838,17237,1724,40271,0,0
0,0,0,922,1638,20934,49864,0,0
0,52744,47233,56201,4366,13862,0,0,0
0,18785,7914,53981,19424,59908,49310,0,0
0,60190,56785,18443,61776,44392,55769,0,0
0,16764,60342,28939,29082,29085,0,53620,0
0,0,0,57094,30463,52556,4724,41705,0
0,0,0,295,44460,8184,41251,29789,0
0,0,0,34518,35887,47637,0,17873,0
0,0,0,20279,24419,35929,18048,5957,0
0,0,0,43176,55374,17381,0,0,0
0,0,0,41101,65286,40630,57302,0,0
0,0,0,48225,21629,1779,0,0,0
0,0,0,53778,10125,41291,22752,0,0
0,0,0,17689,39763,27669,0,0,0
0,0,0,52629,40306,5622,5183,0,0
0,15122,0,57240,25237,58656,41997,0,0
0,0,0,50243,43112,37211,0,53620,0
0,0,0,11752,20992,56339,0,41705,0
0,0,0,2635,10169,23602,51192,29789,0
0,0,0,33234,40981,38931,3434,17873,0
0,0,0,14823,21792,28185,0,5957,0
0,0,0,15044,58102,43628,0,0,0
0,0,0,37122,40876,6710,0,0,0
0,0,0,19504,24692,20041,28849,0,0
0,0,0,28714,15382,31221,18273,0,0
0,0,0,62327,28540,15312,0,0,0
0,0,13473,52564,63341,30110,33959,0,0
0,6218,32534,49533,53677,20446,34084,0,0
0,0,0,19405,5462,50097,0,53620,0
0,0,0,51987,58315,41859,0,41705,0
0,0,0,24445,41203,1304,0,29789,0
0,0,0,17315,10152,16002,0,17873,0
0,0,0,7551,10727,52162,0,5957,0
0,0,0,63813,36239,28365,0,0,0
0,0,0,39489,8836,46179,0,0,0
0,0,0,54670,47184,61749,42473,0,0
0,0,0,52392,641,54583,0,0,0
0,0,0,17936,25090,478,8130,0,0
0,0,0,23836,12882,30537,7078,0,0
0,36700,18260,30180,4883,32920,15585,0,0
0,56389,20485,62095,61849,46303,11008,53620,0
0,12424,5489,31683,46900,17893,0,41705,0
0,0,2163,53927,7063,35242,7026,29789,0
0,0,0,4476,58833,16502,15066,17873,0
0,0,0,31199,22123,3024,4922,5957,0
0,0,0,34978,57286,37443,35112,0,0
0,0,0,8753,50031,36954,0,0,0
0,0,0,63943,16304,55081,32210,0,0
0,0,0,40893,27983,23393,0,0,0
0,0,0,58903,35557,33502,26874,0,0
0,0,0,39876,50730,41055,40107,0,0
0,0,40440,56352,8312,41126,0,0,0
0,0,0,32294,4267,46214,20446,53620,0
0,0,0,51426,12359,53348,13065,41705,0
0,0,0,4445,40076,4105,0,29789,0
0,0,0,11402,23217,29327,4036,17873,0
0,0,0,48362,8665,14690,0,5957,0
0,0,0,59640,51862,51425,16499,0,0
0,0,0,64751,55546,2731,0,0,0
0,0,0,64173,18316,57670,0,0,0
0,0,0,56838,46563,22739,29269,0,0
0,21323,36004,19385,27838,12422,18874,0,0
0,26500,54086,26475,40068,25903,18601,0,0
0,31467,26952,3319,58342,29608,19732,0,0
0,0,48922,23372,16738,6631,0,53620,0
0,0,0,38415,26410,65495,7005,41705,0
0,0,0,1627,22107,62244,16567,29789,0
0,0,0,57598,44394,15881,56973,17873,0
0,0,0,38021,63989,43431,0,5957,0
0,0,0,11772,50130,45538,0,0,0
0,0,0,20296,46609,5504,0,0,0
0,0,0,21031,38628,32094,0,0,0
0,0,0,21669,26292,9324,60709,0,0
0,53960,23318,11489,60396,46087,52395,0,0
0,0,15988,43368,65414,38149,59056,0,0
0,0,0,48267,2005,23245,36880,53620,0
0,0,7648,36295,31008,13505,0,41705,0
0,0,0,39527,31630,12424,0,29789,0
0,0,0,662,56488,59364,5072,17873,0
0,0,0,64780,45294,22027,0,5957,0
0,0,0,59574,60008,17150,22418,0,0
0,0,0,10707,34239,29176,53037,0,0
0,0,0,39483,19454,8233,0,0,0
0,0,0,20035,41916,56888,10366,0,0
0,27316,46016,55430,43032,5390,19211,0,0
0,51150,59908,14785,31912,26202,58489,0,1
0,31994,9789,57537,30961,17021,0,0,1
0,42363,8247,33352,7417,28214,0,53620,1
0,50126,6892,32837,12923,33710,13757,41705,1
0,48424,17858,31440,11701,10818,0,29789,0
0,20942,39452,30764,9980,3254,52608,17873,0
0,22573,35470,9908,63543,38016,0,5957,0
0,19825,2063,25568,23020,14467,0,0,0
0,60931,12092,1110,4507,58129,0,0,0
0,26282,3004,5533,13904,693,13255,0,0
0,51373,9390,62666,29086,48639,0,0,0
0,65385,46975,30167,62241,23220,43529,0,0
0,48339,17452,898,18754,33340,64607,53620,0
0,0,45331,18103,20563,12171,8713,29789,0
0,6142,19709,18577,45251,59266,37699,17873,0
0,26499,61492,3889,27719,37494,16118,5957,0
0,63242,27362,1242,30656,744,13813,0,0
0,28876,55901,56485,39442,14391,47046,0,0
0,28442,5858,60434,60989,11744,30314,0,0
0,907,54026,39529,13676,19160,27057,0,1
0,38685,15659,13814,5847,7055,14828,0,0
0,7038,11638,667,60000,31402,56404,0,0
0,39078,51090,28760,23228,62231,61113,0,0
0,15051,6574,25018,27149,14924,20158,53620,0
0,4828,49365,16447,7455,2560,0,41705,0
0,10043,32121,15392,8865,30084,10590,29789,0
0,27859,2305,31528,7249,25605,8519,17873,0
0,37047,29037,31602,59160,41785,55428,5957,0
0,20475,33136,59507,59258,20697,0,0,0
0,59241,47700,48166,15877,46599,16797,0,0
0,14107,45300,43603,9397,11687,0,0,0
0,55715,9955,40629,40435,39580,24353,0,0
0,53593,9956,37194,30754,62163,57640,0,1
0,22389,34853,11623,6670,30031,0,0,1
0,15147,63733,35966,13892,42424,0,0,0
0,0,0,7301,36431,47071,654,53620,0
0,0,0,17739,57611,39744,16363,41705,0
0,0,0,5996,62888,39231,61811,29789,0
0,0,0,56071,54867,65491,0,17873,0
0,0,0,13417,61993,22246,42601,0,0
0,0,0,18343,54051,16161,9505,0,0
0,0,0,22735,11077,37714,43027,0,0
0,0,0,50036,64960,12456,0,0,0
0,14504,34194,42260,4283,50933,23041,0,0
0,43364,60405,48013,31614,43764,0,0,0
0,0,28795,24642,14793,32330,18471,0,0
0,0,0,23474,53768,20414,15001,53620,0
0,0,0,18490,51634,6082,32807,41705,0
0,0,0,26434,32875,32642,12740,29789,0
0,0,0,58350,7163,26625,0,17873,0
0,0,0,24929,26738,26963,0,5957,0
0,0,0,37409,28343,16212,60035,0,0
0,0,0,64584,25538,49163,0,0,0
0,0,0,20621,64505,55487,0,0,0
0,0,0,53754,50136,56119,29953,0,0
0,0,51598,61924,60065,59671,23215,0,0
0,3382,6973,4082,7069,3195,17643,0,0
0,0,0,30907,35534,48020,0,0,0
0,0,0,24957,51364,13530,0,53620,0
0,0,0,19119,4194,64474,42666,41705,0
0,0,0,45029,41380,29823,0,29789,0
0,0,0,33561,42212,59087,0,17873,0
0,0,0,55735,51023,517,0,5957,0
0,0,0,64531,42368,441,61814,0,0
0,0,0,15349,8551,51752,0,0,0
0,0,0,21332,5821,15782,25618,0,0
0,0,0,22708,11079,8286,0,0,0
0,0,0,58109,32683,15540,0,0,0
0,0,0,1338,352,39150,0,0,0
0,0,0,58213,31195,1883,43685,53620,0
0,0,0,5021,1074,40327,0,41705,0
0,0,0,40327,21072,58390,0,29789,0
0,0,0,19397,5151,3708,0,5957,0
0,0,0,27214,9818,63088,54827,0,0
0,0,0,57674,24137,28212,36369,0,0
0,0,0,44624,44330,37398,10318,0,0
0,0,0,53191,29788,21471,6450,0,0
0,0,0,33986,16993,32088,0,0,0
0,0,60197,55008,44221,22257,0,0,0
0,0,43817,59541,59310,1873,0,53620,0
0,0,0,23390,36071,53829,60221,41705,0
0,0,0,63511,61746,16635,0,29789,0
0,0,0,61300,35536,65359,0,5957,0
0,0,0,901,49166,21330,0,0,0
0,0,0,24321,49039,55547,0,0,0
0,0,0,44805,47827,37787,0,0,0
0,0,0,43482,29842,15845,24780,0,0
0,0,38937,16955,60683,56489,0,0,0
0,0,6922,43688,13332,5914,0,0,0
0,0,29929,48663,3122,13331,0,0,0
0,0,63443,31207,35035,15650,0,53620,0
0,0,0,53206,14548,17341,8136,41705,0
0,0,0,17936,34166,49965,0,29789,0
0,0,0,3779,56590,34868,33813,17873,0
0,0,0,14893,849,19266,52832,5957,0
0,0,28172,7200,11857,63214,33065,0,0
0,0,61174,37670,54333,2278,0,0,0
0,0,60885,35953,32860,24153,54985,0,0
0,0,3056,9797,62062,15360,0,0,0
0,36699,32236,30465,5934,3149,9431,0,0
0,10799,33977,60924,39988,13178,15034,0,0
0,41724,8794,28208,12360,2888,29473,0,0
0,2398,37013,18459,49223,33769,17567,53620,0
0,0,0,52166,60857,9082,0,41705,0
0,0,0,7521,65061,29474,6965,29789,0
0,0,0,35958,60079,21359,23227,17873,0
0,0,0,57986,47597,45427,28586,5957,0
0,0,0,26002,1713,18155,0,0,0
0,0,0,25741,5141,25133,0,0,0
0,0,0,24387,59081,33804,36165,0,0
0,0,0,54992,49547,6376,28446,0,0
0,53905,26855,50765,41781,29247,34388,0,0
0,54473,13996,56454,6082,54063,59451,0,1
0,46428,56671,47617,34231,62105,0,0,1
0,23145,22984,7477,11888,7439,9855,53620,0
0,42205,18818,42873,29779,60318,19868,41705,0
0,0,43528,14198,29311,48662,16979,29789,0
0,0,0,25657,20359,2089,32357,17873,0
0,0,0,8735,16190,60065,24820,5957,0
0,0,0,436,37443,18598,0,0,0
0,0,0,19294,9620,45533,45409,0,0
0,0,0,793,53962,35148,20914,0,0
0,0,0,37093,60311,22458,0,0,0
0,26700,15702,53052,17179,17338,0,0,0
0,52849,39244,25663,40491,33662,1514,0,0
0,0,2657,52471,44992,39115,30955,0,0
0,0,0,17653,25538,62885,51579,53620,0
0,0,0,12152,12809,903,0,29789,0
0,0,0,12895,58732,24123,5010,17873,0
0,0,0,33769,18216,14832,0,5957,0
0,0,0,42456,58469,18458,0,0,0
0,0,0,50553,46960,50267,59357,0,0
0,0,0,52196,61265,29921,0,0,0
0,0,0,12547,49108,15132,0,0,0
0,18961,10794,39854,58966,44434,0,0,0
0,0,0,7226,6014,62748,10136,0,0
0,0,0,46107,52762,19856,0,0,0
0,33430,41813,15343,9252,2145,25257,53620,0
0,0,0,43989,13211,43706,0,41705,0
0,0,0,30690,44683,0,22377,29789,0
0,0,0,2748,30870,52673,0,17873,0
0,0,0,15325,21224,65194,0,5957,0
0,0,0,6053,39339,18627,0,0,0
0,0,0,30703,53371,32678,61486,0,0
0,0,0,55891,13107,14244,0,0,0
0,0,0,30374,4363,14283,21979,0,0
0,0,58303,41640,45225,44449,7551,0,0
0,14073,25099,37791,59082,48820,15772,0,0
0,42396,53865,8960,28111,28064,36317,0,0
0,56210,36316,9040,28870,20567,34105,53620,1
0,16492,6838,52337,61577,30478,0,41705,0
0,44469,1957,1259,53693,67,47286,29789,0
0,50040,51743,64251,31197,45452,17764,17873,0
0,64346,7046,32700,61490,50702,0,0,0
0,36967,5183,4014,5248,25028,26151,0,0
0,61811,22382,14027,56275,46633,27739,0,0
0,53436,45597,5193,44948,17376,0,0,1
0,8132,45165,12495,12756,60912,57388,0,0
0,45597,46047,41523,35354,23195,10970,0,0
0,37590,56156,61213,48437,12822,60326,53620,0
0,21801,20714,32134,9454,49113,50116,41705,0
0,1753,3080,6,46948,14812,11949,0,0
0,49661,40930,43582,41647,59724,0,0,0
0,15787,64144,17554,14177,52580,0,0,0
0,18522,37868,59264,57509,47578,0,0,0
0,27133,38980,21476,45760,35920,59030,0,0
0,27208,53299,27307,25423,41214,9812,0,1
0,16601,62573,61755,45417,57260,0,0,0
0,10492,44438,61530,3200,62351,53640,53620,0
0,2795,7588,17919,36207,4025,0,41705,0
0,0,0,25458,20851,60641,61499,29789,0
0,0,0,20855,28519,41145,0,17873,0
0,0,0,60267,29536,34636,50170,5957,0
0,0,0,1737,1308,62613,0,0,0
0,0,0,28283,62274,41904,55869,0,0
0,0,0,45346,53209,11749,0,0,0
0,0,0,7765,46673,56259,20715,0,0
0,0,0,9405,7257,62736,39815,0,0
0,0,0,55496,19865,13209,20049,0,0
0,0,11993,30295,2067,15230,9883,53620,0
0,0,24745,30189,21717,58625,14753,41705,0
0,0,27736,30293,27876,37918,0,29789,0
0,0,11431,6179,44606,40230,4780,17873,0
0,0,51168,16574,29016,22687,29801,5957,0
0,0,24522,7719,37101,39850,0,0,0
0,0,20592,59507,45541,16246,0,0,0
0,0,29754,15554,61959,46000,16773,0,0
0,2584,61147,24525,48702,11179,63194,0,0
0,8584,52862,13765,51473,34786,27639,0,0
0,0,58589,52965,57815,64115,43245,0,0
0,0,0,52649,11089,8901,20042,0,0
0,0,0,25007,45656,40695,0,53620,0
0,0,0,17569,32019,41327,0,41705,0
0,0,0,13211,32325,53322,61871,29789,0
0,0,0,19762,56179,34004,0,17873,0
0,0,0,24578,54831,26511,0,5957,0
0,0,0,43353,20924,31177,0,0,0
0,0,0,29033,27914,41823,0,0,0
0,0,0,19331,15336,14802,0,0,0
0,0,0,47953,945,33689,62686,0,0
0,0,0,43321,41671,58987,43384,0,0
0,0,3920,43904,55358,10851,53032,0,0
0,0,0,27694,36317,59140,0,0,0
0,0,0,23621,13369,2404,44800,53620,0
0,0,0,54362,4219,51255,25898,41705,0
0,0,0,40941,53260,42839,2516,29789,0
0,0,0,29896,42950,52202,4561,17873,0
0,0,0,11336,17418,38059,0,5957,0
0,0,0,59197,13575,44766,0,0,0
0,0,0,6918,4746,50182,61197,0,0
0,0,0,33363,17610,38178,0,0,0
0,0,0,991,19162,27999,0,0,0
0,0,0,28721,29470,44517,38888,0,0
0,0,0,4558,31688,55521,26889,0,0
0,0,0,60293,27270,61060,0,0,0
0,0,0,63466,3757,56705,45689,53620,0
0,0,45284,25382,53127,19483,47858,41705,0
0,23223,47836,44692,44100,53082,54566,17873,0
0,48008,7926,52665,61323,18106,19670,5957,0
0,62621,57857,4571,56900,5592,0,0,0
0,2119,10791,17289,2808,13671,0,0,0
0,18393,14004,65011,3049,287,33662,0,0
0,45622,57906,54185,11443,44598,18779,0,0
0,55958,60825,24045,4762,22079,32161,0,0
0,35472,12751,21015,31060,19213,0,0,0
0,0,0,62793,2019,0,9055,0,0
0,0,0,10859,37509,47775,9144,53620,0
0,0,0,3640,53469,11378,0,41705,0
0,0,0,33866,16131,50480,50275,29789,0
0,0,0,56506,37234,40282,17579,17873,0
0,0,0,31071,27852,17425,0,5957,0
0,0,0,53485,40087,46744,0,0,0
0,0,0,20127,38294,43788,62150,0,0
0,0,0,40488,25848,55940,50341,0,0
0,0,0,49393,32254,25044,0,0,0
0,40570,56649,39832,1167,25050,38973,0,0
0,0,51766,44491,41639,3828,0,0,0
0,0,0,53472,47898,61665,34065,0,0
0,0,0,27648,51114,49748,0,53620,0
0,0,0,40064,23545,27249,0,41705,0
0,0,0,6813,39432,1697,3861,17873,0
0,0,0,62445,29770,35084,36172,5957,0
0,0,0,55669,19570,27579,0,0,0
0,0,0,51390,13308,19414,33100,0,0
0,0,16539,45557,32144,60016,40293,0,0
0,4987,137,6700,33881,47498,4896,0,0
0,25458,47288,27721,60276,15530,40046,0,0
0,28835,22829,22124,8899,2337,0,0,0
0,38227,48959,41436,47593,26105,41570,53620,0
0,0,27784,43583,1346,42282,0,41705,0
0,0,0,60939,21593,16000,35208,29789,0
0,0,0,35084,44331,58997,0,17873,0
0,0,0,60545,63531,54430,0,5957,0
0,0,0,16753,52459,31725,0,0,0
0,0,0,53194,33905,54719,0,0,0
0,0,0,5962,47491,35245,0,0,0
0,0,0,61933,20304,29834,25241,0,0
0,0,16382,62558,3774,17976,46729,0,0
0,0,0,6722,19673,49423,0,0,0
0,0,0,46546,60757,61565,22639,0,0
0,0,0,21927,9345,5964,36849,53620,0
0,0,0,51924,10623,37888,46826,41705,0
0,0,0,16685,4235,56096,27066,17873,0
0,0,0,62097,615,51201,0,5957,0
0,0,0,59162,39781,64521,0,0,0
0,0,0,37371,57768,10819,49459,0,0
0,0,0,59470,26503,17463,0,0,0
0,0,0,23922,43886,52001,41957,0,0
0,12183,7365,30398,12123,39604,44192,0,0
0,33249,56181,14153,9310,50317,3569,0,0
0,13668,36125,42846,19105,46403,4541,0,0
0,0,0,13117,18339,56797,63098,53620,0
0,0,0,40930,26319,54615,24323,41705,0
0,0,0,45210,20141,23676,37175,29789,0
0,0,0,1618,29534,31490,51420,17873,0
0,0,0,8402,57805,50613,0,5957,0
0,0,0,58588,31789,49299,32582,0,0
0,0,0,25390,37365,25186,4952,0,0
0,0,0,63267,46443,60212,32926,0,0
0,0,0,22689,58981,33196,0,0,0
0,0,45581,30499,15045,41590,45489,0,0
0,0,0,51204,60328,8105,47944,0,0
0,0,0,17899,17172,34705,40324,0,0
0,0,0,61340,22189,18847,60196,53620,0
0,0,0,17332,38412,54293,13867,41705,0
0,0,0,38182,27833,57279,0,29789,0
0,0,0,34693,44081,58382,13327,17873,0
0,0,0,65335,29264,3296,0,5957,0
0,0,0,36662,1085,17363,0,0,0
0,0,0,57598,64251,45702,35719,0,0
0,0,0,34951,4881,46504,0,0,0
0,0,0,12358,33196,34866,15940,0,0
0,0,0,34517,23019,52356,13569,0,0
0,0,0,11111,9632,65524,0,0,0
0,45222,51200,45712,55833,55233,48396,0,0
0,0,20211,59196,36910,7426,13943,53620,0
0,0,0,60003,56425,38509,51366,41705,0
0,0,0,16466,54465,54625,51365,29789,0
0,0,0,61693,51262,36069,20709,17873,0
0,0,0,33180,64033,2987,0,5957,0
0,0,0,38586,11983,32326,26377,0,0
0,0,0,3187,33960,52374,6413,0,0
0,0,0,1114,47453,10237,0,0,0
0,0,0,23731,8456,25749,0,0,0
0,52655,24216,37718,56147,11796,4895,0,0
0,2080,28401,13259,16230,8200,0,0,0
0,0,26066,63383,8662,28891,10064,0,0
0,0,0,27315,14908,6072,8210,53620,0
0,0,0,9394,63493,38989,0,41705,0
0,0,0,29496,50348,38875,0,17873,0
0,0,0,8548,7808,53820,0,0,0
0,0,0,27939,49083,33503,60564,0,0
0,0,0,42086,47412,44422,0,0,0
0,0,0,9229,2044,35940,0,0,0
0,0,0,55527,40841,7663,20393,0,0
0,0,0,21489,6296,30900,0,0,0
0,0,0,25141,58647,40025,64368,0,0
0,0,0,304,7142,35360,0,53620,0
0,0,0,43148,28098,45145,0,41705,0
0,0,0,19996,17299,22724,24009,29789,0
0,0,0,56581,21295,29216,0,17873,0
0,0,0,49296,7308,30731,38185,0,0
0,0,0,9892,35237,52228,6523,0,0
0,0,0,40427,22432,55136,5463,0,0
0,0,0,61892,718,61264,0,0,0
0,50613,30039,53124,38162,13856,2005,0,0
0,25906,58231,44385,39166,0,31666,0,0
0,2843,52003,11020,42526,44148,0,0,0
0,23737,21262,42506,65466,46554,0,53620,1
0,44406,47378,46234,42929,22311,0,41705,0
0,45385,3607,9965,47397,23649,64207,29789,0
0,0,0,43564,22630,12887,52828,17873,0
0,0,0,52085,26807,39531,7057,5957,0
0,0,0,39075,30554,52194,43289,0,0
0,0,0,44905,54834,45935,54357,0,0
0,0,0,22423,6033,28838,34615,0,0
0,0,0,50673,10280,37173,0,0,0
0,0,0,29554,1335,19900,35999,0,0
0,0,0,16253,22173,47905,2128,0,0
0,0,0,46816,64102,9688,37688,0,0
0,0,0,63534,34567,31777,0,53620,0
0,0,0,14084,2560,20940,56346,29789,0
0,0,0,19142,17448,28828,25115,17873,0
0,0,0,57137,35654,42574,0,5957,0
0,0,0,50252,25670,12383,31574,0,0
0,0,0,40104,18017,50680,14343,0,0
0,0,0,4733,12166,30163,0,0,0
0,0,0,38300,43497,18143,0,0,0
0,0,0,18145,57045,46878,0,0,0
0,0,33151,23429,21260,42514,43703,0,0
0,0,29520,55910,51615,16572,45999,0,0
0,0,0,63217,5285,6738,0,53620,0
0,0,0,33447,18366,23256,62705,41705,0
0,0,0,15060,63247,18618,60234,29789,0
0,0,0,53532,45378,41065,0,17873,0
0,0,0,32682,40225,19016,8181,5957,0
0,0,0,4717,52326,26600,0,0,0
0,0,0,60276,30854,42797,0,0,0
0,0,0,19642,21191,64565,64294,0,0
0,0,0,35507,20005,19094,0,0,0
0,0,0,33754,11923,26930,0,0,0
0,0,0,48744,40415,46513,20236,0,0
0,0,0,17655,63482,45919,21839,0,0
0,0,0,4543,22921,25679,53957,53620,0
0,0,0,4558,48213,4803,26404,41705,0
0,0,0,24908,50188,33770,36552,17873,0
0,0,0,16897,48747,10558,0,5957,0
0,0,0,63247,4157,26717,0,0,0
0,0,0,13721,10100,43141,0,0,0
0,0,0,21449,40748,39232,22075,0,0
0,0,0,1363,53666,18361,0,0,0
0,0,0,6126,7413,50190,7661,0,0
0,0,0,60824,57879,44204,5293,0,0
0,0,0,18969,15874,1153,0,0,0
0,0,0,44416,15912,44085,41117,53620,0
0,0,0,22058,41722,7405,0,41705,0
0,0,0,16281,8472,40135,0,29789,0
0,0,0,56344,52082,45238,53218,17873,0
0,0,0,45127,26981,39988,42956,5957,0
0,0,0,15910,13325,21914,0,0,0
0,0,0,22208,16990,55258,34004,0,0
0,0,0,34401,11658,8328,7118,0,0
0,0,0,60485,4316,6758,25075,0,0
0,0,55850,47829,49174,4746,2067,0,0
0,0,31190,5153,63174,56311,0,53620,0
0,0,0,23446,18693,48546,0,41705,0
0,0,0,31186,14369,8687,0,29789,0
0,0,0,65271,34626,48627,0,17873,0
0,0,0,1141,14601,64838,0,5957,0
0,0,0,51022,34400,39005,0,0,0
0,0,0,17756,54723,64471,43591,0,0
0,0,0,9914,26755,14257,21814,0,0
0,0,0,35834,26699,9270,0,0,0
0,0,0,11717,35319,49548,17332,0,0
0,0,8127,24374,52405,9610,0,0,0
0,0,0,60831,60911,19491,0,0,0
0,0,0,13465,6694,56782,19294,53620,0
0,0,0,32216,18673,10170,0,41705,0
0,0,0,786,20680,57913,0,29789,0
0,0,0,12668,33589,35886,0,17873,0
0,0,0,53857,47272,33292,17067,5957,0
0,0,0,10557,17332,12002,0,0,0
0,0,0,18213,45187,16034,0,0,0
0,0,0,59817,59710,55805,5354,0,0
0,0,0,36465,64772,43414,25084,0,0
0,7082,13166,46651,59016,8046,3156,0,0
0,0,0,55438,10615,34292,0,0,0
0,0,0,24432,55776,54768,20882,0,0
0,0,0,25340,50520,23019,49724,53620,0
0,0,0,62955,55152,26740,0,41705,0
0,0,0,36699,24303,38838,35091,29789,0
0,0,0,18856,51404,4754,0,17873,0
0,0,0,36395,53941,39930,0,5957,0
0,0,0,29574,21180,12802,0,0,0
0,0,0,64470,51682,48166,0,0,0
0,0,0,58891,44064,60407,0,0,0
0,0,0,126,57220,36344,4859,0,0
0,0,0,31500,11996,33076,0,0,0
0,0,0,57250,47754,34227,44724,0,0
0,0,0,33821,62069,25132,0,53620,0
0,0,0,11899,35203,13403,35463,41705,0
0,0,0,17970,59863,53977,43209,29789,0
0,0,0,15581,64374,50823,2887,17873,0
0,0,0,16856,39556,11857,7145,5957,0
0,0,0,32630,27425,49774,40179,0,0
0,0,0,60405,2584,21125,6525,0,0
0,0,0,24538,37388,59589,0,0,0
0,39156,63786,0,11929,19355,8312,0,0
0,0,0,51066,56705,58182,51757,0,0
0,0,0,7268,29732,60920,50577,0,0
0,0,0,27950,3632,26211,65399,53620,0
0,0,0,34541,12673,16914,0,41705,0
0,0,0,52762,30071,35433,13051,29789,0
0,0,0,54746,12922,35904,14871,17873,0
0,0,0,29313,54277,64612,0,5957,0
0,0,0,24080,32048,52769,0,0,0
0,0,23959,34159,48367,17491,0,0,0
0,22300,7452,29671,16761,46606,58267,0,0
0,0,0,20091,42338,55855,0,0,0
0,0,0,35651,46761,39432,17597,0,0
0,0,0,14059,34469,42191,42103,0,0
0,0,0,25627,62831,15870,42049,0,0
0,0,0,5000,9151,11078,19874,53620,0
0,0,0,53627,8448,50055,26159,41705,0
0,0,0,54576,2632,38542,0,29789,0
0,0,0,55313,16457,14351,0,17873,0
0,0,0,41544,36505,28405,39163,5957,0
0,0,0,25223,27277,37000,0,0,0
0,0,0,35155,22639,64606,0,0,0
0,0,0,56064,23886,25680,36464,0,0
0,19344,9658,45363,56859,5653,20240,0,0
0,62495,59600,402,8079,3912,0,0,0
0,45819,3548,64965,46183,25950,61489,0,0
0,0,0,33789,51317,47314,59038,0,0
0,0,0,6386,55133,10273,34767,53620,0
0,0,0,4723,47869,60652,5719,41705,0
0,0,0,52526,3001,48530,0,29789,0
0,0,0,6018,16302,3937,26730,17873,0
0,0,0,25242,61328,24692,52519,0,0
0,0,0,63255,28247,48341,0,0,0
0,0,0,36103,44167,8750,0,0,0
0,4747,31434,35799,36664,30846,24248,0,0
0,30051,26486,48063,51175,7934,28082,0,0
0,0,5797,23009,4445,22223,0,0,0
0,0,0,23235,10585,38612,4023,0,0
0,0,0,63334,14894,62442,53137,53620,0
0,0,0,47652,42982,42705,10720,29789,0
0,0,0,24105,13988,53823,20791,17873,0
0,0,0,44966,61808,36255,24159,5957,0
0,0,0,36306,40182,10389,0,0,0
0,0,0,39775,18251,61153,830,0,0
0,0,0,61029,39971,12159,0,0,0
0,0,0,16440,16091,7869,53867,0,0
0,2850,18463,2730,10538,17751,16626,0,0
0,21778,9028,17622,41440,61892,0,0,0
0,49998,47579,23272,1680,28057,5175,0,0
0,0,0,49751,62171,12659,63785,53620,0
0,0,42275,19352,58484,57265,0,41705,0
0,17598,2160,12935,16812,45770,35288,29789,0
0,30299,52592,59908,65468,38167,4274,17873,0
0,0,0,46853,40330,21724,0,5957,0
0,0,0,43123,38928,27555,17388,0,0
0,0,0,54439,47671,3843,0,0,0
0,0,0,29082,55607,27612,0,0,0
0,0,43888,59709,8561,12609,22424,0,0
0,0,0,13881,25725,58792,0,0,0
0,1175,52863,26483,13182,18529,31449,0,0
0,0,23662,33442,4209,41228,37516,0,0
0,57540,9798,13462,5504,28526,50829,53620,0
0,0,46236,48997,6951,31183,0,41705,0
0,0,31637,12212,18984,51928,0,29789,0
0,0,0,36291,34972,58873,0,17873,0
0,0,0,65086,59081,10664,55390,5957,0
0,0,0,3357,39651,4952,8493,0,0
0,0,0,9708,54604,16767,61394,0,0
0,0,0,18255,50350,13304,19412,0,0
0,0,0,50317,64566,1352,0,0,0
0,25200,4748,62408,13454,64094,0,0,0
0,62317,48493,44687,3326,47059,11255,0,0
0,55176,59662,19684,17760,28056,14575,0,0
0,55146,22029,14996,41315,28188,57757,53620,0
0,0,0,44891,50231,47012,13174,29789,0
0,0,0,30751,13331,7219,43037,17873,0
0,0,0,9018,9319,23487,35488,5957,0
0,0,0,53963,34557,18729,0,0,0
0,0,0,20219,17618,57569,0,0,0
0,0,0,42298,52315,23633,42592,0,0
0,0,0,15449,47206,24784,38119,0,0
0,0,0,53803,16595,50398,0,0,0
0,0,0,62525,36088,34644,10889,0,0
0,0,0,1713,6006,35678,1444,0,0
0,0,0,18846,27043,16094,0,53620,0
0,0,0,12603,8320,59643,0,41705,0
0,0,0,38228,56082,44671,0,29789,0
0,0,0,10378,65020,19712,0,17873,0
0,0,0,44899,49143,45781,0,5957,0
0,0,0,50434,41163,16240,64343,0,0
0,0,0,58650,40990,39456,0,0,0
0,0,0,26548,29426,51380,50398,0,0
0,0,0,32233,45996,49528,48607,0,0
0,0,0,41698,44955,29455,0,0,0
0,0,0,43638,13292,46484,37262,0,0
0,0,0,29485,53390,30411,0,0,0
0,0,0,9649,37721,5219,0,53620,0
0,0,0,14802,7607,16315,10174,41705,0
0,0,0,22552,33731,57812,0,29789,0
0,0,0,55671,34185,4424,51548,17873,0
0,0,0,58120,49324,54777,7079,5957,0
0,0,0,20706,52368,18191,23424,0,0
0,0,0,29814,35973,33130,26554,0,0
0,0,0,56107,2333,1071,0,0,0
0,0,0,42097,3170,60842,0,0,0
0,53463,48926,44445,3728,5440,57392,0,0
0,51099,722,35242,47978,842,59871,0,0
0,0,65237,26318,34294,37227,0,0,0
0,0,24973,22961,36429,36579,56935,53620,0
0,49058,26661,33307,60240,30892,0,41705,0
0,0,37730,37197,31580,54079,0,29789,0
0,0,35778,11251,15768,60157,0,5957,0
0,0,65112,31087,35311,51388,0,0,0
0,0,54384,18931,45089,1657,10074,0,0
0,0,29834,30229,9605,40164,0,0,0
0,0,14656,12474,31664,49803,0,0,0
0,6051,7705,26149,22509,49116,0,0,0
0,41373,50761,59323,18460,8034,0,0,0
0,39822,14593,37908,7243,25996,38929,0,0
0,0,31707,22736,35098,56114,14028,41705,0
0,0,63847,6029,64487,40684,8065,29789,0
0,0,0,43330,56067,35385,50116,17873,0
0,0,0,14535,11803,42628,50650,5957,0
0,0,0,5580,31764,11187,32415,0,0
0,0,0,61273,6146,8493,0,0,0
0,0,0,51125,60997,56439,0,0,0
0,0,0,2521,52387,64453,62420,0,0
0,0,0,31200,34343,40763,0,0,0
0,0,0,35454,44099,30915,35500,0,0
0,0,0,4194,38470,3229,0,53620,0
0,0,0,4673,43737,64684,0,17873,0
0,0,0,49539,12809,58984,18772,5957,0
0,0,0,37779,177,59173,32038,0,0
0,58125,7976,28492,57349,35473,23822,0,0
0,33129,16047,41352,14819,15017,55299,0,0
0,48281,16770,59601,45600,7183,0,0,0
0,20756,39135,64744,29604,39544,0,53620,0
0,0,13594,40357,33633,63164,42041,41705,0
0,0,0,14466,51303,52948,22094,29789,0
0,0,0,13031,15506,18391,47395,17873,0
0,0,0,26385,28270,23974,39490,5957,0
0,0,0,5221,53509,46103,0,0,0
0,0,0,9999,32862,7402,0,0,0
0,0,0,7597,32515,58474,0,0,0
0,0,0,59645,57122,8059,40288,0,0
0,0,0,18186,43347,3203,61198,0,0
0,0,0,25544,20540,1044,6295,0,0
0,0,0,15040,22841,40063,35386,0,0
0,0,0,57089,60497,31729,0,53620,0
0,0,0,34805,35007,11143,27460,29789,0
0,0,0,11201,356,22225,0,17873,0
0,0,0,1346,20503,48128,48312,5957,0
0,0,0,54340,57715,50826,41737,0,0
0,0,0,57314,54184,36701,0,0,0
0,0,0,25640,20315,44926,34116,0,0
0,0,0,38967,30356,6737,34201,0,0
0,0,0,58542,9095,8339,8144,0,0
0,0,0,27126,56346,27520,18174,0,0
0,0,0,17172,60634,14042,0,0,0
0,0,0,25856,23230,30562,62051,53620,0
0,0,0,33813,40828,40447,46984,41705,0
0,0,0,36939,7086,23039,0,29789,0
0,0,0,15324,18552,20167,14784,17873,0
0,0,0,47400,21752,25855,0,5957,0
0,0,0,6172,55490,33356,36757,0,0
0,0,0,9711,65123,38635,10785,0,0
0,0,0,51784,33567,2000,0,0,0
0,0,0,8125,33633,41962,27023,0,0
0,0,0,49718,65089,11492,0,53620,0
0,0,0,61830,661,48845,0,41705,0
0,0,0,64014,11771,48384,0,29789,0
0,0,0,18336,35408,29041,51218,17873,0
0,0,0,44897,22967,23849,0,5957,0
0,0,0,995,10631,40249,31377,0,0
0,0,0,3506,28347,53731,37259,0,0
0,0,0,43558,55786,5034,0,0,0
0,0,0,40613,21117,20221,0,0,0
0,62769,1391,25239,1888,26228,0,0,0
0,10362,62203,45624,3245,11805,0,0,0
0,48975,45078,14431,43981,49,42627,0,0
0,63536,37905,18544,57801,46804,0,53620,0
0,28642,8599,15248,13534,10272,0,41705,0
0,55068,39849,57157,16912,38164,0,29789,0
0,32191,44044,30493,14013,10572,24592,17873,0
0,35279,64923,8203,58714,15999,27737,5957,0
0,8066,4953,1830,54228,4237,0,0,0
0,0,0,11095,20126,32512,17054,0,0
0,0,0,30158,38150,44072,0,0,0
0,36333,35630,58108,45378,56491,5138,0,0
0,12333,41183,21860,6847,50258,28035,0,0
0,24898,60275,41174,24656,10785,53974,0,0
0,11310,58504,56917,64066,33782,0,0,0
0,42005,36407,56897,50341,36409,0,53620,0
0,21299,46569,49962,11633,44972,4706,29789,0
0,3982,8548,55419,24863,65068,0,5957,0
0,58441,49358,60926,9625,27487,0,0,0
0,27982,22556,3335,17759,50394,0,0,0
0,38755,786,15140,62483,22888,0,0,0
0,3896,40874,42611,64457,10963,0,0,0
0,11263,42976,16709,57573,47364,0,0,0
0,42145,10022,13649,20057,16560,32243,0,0
0,0,0,6954,2598,29201,0,0,0
0,0,0,53712,52405,4756,0,53620,0
0,0,0,59912,18634,23322,0,41705,0
0,0,0,51021,33494,2161,10660,29789,0
0,0,0,51958,61227,42950,42432,17873,0
0,0,0,59313,42737,53687,0,5957,0
0,0,0,3562,25919,16539,0,0,0
0,0,0,29838,51510,10164,52173,0,0
0,0,0,18201,6913,39800,0,0,0
0,0,0,47241,24515,2152,3257,0,0
0,0,0,9961,15802,30216,62442,0,0
0,0,0,7372,51638,20808,48193,0,0
0,0,0,22088,10338,4401,0,0,0
0,0,16280,47545,26784,1635,15836,41705,0
0,0,60093,17923,4186,36397,22716,29789,0
0,0,39748,2270,34065,8958,0,17873,0
0,0,22716,23341,44526,47940,0,5957,0
0,0,21344,60107,12538,34430,0,0,0
0,0,35089,32328,44920,35076,18266,0,0
0,0,42777,27879,40760,53270,25507,0,0
0,0,35297,28452,13917,38992,0,0,0
0,48416,5233,64057,52252,55932,0,0,0
0,2396,30571,61607,469,29051,42001,0,0
0,3585,49944,54389,7964,28608,49438,0,0
0,33810,58866,29818,61194,23760,33918,53620,0
0,58300,51154,40416,38703,48977,0,41705,0
0,59142,21726,19851,36970,36777,0,29789,0
0,0,37838,53678,1928,27026,0,17873,0
0,0,54955,34882,60892,24390,49540,5957,0
0,0,16818,13761,29718,37445,59621,0,0
0,47495,25291,6970,3104,55299,0,0,0
0,46336,3354,36559,60730,3999,813,0,0
0,34745,55947,17926,61011,43782,50539,0,0
0,32469,36280,0,13051,28795,14887,0,0
0,14759,31718,5042,176,5817,0,0,0
0,0,15059,32414,28530,63608,13102,0,0
0,0,41562,48238,65433,16922,7968,53620,0
0,0,21568,55199,61360,44858,64683,41705,0
0,0,665,58197,47751,57089,20106,29789,0
0,0,0,46047,63250,64388,11195,17873,0
0,0,0,6204,3494,61900,3724,5957,0
0,0,0,35791,11669,21387,0,0,0
0,0,0,16839,8345,7693,22520,0,0
0,0,0,62296,524,46142,0,0,0
0,0,0,39160,43342,37507,0,0,0
0,0,8421,40040,32551,50511,5036,0,0
0,11437,34103,36757,25847,58137,14613,0,0
0,33014,61725,54758,14497,22202,0,0,0
0,35611,13867,28314,46815,931,0,53620,0
0,60784,51074,11801,10518,41294,52435,41705,0
0,0,0,31593,28158,9580,0,29789,0
0,0,0,37457,47821,15351,9692,17873,0
0,0,0,44372,27623,19586,0,5957,0
0,0,0,21794,16990,5845,54215,0,0
0,0,0,59098,33294,44890,0,0,0
0,52408,25044,56782,63264,14938,44626,0,0
0,17704,56078,39604,38214,51599,33351,0,0
0,56341,20664,53256,5239,34304,0,0,0
0,55393,38413,21552,29847,32278,0,0,0
0,43191,27293,25027,56774,51942,33121,53620,0
0,56602,8780,8324,39365,10332,36708,41705,0
0,59304,38870,27590,22610,14947,0,29789,0
0,16441,11313,49922,50999,59039,0,17873,0
0,15605,50087,3215,52557,10605,44398,5957,0
0,34906,54625,53454,16518,51168,45776,0,0
0,49086,27273,5658,9095,36564,0,0,0
0,53500,40710,32326,35009,10261,30776,0,0
0,24313,61071,6477,60993,33512,0,0,0
0,34544,36718,58788,14619,26212,28835,0,0
0,0,0,33996,37407,29607,4451,0,0
0,0,0,62723,0,0,20366,0,0
0,0,0,62830,35491,61641,24614,53620,0
0,0,0,57225,47160,6199,55722,41705,0
0,0,0,23714,53837,20666,33838,29789,0
0,0,0,63506,47984,865,63488,17873,0
0,0,0,11813,64560,62826,53834,5957,0
0,0,0,14671,40554,34105,0,0,0
0,0,0,33540,2765,65304,30308,0,0
0,0,0,4573,4767,61870,3717,0,0
0,0,0,36442,29349,56031,0,0,0
0,0,0,63237,17336,26010,37722,0,0
0,20666,49005,6228,11977,0,60923,0,0
0,38014,10527,13662,28228,48361,60637,0,0
0,63387,62682,20517,4956,8877,45528,53620,0
0,30078,11024,63589,6107,44355,0,41705,0
0,21242,42178,11992,61867,1366,18946,29789,0
0,2737,41793,60088,44748,40691,6094,17873,0
0,2022,14159,1938,43958,12046,23939,5957,0
0,11906,50309,2488,37596,54239,25719,0,0
0,51482,16586,42239,47202,53864,0,0,0
0,56450,62538,10931,51755,1901,55807,0,0
0,48854,18884,28371,7856,25302,61186,0,0
0,0,44082,56596,6790,56603,34277,0,0
0,0,61280,29310,33973,41858,55095,0,0
0,0,12124,47244,16904,16986,6517,41705,0
0,0,58864,20743,49655,62219,0,29789,0
0,0,45960,1869,28926,16820,20916,5957,0
0,0,21666,5450,48338,48937,0,0,0
0,0,44778,10868,21828,5607,0,0,0
0,0,42213,11459,29109,52248,0,0,0
0,40290,2021,61951,12493,27500,541,0,0
0,48643,47887,26898,62658,53381,0,0,0
0,0,28706,20791,44763,30015,22035,0,0
0,0,5156,21665,2040,44126,0,0,0
0,0,6085,52010,38080,47089,52754,41705,0
0,0,59127,3893,37102,18769,0,29789,0
0,0,46096,55608,57025,28548,46370,17873,0
0,0,20704,19762,39275,12460,57906,5957,0
0,0,23530,59423,48403,34606,61696,0,0
0,0,65136,27912,3368,148,59600,0,0
0,0,936,55188,52370,41065,0,0,0
0,41611,9442,47560,27444,50098,57185,0,0
0,8024,6154,41339,63223,65249,40291,0,0
0,8120,38654,64063,9740,21752,0,0,0
0,0,59427,29205,25617,51656,2844,0,0
0,0,49226,53493,42185,21370,61479,53620,0
0,0,28607,18337,60063,38165,0,41705,0
0,0,41075,14446,3534,39031,64110,29789,0
0,4059,19802,920,584,5818,48737,17873,0
0,58919,12845,17124,40167,5549,53174,5957,0
0,21235,39458,37419,52369,973,59794,0,0
0,7267,43456,37987,59948,31587,17288,0,0
0,58265,41224,31526,14258,35246,27315,0,0
0,540,56223,44980,26462,58384,61556,0,0
0,0,73,19387,14872,43101,20154,0,0
0,0,0,28873,3165,20230,39896,0,0
0,0,0,35429,18849,1960,23954,0,0
0,0,0,4579,42013,20625,59435,53620,0
0,0,0,38292,45097,47070,25761,41705,0
0,12510,1569,28253,3111,35993,17966,29789,0
0,0,5188,86,63510,11706,0,17873,0
0,56323,50515,34347,46112,17294,0,5957,0
0,22313,52939,27609,50839,53221,0,0,0
0,47663,29670,57841,10578,41715,0,0,0
0,48946,49569,59816,38989,46774,0,0,0
0,21081,3352,38321,8140,12151,44669,0,0
0,25488,35017,13681,59116,12513,52670,0,0
0,45835,36125,58097,18133,3935,0,0,0
0,41035,47968,58540,1256,48828,0,0,0
0,21695,41450,31304,62214,53978,52968,53620,0
0,60074,37451,32968,2150,21980,0,41705,0
0,47269,48809,8209,62611,32613,33611,29789,0
0,22816,25934,16828,15320,2559,6426,17873,0
0,51020,19274,2250,46968,3259,0,5957,0
0,12120,45945,48114,4160,53957,0,0,0
0,62306,44571,49084,17734,50115,0,0,0
0,0,1276,20634,8594,12532,1080,0,0
0,0,0,19783,14110,50334,21769,0,0
0,0,0,15970,15926,39506,0,0,0
0,0,0,10573,31668,63016,0,0,0
0,0,0,42175,56658,45834,2744,41705,0
0,0,0,50056,41953,46687,43638,29789,0
0,0,0,16588,34070,13380,0,17873,0
0,0,0,1245,48521,16132,0,5957,0
0,0,0,53294,53725,40253,0,0,0
0,0,0,41283,59152,59445,0,0,0
0,0,0,63198,17687,23951,0,0,0
0,0,0,27634,45126,14200,0,0,0
0,0,0,28647,7667,58161,0,0,0
0,0,33260,39665,44153,60254,0,0,0
0,0,1456,11960,134,40450,0,0,0
0,0,60518,17094,15404,36206,50357,53620,0
0,0,28912,9491,58810,1436,48390,41705,0
0,0,0,24746,51685,45805,10382,29789,0
0,0,0,7679,6323,51292,7421,17873,0
0,0,0,52479,26046,8979,0,5957,0
0,0,34404,62642,24796,25175,29535,0,0
0,0,5313,8382,27130,32443,47201,0,0
0,1470,20914,60609,26191,23925,46748,0,0
0,43305,2288,51928,788,23861,0,0,0
0,41721,2946,16100,22057,59126,19727,0,0
0,50518,63387,52397,507,614,41961,0,0
0,884,63620,60896,9620,35162,0,0,0
0,0,0,43918,47257,21455,8875,53620,0
0,0,0,49306,49256,40898,29341,41705,0
0,0,0,24112,23106,41522,0,29789,0
0,0,0,27938,65111,60086,10626,17873,0
0,0,0,53745,39709,60148,32652,5957,0
0,0,0,6149,40861,19674,24296,0,0
0,0,0,57856,8655,49671,0,0,0
0,0,0,26552,16835,48205,32101,0,0
0,41517,59585,7761,51983,20859,0,0,0
0,49491,60394,35867,20488,48685,0,0,0
0,2803,13151,46945,26954,16905,3762,0,0
0,0,0,14030,12786,24484,0,53620,0
0,0,0,49627,58175,45267,33597,41705,0
0,0,0,24195,51015,11485,18692,29789,0
0,0,0,57567,43992,9187,0,17873,0
0,0,0,16009,3637,3360,3219,5957,0
0,0,0,13201,60590,10912,44930,0,0
0,0,528,16960,16673,23880,7505,0,0
0,0,45876,43398,38999,47867,18244,0,0
0,0,0,43761,48914,17890,0,0,0
0,0,0,26185,4227,17565,64800,0,0
0,0,0,16044,54966,12160,0,0,0
0,0,0,617,40040,5145,36574,0,0
0,0,0,18421,23012,54422,0,41705,0
0,0,0,12292,53736,7196,64484,29789,0
0,0,0,8889,22137,11170,0,17873,0
0,0,0,45487,53195,11949,0,5957,0
0,0,0,40409,64390,16042,45370,0,0
0,0,0,32882,56393,54531,0,0,0
0,0,0,8233,33662,47728,0,0,0
0,0,0,34762,16791,40085,0,0,0
0,0,0,17229,27690,27746,0,0,0
0,0,0,26230,39693,36667,40699,0,0
0,49345,23427,17982,38087,27031,52627,0,0
0,59503,60243,30298,52948,27873,0,53620,0
0,0,0,32791,38986,46681,11835,41705,0
0,0,0,55075,6083,27759,0,29789,0
0,0,0,29483,50342,22558,59165,17873,0
0,0,0,17354,17284,60300,13978,5957,0
0,0,0,63091,5952,34330,20693,0,0
0,0,0,60891,54055,38746,0,0,0
0,0,0,41842,61794,24393,46896,0,0
0,15359,23665,52330,26374,32392,35192,0,0
0,0,23774,16085,29130,59495,0,0,0
0,0,35224,51804,60352,49254,55389,0,0
0,0,58971,19228,29183,8314,6237,53620,0
0,0,56321,37638,15783,7219,0,41705,0
0,0,39067,64672,4083,34504,0,29789,0
0,44043,8789,28082,39220,33480,20993,17873,0
0,0,56510,11849,62068,47799,0,5957,0
0,0,54163,50531,12394,20041,38472,0,0
0,0,19202,35795,19449,35343,62807,0,0
0,17365,37056,37460,63637,27134,0,0,0
0,7694,52728,35832,59960,46162,36318,0,0
0,52010,54641,36525,29536,7974,25761,0,0
0,64551,56740,63845,9840,57958,5821,0,0
0,0,27705,44183,40149,21459,50559,53620,0
0,0,19370,16270,6344,25843,4807,41705,0
0,33078,10587,20405,40733,55802,46355,29789,0
0,16321,64933,11830,2306,6578,33051,17873,0
0,0,18085,60407,14257,274,22889,5957,0
0,0,5559,44544,52349,33919,6559,0,0
0,0,33153,33780,39610,53538,906,0,0
0,0,30618,63886,9033,51504,0,0,0
0,0,0,61214,45568,58559,0,0,0
0,0,0,42622,9408,3647,9793,0,0
0,0,3350,39751,11319,533,37769,0,0
0,0,31403,50440,52124,64384,53958,0,0
0,26038,39584,41706,48441,51314,35358,53620,0
0,0,50013,20158,28209,46094,0,41705,0
0,0,0,56743,52785,57,7025,29789,0
0,0,0,65096,5445,52545,18687,5957,0
0,0,0,16631,15202,8377,54844,0,0
0,0,0,56816,25222,46504,56782,0,0
0,0,0,44245,10521,26147,16215,0,0
0,0,0,59026,37209,6860,0,0,0
0,41262,30365,1167,31976,50690,41145,0,0
0,61987,9178,26321,51262,11548,54836,0,0
0,48440,65505,52371,59108,28149,0,0,0
0,21556,51171,30687,63055,32026,40809,41705,0
0,0,0,37030,6919,45414,46356,29789,0
0,0,0,24720,18954,5134,4430,17873,0
0,0,0,29401,23563,36604,65467,5957,0
0,0,0,62612,56023,42652,7602,0,0
0,0,0,11293,51109,41597,4148,0,0
0,0,3171,63352,3942,31691,39313,0,0
0,0,30326,63616,64597,58716,4126,0,0
0,1596,48682,51435,52522,36308,63327,0,0
0,37009,23468,50643,34259,62969,40677,0,0
0,0,0,7905,13295,39845,929,0,0
0,22313,26466,26895,63560,6167,51647,53620,0
0,31785,46744,49870,38459,36644,53227,41705,0
0,22294,30664,44281,26492,27874,0,17873,0
0,3446,40300,26720,60572,21927,40037,5957,0
0,24430,45624,64518,61889,33637,25481,0,0
0,10011,18741,58082,18006,23117,0,0,0
0,42460,6996,59372,38456,54593,61191,0,0
0,6338,50248,58350,50863,33380,7137,0,0
0,0,58134,42528,65023,32729,2114,0,0
0,0,0,9494,26436,10715,7922,0,0
0,0,0,22512,56038,19318,51722,53620,0
0,0,0,28843,27328,9659,370,41705,0
0,0,0,42296,33717,47457,35411,29789,0
0,0,0,5480,53166,39000,51422,17873,0
0,0,0,39688,21676,52940,0,5957,0
0,0,0,38207,5808,48005,23889,0,0
0,0,0,30093,36426,54407,0,0,0
0,0,0,36425,45828,37650,5895,0,0
0,0,0,16115,63094,13662,9532,0,0
0,43206,19531,26642,12952,43683,34073,0,0
0,40459,22698,36787,44016,52881,58555,0,1
0,24606,11801,3713,61537,30838,0,0,0
0,6936,38594,11037,20390,24278,62784,41705,0
0,25034,58100,33004,25642,61493,31748,29789,0
0,0,9825,2172,25742,40975,10908,17873,0
0,0,63708,49822,55207,54803,0,5957,0
0,0,3577,29750,32505,43263,974,0,0
0,0,13938,33156,46136,35538,0,0,0
0,0,35518,16945,35938,62056,0,0,0
0,8109,16358,26405,43660,15592,24709,0,0
0,57349,4243,25930,14780,13963,29178,0,0
0,43045,842,39494,24262,12061,0,0,0
0,32363,45434,29091,18996,20897,23061,53620,0
0,18467,19520,17593,27638,40071,51463,41705,0
0,0,56040,62048,3698,55710,37081,29789,0
0,0,53909,44996,39162,42784,9622,17873,0
0,0,24678,7088,33971,29669,6244,5957,0
0,0,0,29185,6657,1000,0,0,0
0,0,0,49279,63643,44681,50291,0,0
0,0,0,36244,25342,56387,65488,0,0
0,0,0,22179,8181,51500,0,0,0
0,1679,56498,11251,48053,62265,0,0,0
0,39603,1106,23204,4132,40763,28592,0,0
0,32801,36955,2602,41119,60955,59600,0,1
0,47610,27455,38225,39200,16052,0,53620,0
0,4899,52529,54241,4784,29939,10747,41705,0
0,53080,16891,60409,26703,19005,30626,29789,0
0,5783,11932,4818,56926,18248,0,17873,0
0,7382,61618,39389,36426,30567,0,5957,0
0,23623,3968,17586,60183,48272,6955,0,0
0,62047,13678,25586,2457,1062,0,0,0
0,61024,37918,33219,43919,22606,0,0,0
0,34060,35233,56869,15497,12147,0,0,0
0,3900,44110,31559,14746,35797,39284,0,0
0,21207,41919,59194,842,62833,62917,0,1
0,17623,20056,12720,36093,63810,44094,0,1
0,61083,11626,11925,37237,19333,0,53620,0
0,16919,50331,10457,23821,48713,20308,41705,0
0,26107,32748,63392,57717,17907,26696,29789,0
0,2885,51193,19266,43685,63686,6852,17873,0
0,12793,11362,24876,41555,16376,0,5957,0
0,40390,23310,38172,28474,20798,9777,0,0
0,46322,24777,61034,10730,34070,0,0,0
0,37424,54265,14722,13079,22041,0,0,0
0,6251,46885,60853,52351,55399,37790,0,0
0,0,0,15594,50128,28432,0,0,0
0,0,0,42373,0,0,45664,0,0
0,0,0,37205,23065,61490,18394,0,0
0,0,0,44316,61261,21264,0,53620,0
0,0,0,53710,4371,24906,10761,41705,0
0,0,0,17640,54568,46681,8521,29789,0
0,0,0,60785,3812,13338,0,17873,0
0,0,0,28412,48287,6865,0,5957,0
0,0,0,15583,26550,34577,0,0,0
0,0,0,51172,19074,46642,23076,0,0
0,0,0,32192,18102,21653,0,0,0
0,0,3913,14576,49739,41658,0,0,0
0,28633,6943,45045,14891,48681,27387,0,0
0,65488,45352,12833,10998,21407,26741,0,0
0,0,0,13708,39959,31821,58333,0,0
0,0,0,3457,15269,59228,23755,41705,0
0,0,0,40659,16866,34103,49527,29789,0
0,0,0,11344,48165,4173,7060,17873,0
0,0,0,54664,16626,46051,0,5957,0
0,0,0,60635,19138,5496,0,0,0
0,0,0,4850,43068,22388,0,0,0
0,0,0,23509,22444,37726,0,0,0
0,0,0,20974,34393,50634,0,0,0
0,0,59265,40577,1731,175,63021,0,0
0,0,59678,13435,12468,10652,0,0,0
0,0,0,12271,24900,26567,7514,0,0
0,0,0,6642,45717,36448,0,53620,0
0,0,0,41069,9587,29173,1210,41705,0
0,0,0,40039,34713,44483,40971,29789,0
0,0,0,61139,64423,1313,39725,17873,0
0,0,0,3765,42711,65115,0,5957,0
0,0,0,63993,7246,39117,35524,0,0
0,0,0,2472,47882,22308,0,0,0
0,0,0,16176,19373,5515,0,0,0
0,0,0,43561,60753,6799,63563,0,0
0,0,13892,31498,59310,60774,12021,0,0
0,0,0,10676,20631,9814,0,0,0
0,0,24663,23461,41421,47091,24344,0,0
0,0,8180,12034,18661,16528,5551,53620,0
0,0,0,8617,26267,58904,9469,41705,0
0,0,0,38650,23354,46627,53774,29789,0
0,0,0,25804,1931,51084,0,17873,0
0,0,0,14732,21882,52925,34989,5957,0
0,0,0,55864,5968,19696,0,0,0
0,0,0,5487,60139,58303,0,0,0
0,0,0,44895,38854,52319,18599,0,0
0,0,0,60438,29580,5271,3711,0,0
0,28690,40151,16894,2819,6632,7379,0,0
0,24092,8295,59123,30030,40860,62279,0,0
0,39066,56795,11304,17358,60198,20014,53620,0
0,19426,14390,47657,33108,20749,35872,41705,0
0,0,0,21856,46127,62756,0,29789,0
0,0,0,60955,50212,15980,40249,17873,0
0,0,0,26736,25276,3946,0,5957,0
0,0,0,7532,18492,57617,0,0,0
0,0,0,50928,12328,37869,51275,0,0
0,0,0,5002,31245,63504,15917,0,0
0,0,58466,17102,35064,16481,55772,0,0
0,26969,48023,47065,42607,59655,43587,0,0
0,20215,34635,59625,8295,62462,55706,0,0
0,0,40441,42628,2908,42254,52465,0,0
0,0,0,47973,43482,62611,4963,53620,0
0,0,0,36663,33701,35921,0,41705,0
0,0,0,43168,23142,47768,0,29789,0
0,0,0,22070,17864,61679,0,17873,0
0,0,0,54079,49018,50236,8412,5957,0
0,0,0,56183,60266,18285,29816,0,0
0,0,0,43030,17180,44837,61991,0,0
0,0,0,33917,40579,44037,0,0,0
0,0,0,60435,55517,20265,23290,0,0
0,0,20631,23268,7171,34560,34088,0,0
0,10812,60624,24879,5181,30862,50634,0,0
0,64170,6074,36398,7820,57298,0,0,0
0,44130,56475,44079,62711,27189,0,53620,0
0,377,24624,48631,13157,13467,52115,41705,0
0,33297,13614,62748,8238,4005,0,29789,0
0,0,51449,56507,52740,19180,0,17873,0
0,0,0,31248,25213,41451,44010,5957,0
0,0,4900,10616,28027,35218,0,0,0
0,0,46068,65077,6077,26541,0,0,0
0,0,5415,62650,629,49026,0,0,0
0,31186,14223,671,36085,11411,46212,0,0
0,25150,41018,39160,33269,60886,25136,0,0
0,63366,40346,1978,65223,8796,32158,0,0
0,0,11350,34630,60877,24635,0,53620,0
0,0,14326,40096,32742,2633,0,41705,0
0,0,375,13329,8566,52024,0,29789,0
0,0,0,58103,9140,5617,27065,17873,0
0,0,0,2528,48948,16093,7357,5957,0
0,0,0,51587,17536,39286,60403,0,0
0,0,0,36594,52444,56707,53056,0,0
0,0,0,21454,24960,55918,41235,0,0
0,0,0,31081,23453,10057,7228,0,0
0,2795,54376,967,18957,32887,27732,0,0
0,32954,28308,55183,13762,26282,19735,0,0
0,24510,55865,34390,14270,55762,29317,0,0
0,0,10820,47540,33869,11971,47826,53620,0
0,0,0,17353,52983,6498,49584,41705,0
0,0,0,18191,47462,29174,60603,29789,0
0,0,0,2132,48293,4997,0,17873,0
0,0,0,34775,63715,56459,61508,5957,0
0,0,0,48524,33866,61948,56284,0,0
0,0,0,31507,940,12250,0,0,0
0,0,0,35861,46685,16492,0,0,0
0,0,0,57414,15025,40987,56588,0,0
0,34667,16560,17778,18956,40430,18283,0,0
0,49583,18356,28590,54376,61657,27244,0,0
0,43840,44874,11055,795,61904,52520,0,0
0,60330,21224,62801,31392,27154,0,53620,0
0,64575,24547,19511,27813,65496,0,41705,0
0,29628,56884,40736,64822,8769,8315,29789,0
0,0,0,36973,17480,48380,39624,17873,0
0,0,62116,3384,10523,49495,42396,5957,0
0,0,57672,45020,54385,6274,9173,0,0
0,0,14257,7627,52712,31796,0,0,0
0,0,0,15426,53370,33053,55290,0,0
0,0,0,4744,32430,21216,62145,0,0
0,0,0,1005,22096,49861,0,0,0
0,0,0,5038,30066,10090,9691,0,0
0,0,0,1659,5754,52397,54268,0,0
0,0,0,47586,55805,36357,23237,53620,0
0,0,0,35978,28023,50970,0,41705,0
0,0,0,20118,38098,5430,59799,29789,0
0,0,0,12793,50480,16336,26327,17873,0
0,0,0,34343,42861,62690,0,5957,0
0,0,0,7913,43505,59135,0,0,0
0,0,0,17256,16770,45269,8978,0,0
0,0,0,22741,50234,58143,0,0,0
0,0,47097,48793,36626,39464,60301,0,0
0,48579,37449,6748,42892,49711,4113,0,0
0,42681,55325,23066,55902,19368,32944,0,0
0,43296,33386,16459,25556,50922,0,0,0
0,32787,48267,13514,17983,11440,34117,53620,0
0,0,5480,13536,8966,54620,8938,41705,0
0,0,0,36313,50123,64800,28952,29789,0
0,0,0,43825,754,33464,3827,17873,0
0,0,0,47053,52836,19134,35495,5957,0
0,0,0,58357,46832,61100,45457,0,0
0,0,0,322,2669,3155,35929,0,0
0,0,0,35787,3329,11914,0,0,0
0,0,0,27923,41151,40995,0,0,0
0,0,0,45160,46032,3304,47130,0,0
0,0,0,33508,36500,40880,29232,0,0
0,0,0,9336,20104,15507,500,0,0
0,0,0,28551,22330,31426,28750,53620,0
0,0,0,47576,57608,19125,0,41705,0
0,0,0,47268,5599,21759,0,29789,0
0,0,0,5599,23981,28037,12680,17873,0
0,0,0,28465,18512,17165,0,5957,0
0,0,0,36810,50249,2031,0,0,0
0,0,0,4090,17883,17403,0,0,0
0,0,0,40961,54548,38750,0,0,0
0,0,0,57132,1750,61171,23934,0,0
0,33162,36462,57627,31338,20887,35096,0,0
0,46639,39327,26322,37320,18734,58253,0,0
0,31991,10945,64776,43860,62636,0,0,0
0,0,0,31235,27837,58884,23359,53620,0
0,0,0,62015,28830,15941,0,41705,0
0,0,0,31655,40922,853,0,29789,0
0,0,0,8782,21364,59715,61812,17873,0
0,0,0,13054,43328,39018,45905,5957,0
0,0,0,42747,59338,16617,0,0,0
0,0,0,64510,47688,61499,9673,0,0
0,0,0,57482,21202,64292,65529,0,0
0,1072,10792,27297,5002,36414,39363,0,0
0,21225,47725,65432,27234,1267,61599,0,0
0,46316,10512,40966,26983,28549,0,0,0
0,33071,51645,47530,65067,982,39051,0,0
0,0,0,20138,57625,47845,15200,53620,0
0,0,0,62128,3127,0,39638,41705,0
0,0,0,35542,3752,28577,0,29789,0
0,0,0,6007,15792,45172,20730,17873,0
0,0,0,41505,35291,37871,0,5957,0
0,0,0,51865,27070,52188,0,0,0
0,0,0,14298,17751,9027,0,0,0
0,0,0,35126,38449,20582,42102,0,0
0,0,0,46354,31350,31629,0,0,0
0,1209,17282,62275,28162,55791,29960,0,0
0,51445,37318,24055,52984,5867,29256,0,0
0,14811,57235,1858,42974,36149,43557,0,0
0,0,23423,17603,29454,55242,29881,53620,0
0,51177,48936,55027,25815,49593,0,41705,0
0,21073,10059,5368,60443,56243,0,29789,0
0,10578,60444,8840,10175,16300,0,17873,0
0,55562,20903,52085,6189,50628,33111,5957,0
0,1798,15186,3382,24662,12300,7808,0,0
0,0,17531,25844,2325,40642,0,0,0
0,0,8497,19380,28320,64426,0,0,0
0,0,0,46016,4693,58142,0,0,0
0,0,0,38444,15559,31844,37013,0,0
0,0,0,42647,16698,44072,52566,0,0
0,0,0,53669,55278,20546,45332,0,0
0,0,34117,12517,14648,5795,51330,53620,0
0,0,29727,29259,47514,10355,0,41705,0
0,0,4685,35645,26136,44482,0,29789,0
0,0,50421,56389,43244,44250,0,17873,0
0,0,32815,48885,50501,56678,3653,5957,0
0,0,40653,10828,17895,20278,0,0,0
0,0,21089,46470,29218,52321,0,0,0
0,0,62582,5342,47250,61385,39779,0,0
0,59087,16097,4068,19084,27681,42924,0,0
0,12398,59410,32517,53574,11848,64183,0,0
0,46987,53524,2601,50414,41686,11081,0,0
0,6332,8691,44594,19262,38979,58738,0,0
0,0,35978,8849,6816,41921,0,53620,0
0,0,59474,57679,39041,4487,59059,41705,0
0,0,24986,15509,36213,18493,36206,29789,0
0,0,26497,28288,56643,21493,0,17873,0
0,0,63001,7959,1484,36006,0,5957,0
0,0,3394,61391,43873,58877,0,0,0
0,0,19073,52966,35864,29057,23276,0,0
0,0,59064,31077,15210,43365,0,0,0
0,41065,45063,6659,39835,61639,47981,0,0
0,32597,33702,5958,31508,52586,7567,0,0
0,61503,16857,34979,18925,16553,0,0,0
0,0,22796,65292,11621,61709,0,53620,0
0,0,12734,5406,4264,33275,7232,41705,0
0,0,7756,6921,19001,46479,5881,29789,0
0,0,18787,46513,30950,29608,14275,17873,0
0,0,48698,14269,12423,55368,47685,5957,0
0,0,40708,50135,59596,2769,22245,0,0
0,58524,14718,37321,49261,64420,6095,0,0
0,37798,6464,60113,5725,46778,56833,0,0
0,0,54966,13886,39684,18518,0,0,0
0,55865,38903,44427,59826,27195,0,0,0
0,12019,24249,10183,13206,20897,45412,0,1
0,57704,51694,59179,46062,3627,0,0,0
0,23431,52706,3637,3951,9034,59524,53620,0
0,56535,37074,1059,15017,50887,1651,29789,0
0,3632,14571,60953,61678,47928,4342,17873,0
0,7545,6877,57083,44310,7109,25300,5957,0
0,18866,6197,28936,49409,54794,0,0,0
0,0,2109,31294,8062,20672,46192,0,0
0,30810,30864,12989,21684,25652,3896,0,0
0,0,49578,56978,21489,61207,0,0,0
0,0,58096,60061,62014,3059,65313,0,0
0,0,0,26957,12997,5380,46996,0,0
0,0,0,42292,17892,1384,55896,0,0
0,0,0,56115,2749,37449,17847,53620,0
0,0,0,46601,54773,63109,0,29789,0
0,0,0,30829,53456,29229,0,17873,0
0,0,0,22323,43470,28532,51123,5957,0
0,0,0,15243,56479,37301,0,0,0
0,0,0,17265,15786,23729,18191,0,0
0,0,0,16741,42535,30607,5955,0,0
0,2497,6299,31290,2115,48169,54840,0,0
0,470,38699,56542,52723,64811,47342,0,0
0,63777,38723,44371,30370,42574,0,0,0
0,0,0,20185,56653,8397,8260,0,0
0,0,0,44538,52019,51592,58544,53620,0
0,0,52927,30930,51678,24792,5112,41705,0
0,0,64236,34885,22556,59797,0,29789,0
0,0,0,11625,51243,37069,0,17873,0
0,0,0,44091,58939,26362,22906,5957,0
0,0,0,6573,60748,22384,0,0,0
0,0,21195,28075,6507,20983,0,0,0
0,0,48252,59709,11545,41268,52148,0,0
0,40882,46408,25498,38656,57494,43264,0,0
0,42916,32792,39465,63040,13919,42658,0,0
0,16876,3662,37677,213,57227,0,0,0
0,19468,49773,25869,33768,14078,0,0,0
0,27620,46667,290,28819,65355,0,53620,0
0,0,32749,1720,35528,3442,21349,41705,0
0,0,0,40161,49461,33674,45359,29789,0
0,0,0,26495,9632,61678,31835,17873,0
0,0,0,30239,229,16854,54801,5957,0
0,0,0,58758,2816,21708,45039,0,0
0,0,0,50544,28717,59302,0,0,0
0,0,55752,50527,30994,56631,49368,0,0
0,44324,22796,41042,38811,65338,22366,0,0
0,10334,10539,6796,38452,27820,61171,0,0
0,4217,1411,42447,21921,16443,15967,0,0
0,2341,7610,57677,58893,3598,0,0,0
0,19364,51331,3924,8992,41678,33561,53620,0
0,56767,9006,34805,14274,62952,0,41705,0
0,48761,21656,23990,63204,49745,47043,17873,0
0,65106,705,3215,2095,9516,13159,5957,0
0,3068,34058,64563,13741,25940,0,0,0
0,56247,25190,60372,25528,42803,58407,0,0
0,44610,17151,14994,18880,19406,0,0,0
0,28978,401,44486,30193,639,0,0,0
0,4311,60436,1311,61824,15792,0,0,0
0,60852,34287,60650,2966,61799,62537,0,0
0,50333,32280,38946,45613,38733,0,0,0
0,30615,25606,55900,41327,63526,0,53620,0
0,4141,22498,47834,14403,33518,19829,41705,0
0,44105,39203,30688,51967,32146,53832,29789,0
0,61961,30944,13365,23379,13560,46816,17873,0
0,43311,14781,32773,26812,25179,38065,5957,0
0,39081,14968,41903,16623,36138,35478,0,0
0,16724,5372,21952,30900,55246,23304,0,0
0,9868,24078,53876,36264,9804,50503,0,0
0,56526,22107,889,51810,10255,9895,0,0
0,26433,51512,34432,20938,6164,31381,0,0
0,53785,252,45612,4245,46585,6580,0,0
0,38564,42504,39224,30896,13746,0,0,0
0,24267,6014,19438,42263,63344,0,53620,0
0,0,30191,27100,26769,1825,65421,41705,0
0,0,0,13309,56316,54439,0,17873,0
0,0,0,53626,64700,51275,841,5957,0
0,0,0,56757,47705,64832,1047,0,0
0,0,0,44446,22639,53084,0,0,0
0,0,0,5600,22581,31329,25283,0,0
0,0,0,36746,57812,37881,52594,0,0
0,0,63622,30610,34698,22509,33216,0,0
0,43641,15377,2280,15389,9175,3908,0,0
0,34256,3776,12549,1053,41319,42458,0,0
0,32851,3937,1409,10645,58690,0,53620,0
0,1001,19546,25334,13767,25190,48147,41705,0
0,50131,36647,49688,29810,56685,0,29789,0
0,50522,17512,35341,33834,4065,4951,17873,0
0,6818,61605,28603,5926,58266,51603,5957,0
0,55621,43809,48152,24681,38925,36537,0,0
0,59108,56057,59841,47313,3140,0,0,0
0,52802,36983,12016,22267,17218,15877,0,0
0,50737,4223,6293,771,27939,44334,0,0
0,28174,25360,30347,40496,42114,39225,0,0
0,0,27633,40000,38326,64194,22701,0,0
0,0,35121,46996,52471,54087,0,0,0
0,0,45592,49917,26803,3322,45078,53620,0
0,0,5531,22442,18206,48873,26754,41705,0
0,0,15228,63075,29411,62477,2123,29789,0
0,0,19385,12962,65093,23251,0,17873,0
0,0,9005,58678,36708,35278,20908,5957,0
0,0,0,60348,57762,39678,0,0,0
0,0,0,28359,7625,52829,0,0,0
0,0,0,12612,29833,35238,58182,0,0
0,0,0,55591,38293,46668,0,0,0
0,0,34821,4729,29268,63205,54978,0,0
0,9814,27734,26321,49747,32546,13357,0,0
0,28,32240,64155,65224,35514,0,0,0
0,5551,16879,60905,10163,1713,0,53620,0
0,64697,9698,8005,1303,7749,56209,41705,0
0,0,20056,26250,37781,20052,2899,17873,0
0,0,31801,6581,25049,46674,25379,5957,0
0,0,30990,60806,52440,46242,6678,0,0
0,0,0,40745,49427,16129,0,0,0
0,0,0,31425,3473,31959,39830,0,0
0,0,0,39433,2122,52021,0,0,0
0,27688,65465,44120,34924,17520,55463,0,0
0,3527,4003,39856,35392,65132,38934,0,1
0,32979,46838,11153,11154,42727,0,0,0
0,46597,6360,45881,9398,59311,17047,53620,0
0,36426,41218,41270,36549,55934,0,41705,0
0,58228,9922,59432,9261,12013,0,29789,0
0,37348,20296,50476,15053,43356,29041,17873,0
0,17767,22626,9561,39095,9578,0,5957,0
0,55137,31933,22720,56579,32088,27960,0,0
0,40322,60214,58899,53865,44118,5960,0,0
0,43933,7757,32722,52034,11548,28941,0,0
0,31771,14731,1289,64896,39036,0,0,0
0,0,0,40123,21955,55452,29415,0,0
0,0,64812,59005,35943,812,50730,0,0
0,0,55933,8198,41030,30197,32100,0,0
0,0,33336,57976,64675,41606,0,53620,0
0,0,4072,5633,12040,6533,0,41705,0
0,0,0,20223,64271,23306,56588,29789,0
0,0,0,62591,48793,8859,60511,17873,0
0,0,0,23533,48427,53127,0,5957,0
0,0,0,49022,22642,16791,0,0,0
0,0,0,31570,7812,55316,0,0,0
0,0,0,11035,57391,55064,0,0,0
0,0,0,55729,58961,8304,29032,0,0
0,0,33054,1542,46381,3270,47987,0,0
0,2894,58022,9472,47865,14347,25065,0,0
0,49248,27167,35824,52795,56536,7384,0,0
0,17071,62220,6309,46423,7,19921,53620,0
0,2605,16028,43253,9125,40235,38108,29789,0
0,40206,61199,14725,21661,48976,0,17873,0
0,53283,12876,37216,34472,8843,17953,5957,0
0,23545,32771,35629,43302,54877,5738,0,0
0,46077,64901,38782,28851,42270,0,0,0
0,57425,64878,15981,45933,870,30590,0,0
0,13705,40561,43264,45125,24666,0,0,0
0,33114,64072,52503,60490,18975,0,0,0
0,0,35886,17839,64053,2867,40235,0,0
0,0,30410,61787,42178,34272,21543,0,0
0,0,36548,16564,40874,6572,0,53620,0
0,0,50244,23262,33723,26535,4393,41705,0
0,0,42114,34123,50555,5191,9918,29789,0
0,0,0,21784,31164,36794,61318,17873,0
0,0,4256,20930,36787,39000,0,5957,0
0,0,0,21,57369,37060,0,0,0
0,0,0,30345,56075,14466,26631,0,0
0,0,0,19430,16877,52826,0,0,0
0,0,55531,20034,46345,32357,57065,0,0
0,9814,27734,26321,61177,34624,12116,0,0
0,20944,32744,20003,10818,31512,30280,0,0
0,6180,2572,29255,34162,58575,0,0,0
0,10614,3497,39319,22937,20859,60829,53620,0
0,63870,37056,13739,27574,40231,4875,41705,0
0,0,0,22670,37832,60215,0,29789,0
0,0,0,22867,8420,15945,23774,17873,0
0,0,0,47065,962,46546,28757,5957,0
0,0,0,8785,57174,46459,0,0,0
0,0,0,36617,45817,15025,0,0,0
0,0,0,33248,38153,60029,15472,0,0
0,0,0,23156,7399,32017,0,0,0
0,28848,6528,38447,197,54430,0,0,0
0,53006,31681,49965,47788,31472,10505,0,0
0,0,21231,65274,12685,5498,0,0,0
0,0,0,47881,57022,17610,38673,53620,0
0,0,0,33625,21626,37899,0,41705,0
0,0,0,63713,24135,49970,44572,29789,0
0,0,0,58919,11009,62396,0,17873,0
0,0,0,54471,48824,19310,20508,5957,0
0,0,0,6952,24568,12638,0,0,0
0,0,0,48167,60051,27141,52515,0,0
0,0,0,27849,61176,22386,54762,0,0
0,0,0,12305,16065,49278,0,0,0
0,0,0,46702,49982,29616,0,0,0
0,0,0,58991,5087,5293,59670,0,0
0,0,0,23741,52695,7155,4702,0,0
0,0,0,46161,47110,15556,20350,53620,0
0,0,0,6734,19112,20374,0,41705,0
0,0,0,18230,29813,30525,4614,29789,0
0,0,0,1888,40323,1298,17578,17873,0
0,0,0,11135,6145,10569,53099,5957,0
0,0,0,54382,7953,25053,0,0,0
0,0,0,9952,16657,8219,5183,0,0
0,0,0,41670,4514,21041,0,0,0
0,0,0,14103,8445,32686,0,0,0
0,0,0,3987,42106,17511,26514,0,0
0,0,33262,19105,60357,31017,39574,0,0
0,39671,35797,37896,13313,59866,37158,0,0
0,53532,28905,16393,17779,44227,0,53620,0
0,3711,30485,26511,26992,60195,62076,41705,0
0,58228,9922,59432,56889,16604,53457,29789,0
0,55694,57845,62571,44832,4585,0,17873,0
0,20965,56085,5927,64291,55776,0,5957,0
0,23892,21774,65370,54202,50822,0,0,0
0,12356,50937,40066,32724,47785,39752,0,0
0,15167,58730,16346,56259,25139,19984,0,0
0,25194,42062,56609,56154,21971,20382,0,0
0,18787,12333,63772,59613,34336,21481,0,0
0,39770,17690,15168,41855,56349,0,0,0
0,3817,43208,2912,29457,56953,51278,0,0
0,0,0,43426,15395,41069,3365,53620,0
0,0,0,2783,13860,48424,22153,41705,0
0,0,0,31821,59880,53198,40906,29789,0
0,0,0,53427,18716,26628,0,17873,0
0,0,0,63025,13451,52240,30853,5957,0
0,0,22506,34741,17256,21632,33248,0,0
0,0,0,12194,18327,16012,0,0,0
0,0,0,43635,24216,35974,26366,0,0
0,0,0,45364,54806,11170,34903,0,0
0,0,0,21606,53911,43702,50149,0,0
0,0,0,51857,22031,63335,13663,0,0
0,0,0,21233,11390,56488,21750,0,0
0,0,0,46903,46362,63275,57626,53620,0
0,0,0,39558,54603,38945,63109,41705,0
0,0,0,59477,16048,9229,0,29789,0
0,0,0,45698,30311,21919,0,17873,0
0,0,0,3586,15399,27637,0,5957,0
0,0,0,42710,25643,8601,3443,0,0
0,0,0,2190,22703,54423,22736,0,0
0,0,0,62397,54574,20940,0,0,0
0,0,0,62499,65445,42252,0,0,0
0,0,0,24749,32386,9191,43417,0,0
0,0,0,33593,11724,39353,43217,0,0
0,0,0,35566,9778,19425,0,0,0
0,0,0,16479,9214,242,5012,53620,0
0,0,0,19747,7938,49044,21295,41705,0
0,0,0,59884,52853,40295,30817,29789,0
0,0,0,12465,30680,52482,0,17873,0
0,0,0,18858,56235,65090,24731,5957,0
0,0,0,36551,33537,31992,0,0,0
0,0,0,47824,12646,40911,10537,0,0
0,0,0,20987,37537,57578,37412,0,0
0,0,34314,51378,55293,30389,1188,0,0
0,0,13012,58684,3264,24483,35556,0,0
0,0,0,42950,59898,11440,0,0,0
0,0,0,60817,46948,33106,2389,0,0
0,0,0,65287,11424,31093,54415,53620,0
0,0,0,8007,38804,42850,0,41705,0
0,0,0,32246,64676,47833,0,29789,0
0,0,0,26620,42767,10194,19855,17873,0
0,0,0,22399,50140,49780,0,5957,0
0,0,0,59277,41610,17087,0,0,0
0,0,0,38061,14699,51155,13621,0,0
0,0,0,62904,2264,30677,39026,0,0
0,0,0,29692,39190,2569,0,0,0
0,0,0,51823,33474,34301,0,0,0
0,0,0,28637,19310,42291,24503,0,0
0,0,0,22516,58178,42433,0,0,0
0,0,0,62429,32572,17452,0,53620,0
0,0,0,8520,36732,32853,65045,41705,0
0,0,0,34861,25566,3068,0,29789,0
0,0,20663,6237,27549,50068,19698,17873,0
0,0,0,57861,3462,59010,0,5957,0
0,0,0,23016,14640,56066,38617,0,0
0,0,0,35829,63785,30797,46728,0,0
0,0,0,31155,7336,63799,0,0,0
0,0,0,42512,52039,1416,0,0,0
0,0,0,23083,55030,50855,0,0,0
0,0,0,44925,58785,11646,0,0,0
0,0,0,14293,6515,12549,43427,0,0
0,0,0,505,57629,46033,25350,53620,0
0,0,0,21945,56901,29280,48552,41705,0
0,0,0,13367,8287,61319,51138,29789,0
0,0,0,57056,27015,57770,54728,17873,0
0,0,0,43982,28594,19240,0,5957,0
0,0,0,34448,28816,46257,46180,0,0
0,0,0,53420,34116,2836,0,0,0
0,0,0,49202,41073,11912,48030,0,0
0,0,45675,54355,8385,59974,0,0,0
0,54551,65216,11560,40584,12679,20533,0,0
0,3689,17429,54427,43075,32692,50373,0,0
0,49584,40149,13034,60318,64933,0,0,0
0,0,0,50668,34421,57471,4931,53620,0
0,0,0,46084,1433,52513,42025,41705,0
0,0,0,46688,21129,55993,52338,29789,0
0,0,0,34558,19032,35206,0,17873,0
0,0,0,6606,17408,30710,0,5957,0
0,0,0,12251,44181,41019,0,0,0
0,0,0,60111,11181,7476,2314,0,0
0,0,0,57155,61336,26232,51522,0,0
0,0,0,52166,54259,25613,0,0,0
0,0,0,46746,50048,62117,0,0,0
0,0,0,35105,49207,37679,41657,0,0
0,0,0,61013,21992,52961,49441,0,0
0,0,0,21665,28247,29508,25259,53620,0
0,0,0,13517,9589,30438,29870,41705,0
0,0,0,16761,62586,52429,35126,29789,0
0,0,0,62577,32783,57889,17373,17873,0
0,0,0,5905,1701,31767,0,5957,0
0,0,0,26312,3911,22663,60259,0,0
0,0,0,61598,33324,56857,24851,0,0
0,0,0,37140,39194,52542,0,0,0
0,0,0,38176,28568,61723,44849,0,0
0,0,0,47437,16284,19181,13471,0,0
0,0,0,52215,52264,14739,0,0,0
0,0,0,37758,19615,53706,9877,0,0
0,0,0,28621,10874,47952,34488,53620,0
0,0,0,63395,19824,6681,0,41705,0
0,0,0,6032,19179,41955,42902,29789,0
0,0,0,37850,8633,54187,41380,17873,0
0,0,0,22879,43627,45666,54472,5957,0
0,0,0,61699,25431,5127,0,0,0
0,0,0,30378,22969,16931,0,0,0
0,0,0,30361,29923,41768,13144,0,0
0,0,0,22610,43207,13810,0,0,0
0,0,0,25035,47319,52080,8126,0,0
0,0,0,2081,52808,45634,0,0,0
0,0,0,33433,21423,19639,26745,0,0
0,0,0,7277,45410,58366,0,41705,0
0,0,0,15105,1294,44939,59059,29789,0
0,0,0,12968,24446,16971,20811,17873,0
0,0,0,12200,7057,42442,0,5957,0
0,0,0,19018,52971,6128,60165,0,0
0,0,0,57292,24656,4496,16043,0,0
0,0,0,23224,57050,8940,27128,0,0
0,0,0,4571,24008,36044,0,0,0
0,33469,38244,60470,14395,18843,0,0,0
0,28667,47811,32138,42815,20901,24881,0,0
0,48604,52454,21639,56668,34008,50970,0,0
0,0,0,7851,42101,28906,0,53620,0
0,0,0,20913,28343,830,17298,41705,0
0,0,0,36686,12052,53737,0,29789,0
0,0,0,22332,43632,64868,3173,17873,0
0,0,0,8650,28400,45477,31696,5957,0
0,0,0,37605,52520,15719,40370,0,0
0,0,0,52939,55467,11296,26105,0,0
0,0,0,8467,13408,36606,0,0,0
0,0,44458,49648,11466,61081,49260,0,0
0,0,3440,45065,24185,19004,59835,0,0
0,0,20173,33917,44144,51450,0,0,0
0,0,0,33122,36690,2439,40021,0,0
0,0,0,28798,49178,35255,53737,53620,0
0,0,0,29372,52981,29456,30225,41705,0
0,0,0,4257,51407,3370,0,29789,0
0,0,0,53314,21483,8529,0,17873,0
0,0,0,38324,33792,19175,44943,5957,0
0,0,0,11402,49180,65376,0,0,0
0,0,0,21399,62249,805,0,0,0
0,0,0,21141,27383,45112,0,0,0
0,0,0,26025,8014,22393,16065,0,0
0,0,16379,34840,45031,36342,0,0,0
0,50820,38247,17669,15795,14425,14352,0,0
0,21321,14543,36343,35730,28123,0,0,0
0,35818,51788,47597,65429,43730,0,53620,0
0,46874,14349,4938,28763,63006,48320,41705,0
0,38112,59274,6043,57161,11348,0,29789,0
0,53857,4159,15319,1965,36110,47826,17873,0
0,5434,33881,20975,62923,28591,0,5957,0
0,44897,19797,8788,9496,15,1910,0,0
0,25670,53946,53019,57502,11629,23218,0,0
0,16874,14293,1107,54141,51077,0,0,0
0,42330,45872,7713,4747,26110,25826,0,0
0,18354,56516,17003,54572,44678,65456,0,0
0,8855,4950,47792,39767,9617,54057,0,0
0,51611,39757,5276,61946,54057,65234,0,0
0,0,33979,31340,33376,36524,24506,53620,0
0,0,8353,43875,17114,29728,34928,41705,0
0,0,0,64251,56208,19708,29084,29789,0
0,0,0,22862,51926,16063,23418,17873,0
0,0,0,4199,30189,48799,0,5957,0
0,0,0,61316,8779,18164,0,0,0
0,0,0,57293,36297,19374,49828,0,0
0,0,0,34100,53936,20846,24673,0,0
0,0,0,32485,7137,52915,0,0,0
0,0,62481,55795,52043,6749,50255,0,0
0,0,59261,27705,58950,45983,44090,0,0
0,58360,26404,59422,52615,52900,0,0,0
0,0,21989,39284,2313,30326,2242,53620,0
0,0,0,42399,15306,20893,30105,41705,0
0,0,0,48439,36123,17068,4282,29789,0
0,0,0,30567,54431,62651,63691,17873,0
0,0,0,24885,39864,8415,30314,5957,0
0,0,0,11714,11852,3497,17507,0,0
0,0,0,20092,45337,25141,481,0,0
0,0,0,33756,33250,3069,0,0,0
0,0,0,32905,54918,7692,34079,0,0
0,53548,64763,15886,11660,44991,0,0,0
0,9167,42269,39393,55877,468,29650,0,0
0,0,0,16693,15680,3198,0,0,0
0,0,0,38192,41262,63626,29466,53620,0
0,0,0,23651,54302,48244,3460,41705,0
0,0,0,284,38744,42545,63201,29789,0
0,0,0,44922,60526,33906,2794,17873,0
0,0,0,28664,37719,40913,55750,5957,0
0,0,0,33490,33199,36225,0,0,0
0,0,0,32966,57783,12084,0,0,0
0,0,0,52977,2183,18033,0,0,0
0,0,0,52068,62563,718,31386,0,0
0,25208,45706,43213,14088,51678,0,0,0
0,39722,42279,60621,28661,23234,0,0,0
0,59204,3718,57577,12541,65071,39045,0,0
0,11349,41099,24250,41576,6457,61974,53620,0
0,33122,25442,6594,39172,47641,0,41705,0
0,41655,46101,29668,56353,7214,0,29789,0
0,0,2793,14886,15990,47865,0,17873,0
0,0,37335,30887,63170,31125,6103,0,0
0,0,56179,58414,6485,29808,0,0,0
0,31674,1929,38517,30919,45126,27258,0,0
0,0,0,47529,5937,45054,0,0,0
0,0,58732,35747,35074,18357,37130,0,0
0,40905,21559,16333,47428,25525,0,0,0
0,21455,45160,39521,27359,29283,0,53620,0
0,0,56360,10855,23666,39275,0,41705,0
0,0,16207,40992,48400,14848,45247,29789,0
0,0,17890,21248,46996,30841,24014,17873,0
0,0,35446,33329,49651,36102,48854,5957,0
0,0,35823,20126,21923,566,47886,0,0
0,0,41448,32212,44042,32056,28585,0,0
0,16687,3830,36085,60181,20901,35025,0,0
0,7307,44686,22332,34701,50878,0,0,0
0,28444,26463,47938,39783,50444,0,0,0
0,20048,59104,0,43985,3726,11064,0,0
0,30545,62842,5819,4783,52091,0,0,0
0,0,0,6183,36274,60660,48998,53620,0
0,0,0,56400,64980,24715,64140,41705,0
0,0,14499,24654,54335,9662,61207,29789,0
0,0,56762,3844,2193,24093,28255,17873,0
0,0,11018,62595,9170,41649,2602,5957,0
0,6909,40205,3942,55709,23198,32389,0,0
0,13177,34779,510,59059,50584,41118,0,0
0,63323,23736,24133,34197,8673,4133,0,0
0,33885,38848,17542,38381,63463,6005,0,0
0,55416,57886,57109,22335,26586,52540,0,1
0,23602,39324,53795,55214,22112,0,0,0
0,42147,1106,40376,22066,26833,53382,53620,0
0,35149,31760,64033,12021,29973,0,41705,0
0,34142,40178,27710,9052,53052,30794,29789,0
0,19426,21078,49565,53173,29918,0,17873,0
0,0,6274,8576,46458,15857,0,5957,0
0,24086,16650,22325,31873,55694,0,0,0
0,55656,4077,61640,26505,2038,18044,0,0
0,20837,55361,45425,51089,28969,8072,0,0
0,27619,14798,53862,57298,20877,0,0,0
0,0,0,23184,21437,41868,20728,0,0
0,0,29387,28791,8129,50395,33395,0,0
0,0,62554,7785,59131,27286,13644,53620,0
0,0,0,1089,14066,3200,0,41705,0
0,0,0,21954,39213,28887,40814,29789,0
0,0,0,62565,28701,4027,34281,17873,0
0,0,0,23559,64600,18388,0,5957,0
0,0,0,59232,24284,35268,50645,0,0
0,0,0,37184,64704,8926,0,0,0
0,0,0,6041,25849,53010,41176,0,0
0,0,6610,56220,8247,27991,12494,0,0
0,0,0,10017,43343,23997,0,0,0
0,0,0,16034,56916,0,63164,0,0
0,0,11628,17872,24108,57690,3387,0,0
0,0,12283,6859,59109,6793,17755,53620,0
0,0,37418,43644,56893,56790,0,41705,0
0,0,0,4745,15364,20378,63580,29789,0
0,0,0,48051,54183,18493,0,17873,0
0,0,0,24975,16675,63322,45324,5957,0
0,0,0,53418,29916,37847,34191,0,0
0,0,0,8889,29326,63187,0,0,0
0,0,0,9357,12016,54517,12142,0,0
0,0,0,44289,14836,15827,21354,0,0
0,64256,58380,32951,27379,1554,44405,0,0
0,3050,2692,61286,527,34411,52315,0,0
0,18831,41660,58852,2336,33710,0,0,0
0,31742,17033,44321,34624,33943,56601,53620,0
0,22065,47124,7026,50918,9081,37317,41705,0
0,3100,1535,24570,17298,63630,6593,29789,0
0,0,16307,51663,11377,2572,37698,17873,0
0,0,8068,4652,21475,22485,0,5957,0
0,0,38661,49968,43731,46158,0,0,0
0,0,63287,11817,49966,30671,33142,0,0
0,0,35524,1250,726,13828,0,0,0
0,0,38860,10507,36680,12154,0,0,0
0,0,0,4440,40313,34970,7102,0,0
0,0,16642,2426,42642,44388,35099,0,0
0,8183,1772,47269,31961,24806,60637,0,0
0,0,30662,63909,35863,14613,0,53620,0
0,49265,31904,48273,42726,44351,14624,41705,0
0,27349,59170,37827,15098,35785,17445,29789,0
0,8039,58352,44711,18387,59614,0,17873,0
0,60883,45145,10291,34127,4571,34808,5957,0
0,51634,50045,22809,42848,32519,61537,0,0
0,48506,10339,58952,55801,31260,24335,0,0
0,32687,53033,0,34040,322,22203,0,0
0,11060,49958,0,30830,731,52565,0,1
0,41181,25094,0,62142,13802,50297,0,1
0,29383,43422,0,20550,39918,0,0,1
0,26726,18645,0,64773,63121,27865,0,0
0,61813,39376,0,7605,61577,20299,53620,0
0,830,14227,0,39657,53357,20085,41705,0
0,3864,41286,0,24210,62548,0,29789,0
0,36687,17629,40251,61545,55172,10872,17873,0
0,30883,60510,63112,55407,14223,0,5957,0
0,49143,63211,56448,8986,6052,28751,0,0
0,30298,37186,1573,15644,32549,0,0,0
0,15410,58281,44528,63836,28132,0,0,0
0,14900,34066,62492,34426,25270,27143,0,0
0,49200,25802,23027,57823,40842,52704,0,0
0,1365,37750,0,6067,10340,14422,0,1
0,38791,12425,0,50370,51879,56455,0,1
0,52438,27311,0,4019,28350,19224,41705,1
0,53053,23445,10952,57815,7105,8175,29789,0
0,20763,7561,14639,44999,39326,2620,17873,0
0,64295,12230,53512,52984,50056,37943,5957,0
0,32717,39682,0,19700,4346,9621,0,0
0,45100,65364,2862,15261,25750,0,0,0
0,14391,47578,24106,11939,27202,0,0,0
0,23150,42840,0,12618,57284,23360,0,1
0,39433,57297,10675,43708,54586,0,0,1
0,0,0,44814,18983,30808,7400,0,0
0,0,0,55402,55488,10346,1064,53620,0
0,0,0,27402,30156,6288,0,41705,0
0,0,0,36166,49857,5153,0,29789,0
0,0,0,46546,8404,33601,0,17873,0
0,0,0,51081,18516,26105,5713,5957,0
0,0,0,54599,48390,45391,0,0,0
0,0,0,35716,62866,20928,4739,0,0
0,0,0,11397,24591,9411,0,0,0
0,0,0,59496,44929,18506,11198,0,0
0,0,0,13839,42332,56660,8190,0,0
0,51742,9200,14999,32269,43052,27131,0,0
0,50283,39206,44142,28900,41399,53722,0,0
0,45445,39550,50060,22372,43338,0,53620,0
0,0,12010,59860,42382,13698,12310,41705,0
0,0,63876,56872,60570,27493,58178,29789,0
0,0,13215,46472,59598,34542,34793,17873,0
0,0,42102,53544,28773,16569,0,5957,0
0,0,8708,17767,5594,50166,0,0,0
0,0,24115,10121,31569,5703,0,0,0
0,0,22855,6310,14324,6055,0,0,0
0,0,878,26878,20187,9183,55105,0,0
0,0,0,4711,60015,49805,0,0,0
0,0,37736,15685,15663,7589,0,0,0
0,0,0,4693,30090,24649,8241,0,0
0,0,0,24282,22622,2042,2487,53620,0
0,0,0,25383,54797,23611,0,29789,0
0,0,0,5873,11674,45019,30354,17873,0
0,0,0,24537,41991,29108,40218,5957,0
0,0,0,8025,44160,8685,0,0,0
0,0,0,6284,8468,1683,10427,0,0
0,0,0,39437,35550,5719,0,0,0
0,0,0,31971,28575,40750,0,0,0
0,0,0,7497,14960,51367,0,0,0
0,0,0,49002,30604,1002,58891,0,0
0,0,0,36977,33960,31622,0,0,0
0,0,0,26507,21185,2346,5804,53620,0
0,0,0,48075,63177,11276,44859,41705,0
0,0,0,4325,63667,27102,0,29789,0
0,0,0,48507,15881,2796,26497,17873,0
0,0,0,7704,20250,31311,23160,5957,0
0,0,0,27217,7638,62511,32555,0,0
0,0,0,15341,12067,28279,11873,0,0
0,0,0,12381,50521,51156,50824,0,0
0,19528,54742,60442,1368,36257,0,0,0
0,11707,14739,46933,45012,56633,56620,0,0
0,0,0,60322,49613,51397,27212,0,0
0,0,0,322,13637,36117,1540,53620,0
0,0,0,12724,46281,63010,48992,41705,0
0,0,0,2857,9442,64116,50339,29789,0
0,0,0,39609,10208,25140,21660,17873,0
0,0,0,9747,61125,59636,23111,5957,0
0,0,0,23354,37637,60953,25167,0,0
0,0,0,47710,5980,25016,0,0,0
0,0,0,18658,15460,48534,0,0,0
0,0,0,42178,45206,29899,0,0,0
0,0,10259,25717,16114,696,0,0,0
0,0,41719,57541,15803,48483,5868,0,0
0,0,8626,38933,65305,63217,0,0,0
0,0,0,23516,61485,56236,35523,53620,0
0,0,0,4435,25589,47115,0,41705,0
0,0,0,49153,62383,58835,2845,29789,0
0,0,0,35257,41798,32344,42958,17873,0
0,0,0,61304,38800,61278,0,0,0
0,0,0,34977,58457,24415,17370,0,0
0,0,0,49742,27526,51053,0,0,0
0,0,0,23473,22968,52829,0,0,0
0,0,0,3051,13363,57071,13695,0,0
0,0,0,4083,6050,59844,0,53620,0
0,0,0,3273,38511,39058,18075,41705,0
0,0,0,11964,58426,2298,57987,29789,0
0,0,0,41833,2259,1853,0,17873,0
0,0,0,50808,26952,42975,0,5957,0
0,0,0,38166,59313,12981,0,0,0
0,0,0,32911,50553,42352,21745,0,0
0,0,0,22292,21486,34272,9180,0,0
0,0,0,36675,14057,29971,41608,0,0
0,0,0,35004,10154,33714,10724,0,0
0,47920,2495,32625,65097,6762,10541,0,0
0,39259,34277,58411,41427,11154,47767,0,0
0,53912,29903,39816,15719,3814,0,53620,0
0,47930,25,44724,20363,29228,34787,41705,0
0,0,59128,20320,52157,59742,14124,29789,0
0,0,26807,54302,4296,27760,9887,17873,0
0,0,38205,65099,29009,54022,47424,5957,0
0,0,57548,12840,15078,324,28367,0,0
0,0,32011,19338,63500,25786,46988,0,0
0,0,15007,36802,5542,50818,0,0,0
0,0,2258,23304,24334,56575,50159,0,0
0,0,34687,24323,52504,55973,0,0,0
0,0,63873,22202,1754,55649,0,0,0
0,10834,55496,18982,46043,300,37975,0,0
0,0,19448,27084,54185,20326,0,53620,0
0,0,37147,39235,19314,13740,37603,41705,0
0,0,47040,58162,34809,53725,0,29789,0
0,0,44188,9820,3722,64975,49411,17873,0
0,0,3944,4833,47247,54669,0,5957,0
0,0,54336,8049,58970,11227,41112,0,0
0,0,26408,20147,31942,13542,0,0,0
0,0,10059,61166,44598,59283,55485,0,0
0,13751,44377,22263,8369,18007,27374,0,0
0,16390,57100,12578,14999,64108,6789,0,0
0,57175,9717,49729,52453,2792,4985,0,0
0,919,39489,62616,16028,65452,61433,0,0
0,31239,62586,36447,29290,18597,7486,53620,0
0,39616,23407,39361,18451,5455,18288,41705,0
0,16049,23488,22114,10424,46702,0,29789,0
0,5526,10181,8019,33388,12647,23313,17873,0
0,0,36406,29961,49131,1988,0,5957,0
0,0,26774,36933,60260,55793,0,0,0
0,0,43555,33766,50545,5210,0,0,0
0,0,3349,3018,55584,7997,0,0,0
0,0,11321,27626,47412,33211,0,0,0
0,0,0,64235,50127,62318,65256,0,0
0,0,44737,64201,15153,48508,0,0,0
0,14148,21417,27031,13390,2005,35669,0,0
0,0,11522,32403,3778,14868,0,53620,0
0,0,0,31090,2137,37404,44200,29789,0
0,0,0,55833,33037,40170,28328,17873,0
0,0,0,30860,61833,43519,63467,5957,0
0,0,0,34464,42521,49552,32807,0,0
0,0,0,47083,46741,55269,0,0,0
0,0,0,5842,60063,25685,0,0,0
0,0,0,60580,29541,12085,0,0,0
0,0,0,61840,64564,63415,0,0,0
0,0,0,58607,20790,18831,14662,0,0
0,0,25464,20246,34670,42783,8652,0,0
0,29740,4537,13340,55808,56467,44691,53620,0
0,721,36404,5479,48047,32413,64412,41705,0
0,33703,64387,57276,23948,43903,0,29789,0
0,57608,42596,53035,20710,37413,0,17873,0
0,0,60659,37764,62635,58451,0,0,0
0,0,46441,31046,2575,14516,65460,0,0
0,25874,18121,26349,61237,18608,0,0,0
0,38441,53725,26642,56224,48688,64188,0,0
0,57683,40089,5040,11153,18050,23118,0,0
0,38067,26131,18175,42693,13392,10380,0,0
0,52817,31528,5991,40895,50908,28490,0,0
0,0,54557,17148,41076,11148,0,53620,0
0,0,6040,34307,13088,12715,63037,41705,0
0,0,44243,58376,49467,13130,0,29789,0
0,0,48287,39854,26783,19614,0,17873,0
0,0,32407,22738,26786,22154,0,5957,0
0,0,49817,35347,48705,40650,23638,0,0
0,13844,2770,21934,51619,6614,34178,0,0
0,45133,30173,34922,22158,7252,140,0,0
0,45850,1778,21988,29418,3596,57270,0,0
0,36927,2342,6971,49467,46867,15489,0,1
0,59656,57707,47693,22941,26330,2558,0,1
0,57605,51639,9237,14147,16020,0,0,0
0,0,0,16746,16547,34639,13341,53620,0
0,0,0,20954,31420,18055,0,41705,0
0,0,0,2156,45944,45622,0,29789,0
0,0,0,31154,57863,11643,0,17873,0
0,0,0,3722,51366,13935,0,5957,0
0,0,0,31218,34610,4539,10354,0,0
0,0,0,22536,63132,41100,8827,0,0
0,0,0,20062,15406,20827,0,0,0
0,0,0,47289,63114,46421,0,0,0
0,0,26325,3065,17119,9740,32124,0,0
0,25813,47951,28908,15961,3678,15813,0,0
0,4958,53495,42070,16804,38014,0,0,0
0,0,0,36328,62347,35252,32523,53620,0
0,55379,13973,19255,30339,33934,52001,41705,0
0,0,22359,16215,17724,30284,0,29789,0
0,0,0,21462,9678,52449,46537,17873,0
0,0,0,791,1791,30742,7514,5957,0
0,0,0,38400,64954,34272,0,0,0
0,0,0,36885,58007,13334,0,0,0
0,0,0,63253,35756,29479,34097,0,0
0,0,0,45022,54477,21854,54344,0,0
0,0,0,16328,32806,58372,1804,0,0
0,0,0,55304,58353,14859,20648,0,0
0,0,0,38953,11902,4326,19728,0,0
0,0,0,61288,37917,22328,0,53620,0
0,0,0,47124,1823,42599,20132,29789,0
0,0,0,39124,4586,62979,0,17873,0
0,0,0,27838,33845,26973,45980,5957,0
0,0,0,40880,35940,64721,0,0,0
0,0,0,52013,32586,41075,50096,0,0
0,25723,21144,63144,51752,57775,13704,0,0
0,48984,30787,3905,65132,28977,49572,0,0
0,329,39502,17679,64862,52372,0,0,0
0,50591,27477,5009,1308,39054,49539,0,0
0,0,34576,38130,25792,53642,25749,53620,0
0,0,0,31564,21065,15153,5477,41705,0
0,0,0,21091,43138,55947,0,29789,0
0,0,0,44053,2510,16304,0,17873,0
0,0,0,4676,47974,64970,40171,5957,0
0,0,0,14637,36750,21562,6922,0,0
0,0,0,21624,8493,52892,1552,0,0
0,0,0,25935,59452,18522,621,0,0
0,0,0,49220,46524,8529,0,0,0
0,0,0,16378,8256,10618,21021,0,0
0,0,0,19503,40721,58209,54745,0,0
0,0,0,37750,48629,11593,0,53620,0
0,0,0,28893,59058,55240,45270,41705,0
0,0,0,55885,20439,27543,26343,29789,0
0,0,0,46817,3417,63788,0,17873,0
0,0,0,27664,59493,45340,23057,5957,0
0,0,0,11469,46610,29566,51275,0,0
0,0,0,5543,11590,39996,44772,0,0
0,0,6521,3003,26056,59262,19706,0,0
0,27624,12985,40437,33668,59864,58044,0,0
0,4440,60624,17543,48358,63865,18755,0,0
0,2550,33173,7929,18312,49551,0,0,0
0,36525,22426,5118,43759,63898,15606,0,0
0,0,0,52859,3173,40695,61613,53620,0
0,0,0,26565,25792,60016,45775,41705,0
0,0,0,11655,20034,56728,37704,29789,0
0,0,0,53961,47462,32891,25968,17873,0
0,0,0,47229,52489,24965,56996,5957,0
0,0,0,49608,33475,55147,21113,0,0
0,0,0,26555,18375,24857,48586,0,0
0,0,0,54333,1810,35777,36716,0,0
0,0,0,58083,4248,52700,0,0,0
0,0,0,20772,40041,54717,0,0,0
0,0,0,51818,35910,17218,43630,0,0
0,0,0,28382,38826,53001,0,53620,0
0,0,0,5100,10333,44302,0,29789,0
0,0,0,55942,49159,22982,42707,17873,0
0,0,0,9776,53451,18249,0,5957,0
0,0,0,60437,64199,8478,0,0,0
0,0,0,12988,17571,45702,0,0,0
0,0,0,8912,40605,64727,0,0,0
0,0,0,5700,53809,4880,0,0,0
0,0,0,22123,8608,23699,35137,0,0
0,0,8170,26084,1,35049,0,0,0
0,0,0,44831,56863,17431,33258,0,0
0,0,0,14942,7988,2150,0,53620,0
0,0,0,38640,2436,11231,63281,41705,0
0,0,0,39090,32340,41640,16894,29789,0
0,0,0,17032,31516,12874,0,17873,0
0,0,0,48863,21775,42055,4951,5957,0
0,0,0,21247,34078,46174,0,0,0
0,0,0,14155,60021,29133,12397,0,0
0,0,0,14399,56567,60470,58280,0,0
0,58743,16693,52345,13699,31084,60125,0,0
0,0,0,7607,49984,60695,0,0,0
0,0,0,56469,4635,59499,39205,0,0
0,0,0,23670,36693,7371,36647,53620,0
0,0,0,34036,37075,62334,55672,41705,0
0,0,0,56078,15003,55370,15498,29789,0
0,0,0,50371,31637,39988,0,17873,0
0,0,0,17209,45888,5453,0,5957,0
0,0,0,23092,2034,62122,0,0,0
0,0,0,46720,56894,28363,0,0,0
0,0,29944,1954,60824,7177,32462,0,0
0,52984,18438,26037,23918,10358,65123,0,0
0,59292,5696,11461,32083,10838,29667,0,0
0,38609,36285,21370,8075,45874,664,0,0
0,0,24980,41769,37483,53594,33534,0,0
0,0,20008,17417,51237,45031,24005,53620,0
0,0,9823,40177,18363,47232,29397,41705,0
0,0,0,43819,30240,24477,27255,29789,0
0,0,0,64307,41764,10617,14571,17873,0
0,0,0,26105,58998,16236,23126,5957,0
0,0,0,504,54675,18887,0,0,0
0,0,0,59415,17468,27814,0,0,0
0,0,0,44881,16562,31310,0,0,0
0,0,0,10369,7067,31226,0,0,0
0,0,0,10432,47834,35800,27792,0,0
0,0,0,64686,63187,17123,0,0,0
0,0,0,45240,64506,60040,34753,0,0
0,0,0,19242,36192,54900,57904,53620,0
0,0,0,22093,32751,46017,0,41705,0
0,0,0,59382,22977,35291,19270,29789,0
0,0,0,53206,60368,17432,39627,17873,0
0,0,0,29381,20057,56050,39946,5957,0
0,0,5099,20266,21433,56997,1389,0,0
0,0,46553,22225,27904,13120,0,0,0
0,0,50750,1434,60369,31597,0,0,0
0,55953,30799,28,18104,64105,28024,0,0
0,0,0,27293,43293,21322,0,0,0
0,0,0,48448,7837,9719,10695,0,0
0,0,55011,26147,35246,29019,11035,0,0
0,0,0,51618,6297,57887,29954,41705,0
0,0,0,7535,65179,21925,53738,29789,0
0,0,0,21532,46437,42708,2472,17873,0
0,0,0,23462,9096,27142,37687,0,0
0,0,0,5663,52839,27076,0,0,0
0,0,0,63842,22664,5312,6420,0,0
0,62777,42826,56302,22077,14186,31039,0,0
0,21224,4724,0,49409,15775,51823,0,0
0,35053,3459,0,11351,18908,0,0,0
0,49272,4575,51270,22414,45927,26236,0,0
0,63438,20775,30648,61059,9464,0,53620,0
0,0,1057,59911,49330,33396,14182,41705,0
0,0,4112,51187,3649,10380,50169,29789,0
0,0,8632,28642,20563,1449,55693,17873,0
0,0,26547,54281,7996,45575,17906,5957,0
0,0,14189,12014,975,19212,14262,0,0
0,0,4537,22976,27802,49790,0,0,0
0,0,50567,34157,27974,38998,0,0,0
0,0,809,34431,4532,50093,51483,0,0
0,0,24177,40110,22848,47274,22504,0,0
0,0,0,29159,61029,23739,47532,0,0
0,58434,889,55860,31703,24692,63000,0,0
0,8313,23262,488,12316,53730,46069,53620,0
0,17907,43051,56712,18315,39029,33741,41705,0
0,35777,50233,54830,24522,52295,0,29789,0
0,0,12693,44440,37897,19041,2024,17873,0
0,56419,58566,30728,47266,55846,0,5957,0
0,59157,30443,22896,36087,26037,61740,0,0
0,22540,55166,59007,11570,1695,0,0,0
0,23053,48590,57259,20399,60445,63736,0,0
0,49807,19308,33630,8672,32578,0,0,0
0,44019,8536,13224,65159,48468,23711,0,0
0,55466,292,42893,2761,26158,14178,0,0
0,0,0,18746,1694,41401,0,0,0
0,0,60025,34046,46218,13101,20118,53620,0
0,0,0,6587,60081,57274,0,41705,0
0,0,0,46699,15925,5091,0,29789,0
0,0,0,27447,32795,50629,51735,17873,0
0,0,0,53469,9653,46469,19930,5957,0
0,0,0,30610,42919,17259,38116,0,0
0,0,0,21672,4061,8877,37336,0,0
0,0,0,18453,61893,28880,20831,0,0
0,0,0,57091,23576,55881,3063,0,0
0,20901,9272,34408,5333,27527,15006,0,0
0,54857,2810,10480,36026,57639,43533,0,0
0,0,18093,52282,23481,42691,48584,0,0
0,0,54243,6907,56140,20882,29848,41705,0
0,0,0,20175,19083,11410,40644,29789,0
0,0,0,52719,27965,35,0,17873,0
0,0,0,20606,63778,39560,17098,5957,0
0,0,0,45911,47917,34063,17418,0,0
0,0,0,60198,5060,9530,35628,0,0
0,0,0,48417,6877,45870,42591,0,0
0,0,0,47220,40675,46429,37890,0,0
0,0,16080,61457,51594,52465,35289,0,0
0,31970,48338,26324,62383,50794,49908,0,0
0,0,24069,45963,13635,49247,0,0,0
0,0,45286,41382,16259,9220,23445,53620,0
0,0,38993,54186,47351,28148,42467,41705,0
0,0,50097,1522,33395,34447,0,29789,0
0,0,56093,60478,25898,2321,0,17873,0
0,0,4092,1909,32856,54697,16526,5957,0
0,0,58603,22199,64632,30690,0,0,0
0,0,896,11885,51633,4214,43066,0,0
0,134,62159,19790,25735,30973,14347,0,0
0,24784,29699,29079,25515,36084,37776,0,0
0,36691,62207,0,3531,25208,64751,0,0
0,15930,2432,0,60901,45194,21525,0,1
0,54713,52779,0,6311,19933,4133,0,1
0,52553,23287,57438,40729,16504,0,53620,0
0,25968,42220,30217,60304,49891,64273,29789,0
0,0,55471,61950,41155,5630,10458,17873,0
0,0,24688,16448,22591,65301,12066,5957,0
0,0,33903,63634,36849,22702,27208,0,0
0,0,65499,46691,13942,64912,0,0,0
0,3820,56980,55986,64411,29368,0,0,0
0,3226,51713,19210,20117,41552,26264,0,0
0,49442,5100,50623,50276,49850,0,53620,0
0,55994,14197,44212,4692,37754,0,41705,0
0,65130,21894,7789,12042,61473,0,29789,0
0,0,6797,25814,47478,4080,48925,17873,0
0,0,59188,64118,45786,40744,11988,5957,0
0,0,31714,11362,13044,12179,57392,0,0
0,0,20835,53157,13223,6978,55937,0,0
0,0,52087,7045,29426,4497,258,0,0
0,24172,59571,30917,52011,37770,54609,0,0
0,0,65379,50908,51130,51124,0,0,0
0,16531,21034,40574,55376,55739,0,0,0
0,52044,38667,57562,4923,8261,27134,0,0
0,11580,15885,46693,47168,8682,0,53620,0
0,53079,10126,3585,39658,58870,0,41705,0
0,2155,13424,26943,22012,53385,0,29789,0
0,0,56928,39449,30958,33317,37506,17873,0
0,0,21128,4216,12575,34962,2003,5957,0
0,0,36752,365,54688,64313,0,0,0
0,0,6263,5320,26698,27586,21323,0,0
0,0,20262,27510,25131,38349,0,0,0
0,34770,15424,45837,2409,10675,22037,0,0
0,65300,49183,0,39749,52888,15870,0,0
0,46252,2991,0,62591,33796,34739,0,1
0,31205,37952,0,3777,37888,34134,53620,0
0,10292,30511,19398,24544,34494,62564,29789,0
0,0,45345,52738,40766,34177,24963,17873,0
0,0,56907,15018,6926,9002,32433,5957,0
0,0,34900,39780,6455,26911,0,0,0
0,0,61723,13800,29648,27134,0,0,0
0,30885,37990,40047,3762,47086,28820,0,0
0,0,26497,40047,51166,21899,37981,0,0
0,0,49770,4240,64603,37541,0,0,0
0,0,19005,64573,27244,23890,0,41705,0
0,0,18387,2445,64670,36601,13174,29789,0
0,0,26039,19537,16107,26068,0,17873,0
0,0,42533,46217,45263,62626,0,5957,0
0,0,61504,56673,12173,51670,3590,0,0
0,0,59058,22489,7896,58362,0,0,0
0,16129,9637,20608,41317,33877,2322,0,0
0,6163,37416,56522,46596,41511,39719,0,0
0,34679,11415,17627,26106,31148,26708,0,0
0,58475,55676,0,42450,55429,46467,0,0
0,54399,22973,65249,44638,22283,0,0,0
0,0,56937,16628,32187,43436,57073,53620,0
0,0,15445,30039,11170,64526,46319,41705,0
0,0,58325,11650,31960,62478,45462,29789,0
0,0,60318,20548,36798,51474,6067,17873,0
0,0,9337,29150,58241,60763,19891,5957,0
0,0,17374,27185,36602,10239,33054,0,0
0,0,51250,53295,3962,7380,0,0,0
0,37563,3223,64616,2169,8789,19524,0,0
0,49407,36273,8964,50313,61402,28190,0,0
0,35894,38353,43273,15399,47760,29763,0,0
0,14177,15924,6966,63061,9217,33356,0,0
0,18839,20046,59619,45851,59907,17096,0,0
0,32040,25848,4499,34751,53934,0,53620,0
0,11137,53349,65405,57303,21381,60350,41705,0
0,0,65239,1769,7232,53334,6209,29789,0
0,0,38268,15950,46339,11386,0,17873,0
0,0,54647,59015,16625,48526,47879,5957,0
0,0,50728,27558,54959,5278,22742,0,0
0,0,2413,46559,53817,49082,0,0,0
0,0,23708,21878,59426,5141,0,0,0
0,31526,14365,45071,2865,20582,0,0,0
0,0,9516,55449,4405,31768,0,0,0
0,0,61375,52264,35006,39708,8764,0,0
0,0,0,12791,21508,2929,37928,0,0
0,0,0,28676,64497,48005,0,53620,0
0,0,0,28741,23917,23603,55656,41705,0
0,0,0,39218,38619,19035,5934,29789,0
0,0,58214,37160,52034,35144,51829,17873,0
0,0,1810,30392,19653,20986,57336,5957,0
0,0,55626,26166,48798,53294,53092,0,0
0,0,52379,26730,33185,36271,20033,0,0
0,0,56370,27059,55531,250,0,0,0
0,0,20755,7155,20939,54849,0,0,0
0,0,63798,59441,65031,26681,0,0,0
0,0,33756,37011,61164,40744,63791,0,0
0,0,48458,51344,40608,25374,0,0,0
0,18781,36949,35791,56936,33805,63714,53620,0
0,52458,40961,44082,13965,62686,51451,41705,0
0,0,2728,62316,56394,62996,4298,29789,0
0,0,33746,20395,8043,53452,54598,17873,0
0,0,16106,23401,56664,4080,40304,5957,0
0,0,53975,45730,27516,9024,60857,0,0
0,0,46139,14084,63375,7397,0,0,0
0,8551,59979,50840,60490,63469,51555,0,0
0,61353,32128,33793,29977,57410,34415,0,0
0,490,60135,0,45262,34614,0,0,0
0,18694,21359,0,16785,40859,0,0,0
0,32742,11678,0,54774,35561,17532,0,1
0,25046,48601,0,26486,23436,0,53620,0
0,8364,52076,0,2656,23203,42432,41705,0
0,27042,40954,16113,56222,50766,53802,29789,0
0,0,16078,27294,9584,17470,4939,17873,0
0,0,14352,41801,47523,62662,0,5957,0
0,0,11617,58699,8412,43739,59305,0,0
0,0,21221,19799,12860,45413,0,0,0
0,24114,58620,50721,60973,51065,42943,0,0
0,13128,37278,48591,14337,55657,28481,0,0
0,46987,27566,828,61998,51607,0,0,0
0,0,0,63394,37339,19468,27965,53620,0
0,0,35010,39437,41822,20299,5902,41705,0
0,0,0,3405,60856,35151,0,29789,0
0,0,0,48306,51302,55694,7513,17873,0
0,0,0,52751,24021,48633,4730,5957,0
0,0,0,53843,20839,59129,22961,0,0
0,0,0,40647,16690,47688,19487,0,0
0,0,0,27171,5355,55296,0,0,0
0,0,0,23003,27400,50058,11693,0,0
0,0,30847,11910,53698,31067,31569,0,0
0,0,54187,23733,4685,42247,42008,0,0
0,62285,12596,47882,29495,12629,3599,0,0
0,0,40462,38963,19446,18326,0,53620,0
0,0,0,11667,43026,58971,16778,41705,0
0,0,0,44885,35574,9793,0,29789,0
0,0,0,58318,13563,64346,0,17873,0
0,0,0,57826,59495,22529,0,5957,0
0,0,0,36703,26653,24751,36179,0,0
0,0,0,46117,40108,16698,59093,0,0
0,0,0,37234,51106,1750,0,0,0
0,0,56532,18775,14130,60230,0,0,0
0,24433,50055,35493,49732,39885,38135,0,0
0,58799,24577,6779,47576,59547,0,53620,0
0,0,33004,31275,5604,38508,29723,41705,0
0,0,19164,32778,12060,37503,0,29789,0
0,0,0,58443,62068,53533,19715,17873,0
0,0,0,38769,41042,28646,53936,5957,0
0,0,0,11299,11286,24481,56432,0,0
0,0,0,17936,17299,13127,12302,0,0
0,0,0,34001,37797,15047,0,0,0
0,0,0,44550,58155,38420,63828,0,0
0,61927,58060,14494,55270,44301,31234,0,0
0,21377,30871,19117,58920,8381,19166,0,0
0,30843,27194,19335,10198,26962,0,53620,0
0,8318,14232,61628,32078,19323,6258,41705,0
0,0,25710,62857,3868,50596,64187,29789,0
0,0,1418,26224,5176,50739,44791,17873,0
0,0,28607,35803,5721,49146,62073,5957,0
0,0,24933,49661,59818,15351,15942,0,0
0,0,39457,57750,35160,21287,0,0,0
0,0,32171,19487,35614,7684,62639,0,0
0,57734,28102,23991,24028,11323,21484,0,0
0,12127,14887,0,36876,38271,25160,0,1
0,19685,55938,0,8800,62263,0,0,1
0,39019,10273,0,27149,23716,35277,0,0
0,7703,37504,14319,7327,62352,48280,53620,0
0,25692,24936,28236,11477,32879,46193,41705,0
0,22571,34858,64707,43241,34818,0,29789,0
0,0,2155,47092,28369,18740,37714,17873,0
0,0,48173,50382,20607,8679,45248,5957,0
0,0,63741,32653,31324,51622,0,0,0
0,0,27543,51593,30305,61828,1361,0,0
0,0,54881,33928,2283,51682,0,0,0
0,0,0,2190,12704,26567,7652,0,0
0,0,0,23410,56653,4818,63390,0,0
0,48703,3754,14258,49492,56912,0,0,0
0,36364,44726,31724,31614,55339,23752,0,0
0,59371,10540,12948,600,43683,0,53620,0
0,6019,52819,27534,10717,31439,57015,41705,0
0,25640,46100,39880,58973,58374,53959,29789,0
0,0,53965,12511,21510,55432,21161,17873,0
0,0,51874,41502,8212,3686,0,5957,0
0,0,53611,10426,52839,41538,0,0,0
0,0,35112,31035,9013,43973,26664,0,0
0,51110,53197,14496,51065,7519,3495,0,0
0,34895,49199,0,43223,35797,10387,0,0
0,7817,22258,9267,13434,34893,29804,0,0
0,22586,41719,31250,50542,12629,11919,0,0
0,39197,35224,59332,63856,45511,28803,53620,0
0,50008,60630,8662,49920,42379,20273,41705,0
0,51237,32367,12055,64770,38968,54235,29789,0
0,46592,61916,9045,28051,63041,23696,17873,0
0,0,19362,8688,49398,18452,45342,5957,0
0,0,31192,43606,42578,32249,16358,0,0
0,0,43988,16937,52277,14204,5800,0,0
0,0,41694,11424,22410,27549,35834,0,0
0,0,0,15338,55884,37988,58170,0,0
0,0,5230,44696,3142,54562,25889,0,0
0,0,0,58955,52568,25208,0,0,0
0,0,0,52923,45761,44558,59199,53620,0
0,0,0,50103,54162,54153,40173,41705,0
0,0,0,25486,14314,12274,4032,29789,0
0,0,46602,2644,9010,11155,26454,17873,0
0,0,21028,43025,59080,24806,55465,5957,0
0,0,29449,5409,11112,5130,20330,0,0
0,0,14976,36511,59168,26724,0,0,0
0,0,14110,58450,19913,41329,11525,0,0
0,0,37713,24090,5780,33226,0,0,0
0,62576,27929,56352,37243,24903,0,0,0
0,54299,61187,123,64292,5576,0,0,0
0,59387,55766,63241,20385,43250,35403,53620,0
0,56367,17352,15831,44541,39532,0,41705,0
0,62074,22003,51724,3668,20378,0,29789,0
0,0,16970,61289,10775,28681,32946,17873,0
0,0,11210,19796,23744,16811,0,5957,0
0,0,48177,8052,55800,22455,63356,0,0
0,0,61881,26930,48202,2760,31406,0,0
0,0,5636,43134,63168,35585,0,0,0
0,0,43092,25858,27495,10718,19914,0,0
0,0,18797,24946,40947,5918,0,0,0
0,14567,39941,62412,9880,8044,38008,0,0
0,24157,48895,48035,49114,53222,0,53620,0
0,42142,6450,63601,47847,24718,0,41705,0
0,3240,34124,61499,16520,6370,0,29789,0
0,0,46225,7741,41120,51621,43667,17873,0
0,0,54450,55682,5079,58594,52129,5957,0
0,0,42939,36992,28127,27280,52312,0,0
0,0,11364,9712,53271,45999,0,0,0
0,0,31515,29498,47004,21802,37526,0,0
0,20807,39467,5580,24680,19491,564,0,0
0,50100,47954,29750,58512,55413,56417,0,0
0,46561,4429,0,24049,24866,46653,0,0
0,63299,14318,44286,22613,54278,0,0,0
0,30676,49195,22791,49499,52557,0,53620,0
0,30052,12167,3560,44518,55323,36702,41705,0
0,0,45706,25714,57399,14231,0,29789,0
0,0,18413,39878,12980,64574,17515,17873,0
0,0,3188,11126,21687,36004,59186,5957,0
0,0,19105,63883,4893,2356,44872,0,0
0,0,56914,60565,7066,6622,0,0,0
0,0,63692,32788,22154,19855,7720,0,0
0,0,61301,15886,6919,52664,39862,0,0
0,0,0,4381,43458,571,0,0,0
0,0,0,32294,27505,46511,28815,0,0
0,0,0,64185,15774,22076,9842,0,0
0,0,0,10027,15588,18523,2782,53620,0
0,0,0,52157,51666,19039,41955,29789,0
0,0,0,56273,41782,65103,0,17873,0
0,0,0,49349,35130,14821,0,5957,0
0,0,0,33986,28400,43675,22798,0,0
0,0,0,51613,34018,11455,10104,0,0
0,0,0,52327,7834,46654,0,0,0
0,0,36249,27071,11358,9463,52969,0,0
0,15326,26076,31359,57988,25339,22400,0,0
0,21370,55206,47646,54845,58503,29007,0,0
0,37921,2688,53051,54056,14045,0,53620,0
0,44944,55426,32179,50616,16409,0,41705,0
0,0,21571,64828,29250,55696,19956,29789,0
0,0,0,56448,51780,10157,30847,17873,0
0,0,0,17886,22723,60012,26156,5957,0
0,0,0,44343,49175,27778,0,0,0
0,0,0,17062,16685,46387,39455,0,0
0,0,0,43042,48788,39580,36387,0,0
0,0,0,51323,29326,22512,13545,0,0
0,9798,21335,36753,30915,21466,64833,0,0
0,51029,8513,2659,38685,43251,0,0,0
0,0,0,35290,17092,29002,49085,0,0
0,0,0,19089,50960,35776,20809,53620,0
0,0,0,34535,61536,36550,0,41705,0
0,0,0,38887,31028,4635,49638,29789,0
0,0,0,29652,9734,44815,32455,17873,0
0,0,0,55215,56412,22513,0,5957,0
0,0,0,1505,2388,32968,15242,0,0
0,0,0,13949,55401,6202,0,0,0
0,30224,51074,26167,45148,28023,12274,0,0
0,62695,16845,58657,19868,35281,21445,0,0
0,38175,13454,50677,64799,62799,0,0,0
0,15811,47743,14418,20651,22278,47487,53620,0
0,49088,28450,4221,7870,12643,0,41705,0
0,40917,24688,15713,54144,15320,34909,29789,0
0,46707,25804,31644,18540,50142,57617,17873,0
0,24328,53864,59351,44833,52711,42114,5957,0
0,65312,52214,44307,29666,23725,10141,0,0
0,44166,47489,43624,33696,52380,61806,0,0
0,10444,13910,43601,29091,31396,22565,0,0
0,2420,63144,876,63532,21805,0,0,0
0,16010,52430,27411,36560,40435,53376,0,0
0,51186,53790,62007,46288,1680,2367,0,0
0,0,15919,53951,22972,19303,6566,0,0
0,0,41743,63757,24463,29487,59673,53620,0
0,0,0,5144,26055,32667,0,41705,0
0,0,15194,9601,9316,16664,0,29789,0
0,0,64579,18117,40766,30543,59558,17873,0
0,9718,19042,11385,25848,61306,38142,5957,0
0,54393,20656,50049,19587,64156,5393,0,0
0,0,16193,40934,8119,58132,0,0,0
0,0,0,23471,22588,25989,64531,0,0
0,42642,33211,13245,38344,55420,49369,0,0
0,22323,7378,39001,7331,64617,14938,0,0
0,61257,56232,41728,51043,28682,0,53620,0
0,497,12207,6870,35668,6980,33998,41705,0
0,64109,47698,6202,58459,40540,0,29789,0
0,0,0,58290,22376,65329,30688,17873,0
0,0,0,55042,18168,35058,30350,5957,0
0,0,0,32778,10902,57057,43110,0,0
0,0,0,123,53052,50960,29243,0,0
0,64430,34322,6879,45022,31832,0,0,0
0,34674,28803,55833,1700,53908,0,0,0
0,4550,7397,21852,47101,35229,18665,0,1
0,57010,35284,14961,27000,61927,0,0,0
0,62578,30223,18199,57583,1506,6129,0,0
0,47840,64563,9101,2928,35507,23810,53620,0
0,39181,31277,35790,3077,1045,0,41705,0
0,0,46411,26729,24555,11399,14105,29789,0
0,0,0,61418,20429,39563,40693,17873,0
0,0,0,50539,60547,52309,19379,5957,0
0,0,0,33723,35402,20364,0,0,0
0,0,0,23471,20577,64606,0,0,0
0,0,0,25708,8047,3822,52656,0,0
0,0,26897,41224,13601,17017,0,0,0
0,4052,15202,44859,48011,7315,20291,0,0
0,39599,21907,43175,65122,37265,1968,0,0
0,107,778,36124,39699,21025,0,0,0
0,0,54164,51120,37456,63640,41216,53620,0
0,0,1996,7497,57814,1382,35953,41705,0
0,0,0,57671,1408,40561,47290,29789,0
0,0,0,9240,6984,8197,9579,17873,0
0,0,0,17915,1559,36485,19094,5957,0
0,0,0,43853,34200,54714,50201,0,0
0,0,0,45119,10758,42196,36372,0,0
0,0,57360,32430,20623,50361,9801,0,0
0,55778,33981,9248,25126,15957,22053,0,0
0,51786,49475,44091,35181,43201,7145,0,0
0,8713,26890,57163,39513,2403,24566,0,1
0,40498,4653,61921,17517,3692,11934,0,0
0,19015,9465,18766,63774,48089,14384,53620,0
0,48824,44725,12168,62767,54196,0,41705,0
0,4203,60105,12491,49356,29065,0,29789,0
0,0,27831,33142,6219,1283,9983,17873,0
0,0,6167,59393,65488,13115,0,5957,0
0,0,39550,40060,15220,42639,29912,0,0
0,27124,11539,31202,19734,63595,25765,0,0
0,27434,2017,36340,63650,41381,32708,0,1
0,30294,61550,29606,53747,20072,39295,0,1
0,45058,62157,15804,40461,13427,3235,0,1
0,17556,56619,12392,7239,5630,19814,53620,1
0,37758,22748,25103,363,413,53521,41705,1
0,65435,8402,15539,20273,58905,43568,29789,0
0,21451,5601,21221,32843,26290,0,17873,0
0,62449,27998,2227,45487,20078,7010,5957,1
0,18687,34655,51072,54367,15173,0,0,0
0,49223,24007,9079,49168,22687,6599,0,0
0,34514,37229,17311,25732,22242,60778,0,0
0,0,41674,55182,61161,41263,45264,0,0
0,0,0,29863,64581,18197,53695,0,0
0,0,14421,56643,5280,40439,0,53620,0
0,0,29635,37626,20792,62505,15867,41705,0
0,0,59037,14024,47279,62959,50544,29789,0
0,0,53439,25709,947,63169,65131,17873,0
0,0,38608,51664,62613,62571,752,5957,0
0,0,14163,36352,43804,17056,1555,0,0
0,0,37120,36428,6270,32028,31908,0,0
0,0,58232,14140,17096,46513,9707,0,0
0,0,59377,22470,36824,60436,0,0,0
0,0,0,35934,15600,30559,50512,0,0
0,0,0,21879,31577,29009,20061,0,0
0,0,0,14933,5451,18015,27382,0,0
0,0,0,56191,14186,26503,0,53620,0
0,0,0,23747,15621,16393,0,41705,0
0,0,0,47775,29428,58362,0,29789,0
0,0,0,64186,11784,11732,38273,17873,0
0,0,0,1340,48247,51379,18865,5957,0
0,0,0,5409,11835,52924,29713,0,0
0,0,0,50629,54589,19678,32742,0,0
0,0,0,53873,36939,24052,8082,0,0
0,0,49078,44628,48982,41961,50612,0,0
0,849,27115,9397,51166,27432,0,0,0
0,21620,38226,64900,20980,64246,18364,0,0
0,20176,65461,48994,35764,9947,63662,0,0
0,62470,7628,38536,1002,985,31145,53620,0
0,22620,54969,27279,51226,56455,36949,41705,0
0,0,29334,58877,56544,54345,40129,29789,0
0,0,0,41178,3169,58342,34434,17873,0
0,0,0,37816,3696,55520,0,5957,0
0,0,0,50179,22716,41141,0,0,0
0,0,0,14177,57279,58956,13185,0,0
0,61526,46480,12357,44620,62992,56976,0,0
0,12004,3498,30987,7722,43167,62673,0,1
0,31536,17298,52735,45556,58761,8149,0,1
0,2035,11438,46868,4572,843,0,0,0
0,8920,2182,13085,58885,38206,0,0,0
0,29138,37206,20867,659,46007,51401,53620,0
0,2130,22604,10817,52658,18419,0,41705,0
0,2626,51373,43447,60578,57391,52323,29789,0
0,6169,42367,33971,39250,59532,26914,17873,0
0,2448,33153,44119,11586,43943,0,5957,0
0,33155,3494,61445,44749,56959,0,0,0
0,52160,62836,24364,13683,40185,57734,0,0
0,29295,50991,15863,38358,11251,62271,0,0
0,64708,29334,57204,1018,52898,12104,0,0
0,23802,63650,36709,44519,28659,35784,0,0
0,48866,17740,36351,24578,3587,19897,0,0
0,5134,29940,54532,58190,57125,17792,0,0
0,60433,59619,36602,25313,62084,23274,53620,0
0,11148,56636,49835,15550,40660,14577,41705,0
0,53856,38036,61015,41582,989,0,29789,0
0,0,17864,55674,12546,19934,5310,17873,0
0,0,55968,63248,8008,20094,59278,5957,0
0,0,51221,41481,51976,23313,56950,0,0
0,0,0,12266,7803,47155,0,0,0
0,0,0,56690,54476,15018,15248,0,0
0,0,8557,45282,56887,65052,22794,0,0
0,1926,46521,8974,56811,38925,61214,0,0
0,0,24140,48209,25028,23889,0,0,0
0,0,20447,26865,27797,34717,27294,53620,0
0,0,25618,18946,23860,16224,38619,41705,0
0,0,34314,50348,17560,2187,8876,29789,0
0,31062,15907,29246,49616,43835,63044,17873,0
0,2795,15434,25670,41958,50787,18140,5957,0
0,45093,52149,23055,33643,8030,0,0,0
0,26119,54051,38507,25981,58688,0,0,0
0,20396,64443,36025,35571,40221,6965,0,0
0,13241,10954,0,10830,44465,3846,0,0
0,64294,33846,0,19004,48802,52422,0,1
0,25306,58811,0,2022,55263,0,0,0
0,58628,53377,31801,60501,14006,54520,0,0
0,52222,20845,61198,21437,4637,42366,53620,0
0,9112,38318,7684,24158,5183,32052,41705,0
0,15796,26756,841,48066,48670,40472,29789,0
0,18197,6310,21838,10236,37378,57614,17873,0
0,43903,19742,33828,42319,30161,41068,5957,0
0,64277,29999,52419,7616,52650,18775,0,0
0,60555,17804,28500,9405,12425,13925,0,0
0,22907,43225,0,22007,26659,22420,0,0
0,49831,36470,0,32100,910,63780,0,1
0,43974,9364,0,43736,20124,18748,0,1
0,12386,48306,0,24802,43138,0,0,1
0,50264,47582,0,1719,23144,35240,53620,1
0,22502,32941,36027,58113,58794,10127,41705,0
0,38070,19269,20374,58072,62256,0,29789,0
0,13879,11816,3644,57471,48752,0,17873,0
0,12724,43137,44810,14884,13031,27599,5957,0
0,34125,16761,54793,1136,25281,43880,0,0
0,19856,21532,43147,2210,8973,38260,0,0
0,45290,27001,45282,17547,43277,0,0,0
0,28797,55146,65056,60366,23892,34594,0,0
0,0,16207,47079,63379,61680,5446,0,0
0,0,37694,33759,9883,8677,43625,0,0
0,3618,34742,63641,60915,0,37612,0,0
0,41893,9445,29849,13942,13503,12170,53620,0
0,0,30678,29437,4043,29298,41864,5957,0
0,0,13264,42099,1817,13190,0,0,0
0,46213,26945,62170,25752,24937,33097,0,0
0,0,1510,25853,28121,41401,0,0,0
0,0,0,65421,32658,22540,50970,0,0
0,0,0,19379,3738,54668,58364,0,0
0,0,0,14865,19351,43080,0,0,0
0,0,0,6994,59728,47629,0,53620,0
0,0,0,17239,14137,38957,14351,41705,0
0,0,0,4974,64235,1439,0,29789,0
0,0,0,4910,41997,47228,30600,17873,0
0,0,0,28335,33918,49035,36436,5957,0
0,0,0,45689,22810,37441,61,0,0
0,0,0,45739,21085,21138,0,0,0
0,19272,17608,45917,41878,20686,33956,0,0
0,38497,48580,26186,43600,939,3113,0,0
0,0,39468,62284,25695,3946,42505,0,0
0,0,57287,7187,47638,21517,64897,0,0
0,7361,34901,13732,48535,45930,62586,0,0
0,0,0,30239,43724,3481,0,53620,0
0,0,45025,25853,31734,54287,11983,41705,0
0,0,0,40395,54081,40796,0,29789,0
0,0,0,24205,58343,19317,43290,17873,0
0,0,0,33263,43698,2072,18930,5957,0
0,0,0,12238,63762,64166,30374,0,0
0,0,0,20692,56219,59971,3081,0,0
0,0,9422,17137,31239,38603,63479,0,0
0,50506,20980,61890,26936,42115,26069,0,0
0,0,56754,6509,45797,59386,856,0,0
0,0,0,5240,2733,37929,26609,53620,0
0,0,0,36167,19213,27877,46342,41705,0
0,0,0,12270,62909,11725,0,29789,0
0,0,0,18349,40671,30598,64710,17873,0
0,0,0,4591,6928,39442,41793,5957,0
0,0,0,49478,14519,52840,0,0,0
0,0,0,22279,15575,56093,50488,0,0
0,0,27776,48587,11430,62855,414,0,0
0,3418,46401,63205,65369,23914,30043,0,0
0,36233,45532,41200,15285,16290,57414,0,0
0,39002,3517,13321,45104,52383,2443,0,0
0,62428,10386,34284,7271,40824,0,0,0
0,0,8995,42684,24535,45654,41602,53620,0
0,0,0,34292,16679,39880,58513,41705,0
0,0,0,6860,8768,7539,49736,29789,0
0,0,0,30846,43337,46387,10215,17873,0
0,0,0,55000,54676,2929,0,5957,0
0,0,0,53227,3834,53493,0,0,0
0,0,0,23011,4324,31581,0,0,0
0,57395,46543,37396,38928,55565,21783,0,1
0,58570,35199,44238,58946,23819,51272,0,0
0,39033,20419,48457,28026,42839,29748,0,0
0,42643,22124,43802,37040,12729,34879,0,0
0,1426,14855,48502,40041,14323,16583,53620,0
0,31459,41459,36336,52868,18923,111,41705,0
0,49162,46420,54165,38531,9583,1828,29789,0
0,20021,20942,7419,28925,23622,3733,17873,0
0,9310,44195,50610,48950,4177,60696,5957,1
0,63562,21465,63301,8811,16044,0,0,1
0,1774,36725,0,31315,12674,43669,0,1
0,48115,43317,0,14865,45302,64360,0,1
0,49088,58584,0,28640,1771,0,0,1
0,9890,50935,0,59565,40079,58219,0,1
0,62888,2144,0,8136,22675,37600,0,1
0,62284,9614,0,33730,42643,0,0,1
0,33839,8779,18767,59886,12864,4404,53620,1
0,52633,48509,43993,46017,44231,56652,41705,1
0,12942,56372,41457,32826,5929,0,29789,1
0,52104,18228,14460,21188,33989,62939,17873,0
0,6877,32027,56176,12889,26698,41874,5957,1
0,58895,45094,14603,10444,19370,7615,0,1
0,23423,25172,10220,30292,2088,34856,0,1
0,58742,57469,53108,23120,14145,0,0,0
0,53921,22537,28698,29440,27550,35353,0,0
0,26063,4789,32059,54752,49193,21730,0,0
0,0,45035,24059,13212,26293,56086,0,0
0,0,1156,11847,58350,10834,44159,0,0
0,0,54202,44666,13175,9592,0,53620,0
0,0,40574,16426,44843,7553,0,41705,0
0,0,0,26253,53684,64356,24393,29789,0
0,0,0,27281,40900,23366,3371,17873,0
0,0,0,33540,23747,40572,0,5957,0
0,0,0,28269,65266,42966,0,0,0
0,0,0,17943,25905,20623,0,0,0
0,0,13393,57716,27221,9501,0,0,0
0,21722,18989,1586,14432,42652,34930,0,0
0,7961,9199,23831,26279,1212,3366,0,0
0,53417,32989,21797,58811,52359,24220,0,0
0,32890,38346,40984,25027,28675,55054,0,0
0,25750,30750,7735,21281,58911,0,53620,0
0,0,0,45654,20682,24070,60553,29789,0
0,0,0,3087,50049,56402,40636,17873,0
0,0,0,16444,41732,13992,26751,5957,0
0,0,0,29367,16267,42326,9819,0,0
0,0,0,31651,20671,7490,51436,0,0
0,0,0,48909,24122,13734,57325,0,0
0,46607,62554,9377,20559,56593,0,0,0
0,36548,31492,25795,25615,20877,33782,0,1
0,0,0,52932,58475,27424,0,53620,0
0,0,0,64190,39716,30999,16975,41705,0
0,0,0,51514,56132,59020,46865,29789,0
0,0,0,54879,9485,64812,61289,17873,0
0,0,0,29246,65429,57422,51442,5957,0
0,0,0,3195,36234,23253,49325,0,0
0,0,0,18716,54226,17343,48381,0,0
0,0,0,62053,47680,50868,21451,0,0
0,0,0,26215,38756,27032,0,0,0
0,4215,64542,32050,32492,20117,52983,0,0
0,24508,10389,26644,46423,14953,38643,0,1
0,45232,62957,32793,32927,55501,0,53620,0
0,0,7168,46358,40513,55931,20131,41705,0
0,0,41792,17925,50184,58654,0,29789,0
0,0,34803,738,32594,12795,0,17873,0
0,0,54140,60007,11972,51212,0,5957,0
0,0,16227,6736,44757,7860,39419,0,0
0,0,35296,5040,1250,59650,21676,0,0
0,0,12785,1357,31876,39868,47851,0,0
0,0,11527,54438,65016,4153,0,0,0
0,0,23249,12073,39339,17131,0,0,0
0,0,62554,6045,51608,52000,39091,0,0
0,0,0,60241,33410,45186,19818,0,0
0,0,0,29896,62437,37028,58658,53620,0
0,0,0,31311,61267,42841,24603,41705,0
0,0,0,49741,54135,43071,0,29789,0
0,0,0,24027,40097,14434,20523,17873,0
0,0,0,53112,40838,30159,0,5957,0
0,0,0,47551,60348,22284,59155,0,0
0,0,0,54730,17125,43240,21188,0,0
0,0,0,61198,52686,63768,57453,0,0
0,0,0,24096,61179,2489,0,0,0
0,34634,36808,43132,24243,51680,39161,0,0
0,0,0,13479,50640,44854,0,0,0
0,0,18096,11673,55945,18326,1046,0,0
0,0,0,18577,31765,6816,0,53620,0
0,0,0,13233,10876,50529,20606,41705,0
0,0,0,3490,17417,40498,28677,29789,0
0,0,0,45445,4660,62393,0,17873,0
0,0,0,55324,13784,35936,0,5957,0
0,0,0,26003,18418,9880,9988,0,0
0,0,0,35451,34941,43549,29791,0,0
0,0,0,48762,57486,52688,50591,0,0
0,0,0,41585,60177,38817,18060,0,0
0,25631,9771,14167,31518,26065,0,0,0
0,0,0,57995,50507,44260,0,0,0
0,0,0,41196,7716,378,1733,0,0
0,0,0,7270,42757,40965,0,53620,0
0,0,0,33764,10964,6224,48458,41705,0
0,0,0,36467,39459,44050,0,29789,0
0,0,0,33077,61782,48332,33985,17873,0
0,0,0,64025,42912,33884,0,5957,0
0,0,0,32545,55319,43778,0,0,0
0,0,0,20638,24595,50269,10113,0,0
0,0,0,40223,19334,42411,0,0,0
0,0,0,13634,49653,3766,0,0,0
0,0,11903,37204,41672,62214,37199,0,0
0,0,0,40728,18360,25524,0,0,0
0,0,0,38358,13299,33810,0,53620,0
0,0,0,30846,28925,20230,0,41705,0
0,0,0,64809,8183,31072,52263,29789,0
0,0,0,6886,33213,21311,62661,17873,0
0,0,0,1300,53528,36877,45970,5957,0
0,0,0,33491,13114,61764,0,0,0
0,0,0,1480,7498,34135,0,0,0
0,0,0,3926,55741,14180,38762,0,0
0,0,0,39333,43290,28709,28592,0,0
0,0,0,34270,5672,57543,0,0,0
0,0,0,1267,6801,825,16109,0,0
0,0,0,40944,47540,29623,0,0,0
0,0,0,36630,33465,22016,10651,53620,0
0,0,0,33827,53289,20494,33687,41705,0
0,0,0,25734,54488,40896,0,29789,0
0,0,0,23647,12018,4370,0,17873,0
0,0,0,54174,15917,55254,1167,5957,0
0,0,0,34760,50521,3554,0,0,0
0,0,0,22681,7696,11888,16112,0,0
0,0,0,40267,2532,52495,43844,0,0
0,0,0,63437,4702,46009,0,0,0
0,0,0,37996,25578,50149,25386,0,0
0,0,0,2767,38065,57062,0,0,0
0,0,0,24144,16663,41007,18432,53620,0
0,0,0,27629,2972,24122,0,41705,0
0,0,0,43112,47357,34983,60335,29789,0
0,0,0,12130,34414,60925,0,17873,0
0,0,0,6567,6594,35253,0,5957,0
0,0,0,26714,52540,64701,25715,0,0
0,0,0,52952,40825,13325,0,0,0
0,0,0,11493,34264,37513,0,0,0
0,0,0,54096,24140,11418,48671,0,0
0,0,47578,39210,4219,34245,49526,0,0
0,34952,25962,60565,1544,25992,39053,0,0
0,8707,55127,55949,4202,29230,22159,0,0
0,0,16333,38472,27761,61271,0,53620,0
0,0,0,25252,14193,5039,3044,41705,0
0,0,0,13438,15356,32981,0,29789,0
0,0,0,62360,30624,40107,40482,17873,0
0,0,54205,22693,23287,11640,26717,5957,0
0,0,0,26591,9668,36090,0,0,0
0,0,0,47362,63889,23540,0,0,0
0,0,0,5426,37480,64375,18258,0,0
0,0,0,24977,23818,57038,2560,0,0
0,0,47887,41326,21518,3388,18405,0,0
0,0,0,45509,5701,53255,0,0,0
0,0,0,64582,31725,2973,18853,53620,0
0,0,0,56694,62225,57268,0,41705,0
0,0,0,63133,578,44066,0,29789,0
0,0,0,45774,24273,53674,0,17873,0
0,0,0,27849,57043,57736,0,5957,0
0,0,0,4148,59105,40818,0,0,0
0,0,19026,15586,26036,6645,0,0,0
0,0,54881,53498,14319,61834,44333,0,0
0,25366,42202,42247,49905,21951,59047,0,0
0,36564,23466,58492,45527,52820,0,0,0
0,0,51778,38691,3074,51647,38093,0,0
0,0,40211,37799,33698,11736,50285,53620,0
0,0,0,25139,37716,34560,0,41705,0
0,0,0,16768,51115,28021,49034,29789,0
0,0,0,1989,14401,19215,13443,17873,0
0,0,0,53838,62464,29893,6279,5957,0
0,0,0,39526,42385,56767,0,0,0
0,0,0,56821,55505,51182,0,0,0
0,0,0,34757,39333,49970,20445,0,0
0,0,54936,62116,37247,19434,0,0,0
0,13867,19850,60585,1180,38587,50053,0,1
0,38684,12501,32829,61461,29034,33992,0,1
0,30005,51766,58840,42700,8831,14955,0,1
0,21763,13793,1745,60820,56047,43608,53620,1
0,55595,29649,43660,11742,563,45486,41705,1
0,0,0,30033,23488,34414,2658,29789,0
0,0,0,19631,5829,27966,19955,17873,0
0,0,0,52051,5268,45043,0,5957,0
0,0,0,17828,25054,52438,51698,0,0
0,0,0,20730,29197,43473,16651,0,0
0,0,0,2900,44888,18995,18582,0,0
0,0,0,46876,8731,43667,44918,0,0
0,0,0,48312,46267,20439,23784,0,0
0,12968,20411,65330,23027,730,53450,0,0
0,15629,33713,62762,11099,36965,18756,0,0
0,23960,61880,51813,4104,14102,0,53620,0
0,32155,4664,39071,29404,26511,1868,41705,0
0,49962,58159,39834,29873,36538,0,29789,0
0,49465,11735,47772,14937,65096,41714,17873,0
0,4492,43786,1399,51143,59384,0,5957,0
0,23304,40751,349,60269,4286,0,0,0
0,24992,50674,17582,29407,6934,10402,0,0
0,55652,42873,4749,7028,23449,0,0,0
0,22171,12335,33619,62963,2438,21513,0,0
0,10063,53605,51890,37369,51590,29533,0,0
0,0,0,24117,18061,0,0,0,0
0,0,0,3034,63009,12992,41360,53620,0
0,0,0,8772,20826,49672,36103,41705,0
0,0,0,62346,57812,35991,47474,29789,0
0,0,0,29159,6006,8078,18185,17873,0
0,0,0,51772,42106,28602,0,5957,0
0,0,0,32183,44457,45908,0,0,0
0,0,0,25530,16989,25155,0,0,0
0,0,0,42572,21518,52159,0,0,0
0,0,0,38263,50809,451,17434,0,0
0,0,0,64554,63626,39488,47508,0,0
0,0,0,10460,20230,23144,0,0,0
0,0,0,16893,64794,3303,58252,0,0
0,0,0,58332,61752,8097,0,53620,0
0,0,0,55903,28925,45048,43633,41705,0
0,0,0,33633,39684,61968,0,29789,0
0,0,0,44699,42750,20566,30336,17873,0
0,0,0,63533,15627,20330,45657,5957,0
0,0,0,21714,52327,26060,0,0,0
0,0,0,59643,38139,37444,27120,0,0
0,0,0,7270,43112,35313,60154,0,0
0,0,0,21199,32093,40783,52927,0,0
0,0,0,57242,59956,50388,33309,0,0
0,0,0,4235,57320,20345,0,0,0
0,0,0,5653,23598,15889,0,0,0
0,0,0,47290,49023,37692,0,53620,0
0,0,0,49746,33256,62141,10035,41705,0
0,0,0,51761,29211,29679,25737,29789,0
0,0,0,2133,61533,55805,0,17873,0
0,0,0,28567,29352,57965,0,5957,0
0,0,0,56626,56382,29336,0,0,0
0,0,0,25310,3230,15487,27328,0,0
0,0,0,43826,2560,23626,46483,0,0
0,0,0,41250,16742,23223,0,0,0
0,28718,39144,25941,39549,45435,28935,0,0
0,0,55702,38004,65490,58602,0,0,0
0,0,0,20028,51833,50571,55012,0,0
0,0,0,41260,58929,48735,25079,53620,0
0,0,0,8602,54728,48861,16134,41705,0
0,0,0,58603,32730,2432,0,29789,0
0,0,0,25484,51510,51593,0,17873,0
0,0,0,53108,9364,41003,0,5957,0
0,0,0,37588,20584,22011,47032,0,0
0,0,0,15774,47842,63068,0,0,0
0,0,0,49598,37021,44390,0,0,0
0,0,0,18325,49153,65420,23943,0,0
0,0,0,63004,60731,55614,23820,0,0
0,0,0,40524,50223,1249,46548,0,0
0,0,0,58184,17780,58185,0,53620,0
0,0,0,62300,28159,16715,0,41705,0
0,0,0,661,41133,45448,0,29789,0
0,0,0,32277,22263,2005,33555,17873,0
0,0,0,61003,45639,20921,0,5957,0
0,0,0,31360,4306,21641,49655,0,0
0,0,0,48322,42023,40424,0,0,0
0,0,0,48613,58679,6878,0,0,0
0,0,0,61808,30899,13471,516,0,0
0,12180,61265,11658,5993,27389,28637,0,0
0,0,0,52149,27717,39391,0,0,0
0,0,0,5739,19906,46791,17551,0,0
0,0,0,64617,26632,25447,0,53620,0
0,0,0,45672,55331,55675,12467,41705,0
0,0,0,46236,62436,60738,0,29789,0
0,0,0,62969,33762,16187,0,17873,0
0,0,0,3954,51200,34060,0,5957,0
0,0,0,45370,49132,25185,0,0,0
0,0,0,47636,25271,19319,23401,0,0
0,0,0,4588,9656,21149,65161,0,0
0,0,0,45173,61708,39436,32,0,0
0,29154,8546,52844,42641,2832,24325,0,0
0,18799,49524,47481,7864,37832,22382,0,0
0,8726,12027,38889,8181,26524,0,0,0
0,12835,11250,18780,29302,16705,34989,53620,0
0,46275,52434,21377,40727,56484,42255,41705,0
0,52810,23385,39297,10174,18600,0,29789,0
0,0,0,59647,62575,14151,64110,17873,0
0,0,0,19364,17991,48939,45570,5957,0
0,0,0,610,59801,62839,0,0,0
0,0,0,44672,15008,1038,0,0,0
0,0,0,4070,26406,50125,0,0,0
0,0,0,57247,51817,38020,0,0,0
0,0,40215,59982,17838,52909,37893,0,0
0,10079,2069,22096,47746,905,18476,0,0
0,0,38934,47118,47799,37582,36632,0,0
0,0,0,45158,61868,64185,56629,53620,0
0,0,0,49632,21592,54144,12882,41705,0
0,0,0,30040,15175,1037,0,29789,0
0,0,0,25906,42339,53678,24576,17873,0
0,0,0,1819,64827,14021,492,5957,0
0,0,0,8186,43807,10143,37183,0,0
0,0,0,35236,6769,9040,45772,0,0
0,0,0,38989,12593,57500,0,0,0
0,0,0,21290,20526,47052,62369,0,0
0,0,47661,47146,43481,36039,21519,0,0
0,0,32817,44280,2107,38015,14095,0,0
0,35422,31316,11907,47885,40454,37626,0,0
0,0,0,44721,57210,23216,0,53620,0
0,0,0,50068,60599,56542,38127,41705,0
0,0,0,45604,36888,54950,0,29789,0
0,0,0,32093,33201,13846,63130,17873,0
0,0,0,50199,20076,10678,16588,5957,0
0,0,0,38967,33601,60024,0,0,0
0,0,0,29827,56529,26080,0,0,0
0,0,0,34347,60859,10181,0,0,0
0,0,0,35009,3791,57791,597,0,0
0,0,43438,46275,10000,32231,52997,0,0
0,0,0,4880,5020,61320,0,0,0
0,0,0,42187,44726,55537,26172,0,0
0,0,0,65477,30662,54822,0,53620,0
0,0,0,57652,41585,9540,28968,41705,0
0,0,0,13720,40846,40284,0,29789,0
0,0,0,28315,61475,42921,61025,17873,0
0,0,0,49244,19966,20659,0,5957,0
0,0,0,61340,50057,7237,20645,0,0
0,0,6157,34251,57204,41748,57521,0,0
0,0,0,26555,9235,12381,0,0,0
0,0,0,53397,3239,23002,45007,0,0
0,63585,11480,65155,10293,48026,0,0,0
0,3903,55128,56394,17918,24132,12574,0,0
0,63593,51839,31315,42471,4616,61860,0,0
0,8434,58196,10958,25387,6484,0,53620,0
0,0,0,3930,8686,57679,272,41705,0
0,0,0,27170,3990,190,59678,29789,0
0,0,0,20304,3756,33534,13513,17873,0
0,0,0,14802,10827,16103,2847,5957,0
0,0,0,36383,20251,33730,0,0,0
0,0,0,63804,21732,22207,0,0,0
0,0,0,29462,61457,28677,29781,0,0
0,0,0,32719,6903,28670,32107,0,0
0,59065,17961,45978,60241,60711,16786,0,0
0,0,38267,29708,46351,7636,0,0,0
0,0,0,15005,45163,31336,4875,0,0
0,0,7489,3053,27506,60969,0,53620,0
0,0,29080,35446,4944,63775,22448,41705,0
0,0,0,22183,58819,23511,0,29789,0
0,0,0,65424,61950,2460,0,17873,0
0,0,0,16037,57754,50605,0,5957,0
0,0,0,29520,10952,39309,18084,0,0
0,0,0,63323,1691,50434,0,0,0
0,0,49407,5251,51560,35912,53609,0,0
0,26176,27518,44109,5895,16205,17862,0,1
0,19136,35239,26341,35642,58350,55898,0,1
0,24936,9283,30286,37699,23826,0,0,0
0,29714,546,53397,43668,32285,63719,53620,0
0,0,18831,5111,25124,60555,59434,41705,0
0,0,492,40567,47757,11558,18764,29789,0
0,0,0,42871,40369,65315,40303,17873,0
0,0,0,21339,16432,53601,64272,5957,0
0,0,0,60315,58497,5492,35902,0,0
0,0,50761,45109,16979,40400,23310,0,0
0,0,16029,34823,39362,45390,46592,0,0
0,0,20031,56232,11954,65465,28501,0,0
0,14811,65172,49125,42475,29873,64452,0,0
0,39950,62529,23596,58113,18046,51230,0,0
0,0,0,10627,43925,57788,64252,0,0
0,0,0,21247,50119,12262,16759,53620,0
0,0,0,39062,11630,9904,59333,41705,0
0,0,0,64030,51601,17563,0,29789,0
0,0,0,50973,44297,37565,25396,17873,0
0,0,0,60590,10091,21207,47132,5957,0
0,0,0,14124,51178,48024,42924,0,0
0,0,0,14871,51115,35108,0,0,0
0,0,0,13397,51800,40212,57295,0,0
0,0,0,25781,34106,63574,29367,0,0
0,0,0,59364,41507,51428,32662,0,0
0,0,45367,24864,64329,21686,37819,0,0
0,0,0,17695,36341,6279,0,0,0
0,0,0,18663,59505,22472,23402,53620,0
0,0,0,53092,3736,21993,57654,41705,0
0,0,0,49591,29519,63350,0,29789,0
0,0,0,64162,36923,18146,43418,5957,0
0,0,0,62716,35223,16703,48604,0,0
0,0,0,52283,20297,46497,0,0,0
0,0,0,50362,13681,42742,54447,0,0
0,0,0,5076,11818,56813,27626,0,0
0,0,41590,64919,17003,22352,0,0,0
0,30140,15024,36441,16843,29760,0,0,0
0,26235,47957,3472,5966,49609,49031,0,0
0,3347,46363,16328,15161,40420,38228,53620,0
0,0,50542,10864,2881,1568,18395,41705,0
0,0,0,30192,7184,51149,17635,29789,0
0,0,0,20582,65110,53429,14757,17873,0
0,0,0,59218,44625,63890,0,5957,0
0,0,0,44920,56881,40371,0,0,0
0,0,0,18722,13451,24597,0,0,0
0,0,0,60543,52337,64381,0,0,0
0,0,0,2696,46469,14230,6489,0,0
0,0,0,20943,43210,27111,41480,0,0
0,0,0,7304,39490,9341,0,0,0
0,0,0,34051,3456,41025,64489,53620,0
0,0,0,15819,61761,30356,57150,41705,0
0,0,0,32524,21489,3412,63144,29789,0
0,0,0,10823,12768,4044,49928,17873,0
0,0,0,4276,18265,38350,0,5957,0
0,0,0,49585,38903,18802,17581,0,0
0,0,0,49397,24991,60501,50072,0,0
0,0,0,59318,38701,28023,28991,0,0
0,0,0,38792,5895,46186,31289,0,0
0,0,56371,39540,52768,30523,23752,0,0
0,0,0,44490,4628,13476,0,0,0
0,0,0,38276,52527,61230,42378,53620,0
0,0,0,25178,52020,51476,59409,41705,0
0,0,0,51499,28735,50768,34739,29789,0
0,0,0,24214,16313,48200,101,17873,0
0,0,0,64557,51587,42140,0,5957,0
0,0,0,32430,39568,60583,22617,0,0
0,0,0,17004,52543,64089,51804,0,0
0,0,0,24408,39445,45973,0,0,0
0,0,0,50600,32323,40603,31649,0,0
0,0,0,49375,55033,48032,29952,0,0
0,0,52190,6319,26570,65326,10764,0,0
0,7389,15033,23313,23328,7947,28214,0,0
0,47259,30208,27386,1378,53488,0,53620,0
0,28397,6305,60673,54333,5485,0,41705,0
0,0,0,55568,45923,3800,62738,29789,0
0,0,0,509,19677,6291,15949,17873,0
0,0,0,27270,14566,24967,22676,5957,0
0,0,0,40032,59742,15921,0,0,0
0,0,0,35694,23687,27776,0,0,0
0,0,0,63166,15404,39202,24071,0,0
0,0,0,56948,46807,17255,0,0,0
0,0,0,9070,8765,51222,63943,0,0
0,0,0,22345,42877,16232,54331,0,0
0,0,0,21692,44652,16687,0,0,0
0,0,0,43077,24857,23856,26296,53620,0
0,0,0,4978,34042,28593,42470,41705,0
0,0,0,3632,39586,20271,62456,29789,0
0,0,0,14941,61886,10533,11012,17873,0
0,0,0,23514,17414,48460,0,5957,0
0,0,0,27971,58221,18191,0,0,0
0,0,0,63178,43990,2282,38326,0,0
0,0,0,27999,14864,23765,59376,0,0
0,0,0,6548,37793,36422,18710,0,0
0,0,0,49986,29269,37753,59191,0,0
0,0,0,27299,38883,59235,0,0,0
0,0,0,29884,14475,42540,41008,0,0
0,0,0,54385,21274,44680,5511,53620,0
0,0,0,13639,61980,60536,0,41705,0
0,0,0,7289,6556,48618,8618,29789,0
0,0,0,34105,21351,25021,56373,17873,0
0,0,0,19343,31212,26052,16520,5957,0
0,0,0,21509,37308,57273,23554,0,0
0,0,0,8727,41695,33088,6388,0,0
0,0,0,39906,26868,22244,0,0,0
0,0,0,37802,21369,35205,0,0,0
0,0,0,52067,5471,19508,0,0,0
0,0,0,60157,3362,1890,0,0,0
0,0,0,58942,652,31275,17888,0,0
0,0,0,4462,13424,27326,6750,53620,0
0,0,0,16332,17528,61324,62619,41705,0
0,0,0,19030,48441,59578,41974,29789,0
0,0,0,54139,20068,31905,1856,17873,0
0,0,0,22297,62837,1109,0,5957,0
0,0,0,46004,37800,31295,44204,0,0
0,0,0,42010,6972,15105,37385,0,0
0,0,0,64332,1057,45846,0,0,0
0,0,0,2310,42197,46258,50175,0,0
0,0,0,55688,64250,609,31855,0,0
0,0,0,49638,13186,34605,27505,0,0
0,0,0,34368,44296,24887,11267,0,0
0,0,7337,42841,20009,36476,38932,53620,0
0,0,0,27952,38172,41614,0,41705,0
0,0,0,39617,44963,42856,48415,29789,0
0,0,0,52076,17716,55767,0,17873,0
0,0,0,34836,44949,24025,63976,5957,0
0,0,0,63317,49110,30322,55609,0,0
0,0,0,41924,36550,17806,57624,0,0
0,0,0,52157,7776,7798,33375,0,0
0,0,45177,43031,60588,53617,44352,0,0
0,0,0,2113,62585,15692,0,0,0
0,0,0,33868,61898,54897,18858,0,0
0,0,0,20953,57181,42827,33676,53620,0
0,0,0,46430,39843,24645,0,41705,0
0,0,0,64850,47222,18104,41713,29789,0
0,0,0,59490,61541,23790,41804,17873,0
0,0,0,65457,5396,63422,29395,5957,0
0,0,0,35571,58279,17333,30275,0,0
0,0,0,20153,3464,21519,0,0,0
0,0,0,23730,30318,25151,20933,0,0
0,0,0,22015,61195,41168,23187,0,0
0,0,0,53604,40922,13277,59178,0,0
0,0,40359,1857,8359,48419,63579,0,0
0,0,50155,56010,58009,608,5441,0,0
0,24953,26553,37029,17398,55598,50370,53620,0
0,0,0,31724,55208,13900,0,41705,0
0,0,0,17863,40194,51958,41529,29789,0
0,0,0,54830,1947,1477,55083,17873,0
0,0,0,15581,3087,42,0,5957,0
0,0,0,10881,59165,48249,2391,0,0
0,0,0,16784,16754,55516,0,0,0
0,0,0,61918,47385,38060,8460,0,0
0,5950,367,25654,40948,36889,36105,0,0
0,5823,37166,34370,2387,35816,27281,0,0
0,16949,6456,47502,37864,51597,22018,0,0
0,6306,55792,56732,30146,40640,0,53620,0
0,1494,64624,32452,19334,60098,0,41705,1
0,0,31883,18128,51904,16422,0,29789,0
0,0,0,63360,4158,40041,55459,17873,0
0,0,0,5517,53042,35851,57503,5957,0
0,0,0,37672,39880,29216,40207,0,0
0,0,0,14004,2830,45505,0,0,0
0,0,0,35947,25440,52929,0,0,0
0,0,0,49771,48345,64688,30590,0,0
0,34241,8823,47720,56150,24026,10681,0,0
0,24521,44343,64307,64655,16963,40002,0,0
0,0,56381,41526,31837,43227,0,53620,0
0,0,0,53151,1546,18183,44205,41705,0
0,0,0,48013,26080,58037,28645,29789,0
0,0,0,46843,2276,35696,10004,17873,0
0,0,0,3472,49000,23961,28838,0,0
0,0,0,6216,38180,50823,6841,0,0
0,0,0,3947,35255,34254,0,0,0
0,0,0,54123,52148,40774,23863,0,0
0,0,36885,31455,1856,23642,59051,0,0
0,0,0,16052,60009,44955,0,0,0
0,0,0,4622,13440,33928,0,0,0
0,22934,24727,29238,55327,42476,19832,53620,0
0,0,49087,10327,64813,5613,0,41705,0
0,0,0,56810,59931,53460,36116,29789,0
0,0,0,25660,23646,54250,20079,17873,0
0,0,0,26521,8235,60915,22532,5957,0
0,0,0,4323,40595,65429,0,0,0
0,0,0,50224,36317,18082,0,0,0
0,0,0,15983,48538,26987,10914,0,0
0,0,0,50216,34308,43303,0,0,0
0,58449,52138,60270,36445,56130,42698,0,0
0,0,0,7143,33090,27648,0,0,0
0,0,0,25526,47194,52218,0,0,0
0,0,0,26543,61709,5622,17274,53620,0
0,0,0,10016,41549,47786,0,41705,0
0,0,0,45356,63069,51135,0,29789,0
0,0,0,988,42090,29820,6937,17873,0
0,0,0,57484,61858,38618,29982,5957,0
0,0,0,18545,23785,3797,38801,0,0
0,0,0,23090,64098,36603,47348,0,0
0,0,0,44878,3277,945,0,0,0
0,0,0,15710,20371,17619,34546,0,0
0,0,0,62912,13815,36251,49894,0,0
0,0,0,36481,16612,32872,48198,0,0
0,0,0,56518,16339,39973,30950,0,0
0,0,0,61387,21490,54516,0,53620,0
0,0,0,19849,7458,51385,65135,41705,0
0,0,0,27292,49257,20527,57713,29789,0
0,0,0,37631,19207,52379,63753,17873,0
0,0,0,65085,54754,32588,0,5957,0
0,0,0,9994,37826,32542,0,0,0
0,0,0,30879,44436,55761,32605,0,0
0,0,0,36620,51602,26519,25156,0,0
0,0,0,58140,62666,23491,0,0,0
0,0,0,63768,6490,21500,12090,0,0
0,0,0,53864,57703,55429,0,0,0
0,0,0,63614,282,21430,35037,0,0
0,0,0,51611,35788,39999,55123,53620,0
0,0,0,58530,11467,19234,44996,41705,0
0,0,0,7589,17500,12316,6633,29789,0
0,0,0,34930,33190,36230,22466,17873,0
0,0,0,14961,21485,40493,44419,5957,0
0,0,0,1946,23522,53794,0,0,0
0,0,0,64023,27660,56093,26926,0,0
0,0,0,28194,13557,25674,54973,0,0
0,0,0,29483,13709,34594,31311,0,0
0,13761,17031,40841,45378,10850,55024,0,0
0,61190,10976,55329,56592,40902,15933,0,0
0,0,47976,25612,37708,28389,0,53620,0
0,0,0,56569,4079,42673,60354,41705,0
0,0,0,4636,52723,41105,44255,29789,0
0,0,0,31534,33281,45946,10963,17873,0
0,0,0,16102,4346,1403,53197,5957,0
0,0,0,59686,35633,52152,0,0,0
0,0,0,17671,36799,43564,710,0,0
0,0,0,21133,23899,29715,63981,0,0
0,0,0,31207,19361,33299,57099,0,0
0,0,0,23066,7609,40419,2673,0,0
0,0,22187,17730,55162,6073,27919,0,0
0,0,50019,26115,17703,31244,33229,0,0
0,0,59211,43612,18542,26015,2057,53620,0
0,0,50935,604,34312,45397,0,41705,0
0,0,0,22981,13234,43520,0,29789,0
0,0,0,26654,53959,61502,7145,17873,0
0,0,0,49453,18555,11138,0,5957,0
0,0,0,27908,3670,50835,58054,0,0
0,0,0,9113,25199,55921,3542,0,0
0,0,0,26542,3909,2392,0,0,0
0,0,0,19150,35610,45000,45785,0,0
0,0,0,49446,13952,4251,0,0,0
0,0,46187,1410,2314,25791,46111,0,0
0,0,0,63219,16911,7816,24174,0,0
0,0,0,1030,53920,40177,0,53620,0
0,0,0,1030,0,0,65427,41705,0
0,0,0,65210,20212,11002,61964,29789,0
0,0,0,6420,34230,62682,0,17873,0
0,0,0,45013,43781,5359,0,5957,0
0,0,0,4393,31658,43389,43668,0,0
0,0,0,24184,15155,23130,26169,0,0
0,0,0,37033,64297,35427,0,0,0
0,0,0,36026,23149,27736,0,0,0
0,6555,12744,50922,47183,36873,0,0,0
0,33773,64605,38577,27729,48735,0,0,0
0,12016,64315,59443,17354,18219,0,0,0
0,672,24715,13247,37803,33723,31205,53620,0
0,23674,54335,59605,62666,7495,0,41705,0
0,55127,61347,56099,50698,65223,14284,29789,0
0,0,16807,28004,54529,59366,47163,17873,0
0,0,37634,14843,52747,28521,26781,5957,0
0,37413,53757,64488,11568,54490,0,0,0
0,16460,29279,18665,37779,58901,23353,0,0
0,21660,47516,58038,15078,51768,0,0,0
0,60036,54057,35978,35388,64281,35556,0,0
0,0,0,33749,13758,21395,63931,0,0
0,54770,56655,34799,55772,13427,11730,0,0
0,0,0,51647,13349,14481,0,0,0
0,0,0,44342,63113,5618,18743,53620,0
0,0,0,13511,37562,55029,1221,41705,0
0,0,0,31186,15012,22878,38435,29789,0
0,0,0,33107,24580,36346,0,17873,0
0,0,0,10322,24652,39039,0,5957,0
0,0,0,27171,21885,8326,0,0,0
0,0,0,20352,22410,29987,7849,0,0
0,0,0,56992,19307,12118,0,0,0
0,0,17298,45110,34055,11808,41156,0,0
0,0,17061,6112,29321,19130,0,0,0
0,40992,5333,49583,23743,36904,38923,0,0
0,22825,62824,35096,31020,46058,32757,0,0
0,0,0,30909,48024,21441,0,53620,0
0,0,0,24412,28176,20109,29372,41705,0
0,0,0,11573,16331,15668,18056,29789,0
0,0,0,22618,57451,65260,13165,17873,0
0,0,0,25735,38538,1379,6717,5957,0
0,0,0,50188,19207,15974,7038,0,0
0,0,0,6888,629,42592,0,0,0
0,0,0,60570,23305,1190,31101,0,0
0,0,0,43554,18602,34923,2949,0,0
0,0,0,44859,9989,63301,0,0,0
0,0,0,25148,15057,42267,13147,0,0
0,0,0,62724,11447,9252,20069,0,0
0,0,0,13721,36822,60415,0,53620,0
0,0,0,18373,49761,4212,0,41705,0
0,0,0,51143,39732,15148,34421,29789,0
0,0,0,50372,34067,18169,0,17873,0
0,0,0,61713,60367,6018,43023,5957,0
0,0,0,24346,23105,37049,0,0,0
0,0,0,22817,36316,8025,0,0,0
0,0,0,57596,42429,33904,0,0,0
0,0,0,51028,31720,9727,52418,0,0
0,0,0,20068,63783,1201,32425,0,0
0,0,0,27804,47763,39221,32368,0,0
0,0,0,62610,58170,65482,0,53620,0
0,0,0,34095,64351,40985,0,41705,0
0,0,0,58056,29603,65172,0,29789,0
0,0,0,12180,46233,3988,30068,17873,0
0,0,0,39029,62822,25928,44124,5957,0
0,0,0,16455,18089,11317,0,0,0
0,0,0,24347,6694,40316,22613,0,0
0,0,0,35204,7989,29315,3736,0,0
0,0,0,9555,30687,18424,41509,0,0
0,0,0,20977,61176,9331,0,0,0
0,0,0,4535,27095,57563,9959,0,0
0,0,0,34854,54067,30059,26664,53620,0
0,0,0,11268,58956,60439,0,41705,0
0,0,0,18913,3227,22056,57685,29789,0
0,0,0,42517,19560,53872,55815,17873,0
0,0,0,8314,30028,43479,0,5957,0
0,0,0,57582,57383,39227,5134,0,0
0,0,0,11150,22690,56516,2479,0,0
0,0,0,5152,17177,62433,0,0,0
0,0,0,26627,61433,65177,0,0,0
0,0,0,14313,46362,44135,26043,0,0
0,0,0,14796,46555,34516,0,0,0
0,0,0,51319,50692,44218,54332,0,0
0,0,0,56608,54344,7833,0,53620,0
0,0,0,61170,51200,45347,0,41705,0
0,0,0,23417,64948,16161,31704,29789,0
0,0,0,11231,6169,43869,0,17873,0
0,0,0,60113,990,30730,0,5957,0
0,0,0,5778,19804,3533,11764,0,0
0,0,0,14210,57059,48169,62846,0,0
0,0,0,31607,45384,8780,49260,0,0
0,46123,43215,25318,4363,60145,54821,0,0
0,5438,33428,13346,56881,20859,0,0,0
0,0,0,92,25632,4137,11455,53620,0
0,0,0,24577,27664,2942,0,41705,0
0,0,0,1529,36287,62639,0,29789,0
0,0,0,6004,57350,53032,47321,17873,0
0,0,0,20554,61577,8152,62089,5957,0
0,0,0,24814,51466,30984,0,0,0
0,0,0,37510,7204,54084,22649,0,0
0,0,0,1514,50295,17759,28965,0,0
0,0,0,64307,5398,5741,0,0,0
0,0,0,29706,5658,47876,0,0,0
0,0,0,52071,6631,44735,17755,0,0
0,0,0,45818,13397,58907,60968,53620,0
0,0,0,48100,36103,13062,0,41705,0
0,0,0,11722,55701,50635,56582,29789,0
0,0,0,31072,51051,30518,0,17873,0
0,0,0,15386,57752,7815,59654,5957,0
0,0,0,15616,37696,60095,0,0,0
0,0,0,29540,1357,16066,12239,0,0
0,0,24855,39485,1376,43334,0,0,0
0,0,210,16251,55437,52447,30156,0,0
0,57379,50102,27244,44569,40095,0,0,0
0,1134,33085,3276,33425,11997,52516,0,0
0,45010,48486,33422,14684,59983,53955,0,0
0,17935,29670,38562,60726,63609,0,53620,0
0,57833,14569,54372,59973,6638,54477,41705,0
0,0,43015,35510,54000,52182,0,29789,0
0,0,0,16210,16368,1041,9713,17873,0
0,0,0,14554,34508,21437,59095,5957,0
0,0,0,53152,6735,76,17576,0,0
0,0,0,39906,35859,39104,6324,0,0
0,0,0,45223,54461,17495,0,0,0
0,0,0,52519,14495,22692,0,0,0
0,0,0,33827,52653,20554,0,0,0
0,0,0,25412,47214,42924,0,0,0
0,0,0,18012,59092,25441,45916,0,0
0,0,0,6445,673,37061,45068,53620,0
0,0,0,60154,60283,53458,47360,41705,0
0,0,0,8258,7076,9487,56780,29789,0
0,0,0,37377,61911,57826,35321,17873,0
0,0,0,40461,23121,60616,0,5957,0
0,0,0,30169,20537,62913,0,0,0
0,0,0,45717,32583,61945,22271,0,0
0,0,0,36518,53343,11249,0,0,0
0,0,0,10758,3262,62884,42186,0,0
0,0,8183,49901,35752,22635,56005,0,0
0,0,50821,49477,62991,4683,0,0,0
0,0,43854,33756,33440,42421,0,0,0
0,0,0,32448,47240,0,6394,53620,0
0,0,0,45333,25618,29875,0,41705,0
0,0,0,63329,33107,778,13734,29789,0
0,0,0,52048,59877,33986,22264,17873,0
0,0,0,38185,64675,6912,48646,5957,0
0,0,0,25918,51568,50995,43813,0,0
0,0,0,13263,62251,30416,0,0,0
0,0,0,29147,26523,30191,35865,0,0
0,0,0,46273,19592,11454,26507,0,0
0,0,0,55268,14324,61274,58676,0,0
0,64371,46173,47158,19461,11451,6134,0,0
0,53805,47118,32460,597,33504,27854,0,0
0,23146,45286,46425,22776,39556,49152,53620,0
0,51136,20328,14558,15126,7272,45245,41705,0
0,0,0,41634,871,46279,9627,29789,0
0,0,35495,9988,26317,54212,35201,5957,0
0,0,365,5808,2915,6469,42296,0,0
0,0,56938,13274,63152,12731,3910,0,0
0,0,25554,39724,34772,30828,0,0,0
0,0,12201,22839,11532,23583,65402,0,0
0,0,16913,37858,9446,9141,21950,0,0
0,0,39389,62107,18519,8157,0,0,0
0,0,20334,56650,6738,41310,43046,53620,0
0,0,40917,10051,12498,11364,31245,41705,0
0,0,54254,48272,63105,60623,0,29789,0
0,0,62781,6287,26694,37673,13284,17873,0
0,0,15061,51844,36086,61119,0,5957,0
0,0,34100,518,8771,32892,0,0,0
0,0,0,23691,12621,30978,0,0,0
0,0,0,16577,17375,62296,43091,0,0
0,0,0,34760,26092,33278,0,0,0
0,0,24835,31405,35494,16135,0,0,0
0,0,0,32296,43199,43037,0,0,0
0,0,0,49005,2104,35310,63113,0,0
0,0,9622,47534,33382,54869,10672,53620,0
0,48280,25326,25472,27798,54185,3167,41705,0
0,0,0,56528,65528,36341,0,29789,0
0,0,0,58741,30391,14642,0,17873,0
0,0,0,50787,33738,56745,59731,5957,0
0,0,0,36168,25807,29739,0,0,0
0,0,0,46335,61072,44645,0,0,0
0,0,0,61220,61868,10224,5049,0,0
0,0,0,20678,28932,10950,51592,0,0
0,0,0,52642,31959,37447,59379,0,0
0,0,0,54115,45116,0,57917,0,0
0,0,0,22362,22082,29823,40029,0,0
0,0,6639,60867,32503,29083,19179,53620,0
0,0,0,22741,6169,28274,0,41705,0
0,0,0,59372,33185,56804,5519,29789,0
0,0,0,47661,52349,40680,1355,17873,0
0,0,0,36030,42275,36322,0,5957,0
0,0,0,32535,29976,56417,27656,0,0
0,0,0,33052,34311,51927,0,0,0
0,0,0,40019,16101,4093,29904,0,0
0,0,0,44825,52773,43141,13767,0,0
0,62736,55761,50261,28129,35371,827,0,0
0,26560,17255,51755,50496,21696,0,0,0
0,24825,46886,21292,22122,63436,41314,0,0
0,0,0,20554,37660,46816,32033,53620,0
0,0,0,18269,21030,46948,24291,41705,0
0,0,0,30944,33130,13152,21672,29789,0
0,0,0,10500,4360,54131,60949,17873,0
0,0,0,41948,38947,30556,0,5957,0
0,0,0,4449,39205,61108,0,0,0
0,0,0,33027,23717,53847,33249,0,0
0,0,0,12892,37397,6789,47790,0,0
0,0,0,30115,36543,59814,17459,0,0
0,0,0,37709,15291,14726,40450,0,0
0,0,0,54921,54717,12503,44335,0,0
0,0,0,49007,19718,17629,36597,0,0
0,0,0,54294,20976,1057,63771,53620,0
0,0,0,11611,25088,2239,0,41705,0
0,0,0,13350,14454,6867,63230,29789,0
0,0,0,30857,21326,15875,26854,17873,0
0,0,0,3307,46532,22042,0,5957,0
0,0,0,63194,12721,8733,0,0,0
0,0,0,49455,1012,19354,15129,0,0
0,0,0,26566,13863,64669,14313,0,0
0,0,36057,62085,5178,57886,2792,0,0
0,51226,3460,38937,52389,34986,28062,0,0
0,33792,19451,2348,20696,5742,31183,0,0
0,13177,21213,59776,12031,42514,0,53620,0
0,0,9117,15571,37812,63839,0,41705,0
0,0,0,21676,23467,38686,38198,29789,0
0,0,0,8774,30970,61675,49928,17873,0
0,0,0,7306,1598,60093,32640,5957,0
0,0,0,27744,32714,49373,0,0,0
0,0,0,33298,305,11740,55760,0,0
0,0,0,43929,42840,31979,57403,0,0
0,0,8459,21487,58667,15392,0,0,0
0,6906,31290,49302,33754,27305,52963,0,0
0,42044,29454,54883,11502,11408,42430,0,1
0,49806,44583,48663,47560,16039,0,0,1
0,33167,1408,20511,32042,11045,0,53620,0
0,0,2707,33539,55617,14786,9667,41705,0
0,0,0,19413,46483,4174,38491,29789,0
0,0,0,50232,59374,3253,54862,17873,0
0,0,0,41876,13536,49888,1339,5957,0
0,0,0,7433,47169,4827,43142,0,0
0,0,0,35623,57205,1798,0,0,0
0,0,0,6003,5339,61724,49709,0,0
0,0,0,33268,11301,45196,61130,0,0
0,60125,54328,29755,41052,41972,50406,0,0
0,5747,1660,19559,21552,49552,64503,0,0
0,23856,28658,4129,52305,5806,11180,0,1
0,43819,29875,348,2655,11866,0,53620,0
0,0,32823,55134,54013,34753,15660,41705,0
0,0,19192,8488,37331,7608,0,29789,0
0,0,53800,30629,31715,40802,12636,17873,0
0,0,42251,51370,50475,7777,0,5957,0
0,0,61273,5574,58784,12156,30936,0,0
0,0,38193,56641,29461,28920,0,0,0
0,0,60857,46328,40229,22076,63193,0,0
0,0,36110,14643,38443,10906,0,0,0
0,28349,47206,26972,33252,58771,38237,0,0
0,14144,44865,56291,53769,51791,0,0,0
0,0,0,40902,19033,56819,0,0,0
0,0,0,256,56108,44328,27065,53620,0
0,0,0,50918,37760,7149,29061,41705,0
0,0,40984,30247,15134,51783,2534,29789,0
0,0,0,10832,4562,8123,0,17873,0
0,0,0,35583,46321,20515,0,5957,0
0,0,0,14142,55497,32299,0,0,0
0,0,0,65173,16904,15074,9193,0,0
0,0,0,62493,24818,50769,0,0,0
0,0,0,26419,54886,58838,0,0,0
0,0,0,35113,40930,6851,62740,0,0
0,0,0,45713,25432,0,45723,0,0
0,0,0,7186,48037,3013,50094,0,0
0,0,0,60451,4294,27771,8849,53620,0
0,0,0,50089,49066,63517,0,41705,0
0,0,0,32707,21552,191,0,29789,0
0,0,0,33824,25685,5089,0,17873,0
0,0,0,48578,12001,6344,0,5957,0
0,0,0,10307,19060,17043,0,0,0
0,0,0,27963,478,22488,5630,0,0
0,0,0,58348,53286,44943,59220,0,0
0,0,0,46548,2055,29001,0,0,0
0,0,11365,13369,64412,35472,18053,0,0
0,0,16198,6133,625,13081,0,0,0
0,0,0,50521,65521,32558,0,0,0
0,0,0,41238,60421,24608,0,53620,0
0,0,0,18182,62313,2773,0,41705,0
0,0,0,13823,52256,12530,0,29789,0
0,0,0,28398,30497,40691,31147,17873,0
0,0,0,14488,8712,41171,19956,5957,0
0,0,0,55357,60292,42123,48615,0,0
0,0,0,9925,31280,65215,16497,0,0
0,0,0,10041,48165,49780,53856,0,0
0,0,0,26322,24267,44118,12882,0,0
0,0,0,24847,42856,63698,40072,0,0
0,0,0,45968,23189,28321,7997,0,0
0,57712,50707,7134,48276,30995,49913,0,0
0,23617,52704,40629,3323,42993,0,53620,0
0,0,47060,58888,64542,39146,5154,41705,0
0,0,0,62148,19968,64660,20723,29789,0
0,0,0,58043,12020,55891,33376,17873,0
0,0,0,29590,29886,52128,0,5957,0
0,0,0,9018,54769,16964,61455,0,0
0,0,0,19124,8220,4117,0,0,0
0,0,0,32765,5313,5190,44508,0,0
0,0,0,57922,37519,850,42312,0,0
0,51780,50671,30692,54622,1327,7467,0,0
0,0,0,18468,21661,35215,0,53620,0
0,0,0,60198,24714,4924,49119,41705,0
0,0,0,12465,40945,23400,0,29789,0
0,0,0,13816,64552,10539,0,17873,0
0,0,0,59085,39754,35460,27368,5957,0
0,0,0,27722,61648,14473,62925,0,0
0,0,0,29241,10363,36811,0,0,0
0,0,0,20327,2824,54233,24160,0,0
0,0,0,18326,48192,36403,0,0,0
0,0,0,23807,36693,3184,36504,0,0
0,0,0,55834,17876,56219,9872,0,0
0,64195,10964,53370,32021,54647,0,53620,0
0,20840,64741,55994,1990,53766,59885,41705,0
0,0,0,55664,21553,38039,0,29789,0
0,0,0,65252,30231,31450,0,17873,0
0,0,0,8986,24255,30037,34823,5957,0
0,0,0,55055,35899,45766,56944,0,0
0,0,0,63379,36825,33131,58777,0,0
0,0,0,39964,28527,24841,39961,0,0
0,0,0,3299,23290,6062,1823,0,0
0,46931,34950,6579,7414,17889,51761,0,0
0,47269,29725,51569,22266,9178,35835,0,0
0,28351,27802,5971,37847,7574,18128,0,1
0,0,0,57758,4466,41476,0,53620,0
0,0,0,39591,40551,40984,5808,41705,0
0,0,0,33121,37367,27260,50748,29789,0
0,0,0,5743,44273,47644,0,17873,0
0,0,0,50451,41657,39994,46198,5957,0
0,0,0,49337,62778,24364,0,0,0
0,0,0,35013,15764,38655,42883,0,0
0,0,0,13593,12597,45895,14382,0,0
0,0,0,17787,51452,23339,0,0,0
0,0,45969,14705,39434,24529,17605,0,0
0,0,58708,30643,61284,41068,18388,0,0
0,25585,54361,6895,6370,12866,4553,0,0
0,0,0,12708,6803,49167,61980,53620,0
0,0,0,41073,51788,27608,65047,41705,0
0,0,0,50216,63432,8045,15905,29789,0
0,0,0,50486,22599,35253,4062,17873,0
0,0,5988,9676,34247,39750,42371,5957,0
0,0,41706,32011,9683,34564,38984,0,0
0,0,28353,44974,60467,59232,33568,0,0
0,0,35402,57827,24639,36977,0,0,0
0,0,16343,53920,18908,53702,0,0,0
0,0,48138,56432,8286,28335,0,0,0
0,0,11154,53456,25868,25072,28364,0,0
0,18212,17088,60065,27805,45002,8508,0,0
0,0,52904,63062,32482,62802,0,53620,0
0,0,0,38697,26656,62103,49433,41705,0
0,10852,53212,4729,32226,30673,0,29789,0
0,0,0,10041,46847,19041,0,17873,0
0,0,0,47209,47993,55710,0,5957,0
0,0,0,28018,1802,35931,0,0,0
0,0,0,63442,45840,6519,0,0,0
0,0,0,2001,51432,45788,0,0,0
0,0,0,12456,12123,9654,0,0,0
0,0,0,40560,62622,9256,62316,0,0
0,6274,4141,45749,47535,62742,0,0,0
0,65222,53093,2669,16512,24978,33999,0,0
0,0,52867,26296,10835,57027,62072,53620,0
0,0,0,52024,48821,28346,52083,41705,0
0,0,0,14725,36603,52123,44675,29789,0
0,0,0,31496,7352,60192,45877,17873,0
0,0,0,23989,466,53876,0,5957,0
0,0,0,54280,7151,49222,2965,0,0
0,0,0,49941,54337,61349,0,0,0
0,0,0,38783,39108,21840,428,0,0
0,0,0,64480,45654,36112,27241,0,0
0,10320,1406,37235,53541,18084,44112,0,0
0,0,0,20755,27640,27104,0,0,0
0,0,0,54734,6857,47352,4526,0,0
0,0,49083,16908,45242,57393,0,53620,0
0,0,0,19815,13491,19467,0,41705,0
0,0,0,17892,59004,32515,44743,29789,0
0,0,383,58336,19115,24064,38204,17873,0
0,0,33650,63388,49612,26231,0,5957,0
0,0,19505,43674,45059,18551,49769,0,0
0,0,53776,44754,3667,34711,0,0,0
0,39280,8816,2991,33860,65360,20584,0,0
0,26252,30157,18686,25073,20206,0,0,0
0,0,64448,43203,46693,60171,30635,0,0
0,0,0,34861,49141,3764,40324,0,0
0,0,0,37165,41430,56223,28162,0,0
0,0,0,4717,24030,7942,31728,53620,0
0,0,0,37653,40145,45255,1253,41705,0
0,0,0,5479,40817,49962,23544,29789,0
0,0,0,11290,18619,64945,30374,17873,0
0,0,0,17638,43429,47559,35708,5957,0
0,0,0,37546,28803,51384,27967,0,0
0,0,0,33401,5900,13315,3832,0,0
0,0,0,15225,5797,21414,25994,0,0
0,0,0,11857,62575,65404,65506,0,0
0,0,0,47741,25308,4388,0,0,0
0,0,0,61051,24948,18857,0,0,0
0,0,35901,60665,17459,30721,0,0,0
0,0,14834,36689,52522,25007,13807,53620,0
0,0,0,58885,55911,15036,0,41705,0
0,0,0,6832,54916,27800,64253,29789,0
0,0,0,57213,36206,26814,0,17873,0
0,0,0,9274,61503,49808,39185,5957,0
0,0,0,57239,9736,11767,37619,0,0
0,0,0,24602,9655,27102,2545,0,0
0,0,0,9859,29578,4358,0,0,0
0,0,0,15264,8935,57079,39156,0,0
0,47310,8002,64088,43840,48551,34571,0,0
0,23722,39860,59293,18883,50010,33463,0,0
0,25634,54994,50363,56872,24222,14199,0,0
0,8122,12140,15480,7792,7941,0,53620,1
0,0,9544,47722,3548,38840,15221,41705,0
0,0,0,31775,53696,14647,0,29789,0
0,0,0,11857,38628,54555,42352,17873,0
0,0,0,57592,64605,59505,64798,5957,0
0,0,0,21334,13681,27280,0,0,0
0,0,0,6111,22584,33338,54896,0,0
0,0,0,56100,27688,38281,0,0,0
0,0,0,19264,9690,19239,31905,0,0
0,0,0,55940,21469,45869,44310,0,0
0,7008,30721,62344,37470,50908,56232,0,0
0,4745,63710,58040,10137,51824,14109,0,0
0,17844,4063,64230,25791,61126,0,53620,0
0,0,0,15549,11622,40416,16465,41705,0
0,0,0,23779,36347,17481,58985,29789,0
0,0,0,31057,61887,26577,15626,17873,0
0,0,0,50528,42883,15596,19451,5957,0
0,0,0,61594,33372,55557,0,0,0
0,0,0,36087,61072,27227,22805,0,0
0,0,0,63319,12662,31148,35664,0,0
0,0,0,2751,27610,9696,0,0,0
0,0,0,43786,52588,46112,0,0,0
0,0,0,18404,28213,56017,3767,0,0
0,0,0,9489,16303,51388,0,53620,0
0,0,0,41610,49794,19394,30031,41705,0
0,0,0,10492,62875,58262,0,29789,0
0,0,0,58231,38585,64559,32810,17873,0
0,0,0,47411,64499,14696,0,5957,0
0,0,0,28427,46494,41211,0,0,0
0,0,0,25506,27594,26533,0,0,0
0,0,0,6254,22220,16315,0,0,0
0,0,4936,4791,26673,11863,0,0,0
0,62222,41151,0,13521,34836,65239,0,1
0,36212,28611,0,18223,5726,56213,0,1
0,19124,61733,36945,38455,16423,0,0,0
0,9605,31511,54611,44252,276,54588,53620,0
0,0,30667,17939,20703,19278,22702,41705,0
0,0,0,32605,21418,9407,35064,29789,0
0,0,0,27246,16915,41285,36895,17873,0
0,0,0,44448,1353,27797,0,5957,0
0,0,0,5345,26800,58733,0,0,0
0,0,0,40378,35899,23884,0,0,0
0,0,54417,12976,41036,32095,40161,0,0
0,22358,46927,56415,1656,42873,0,0,0
0,7959,32087,14128,36212,29496,53375,0,0
0,0,0,21521,46662,33340,0,53620,0
0,0,0,33870,5049,30899,12863,41705,0
0,0,0,64755,37796,55869,55090,29789,0
0,0,0,26783,21820,55795,0,17873,0
0,0,64938,10346,49662,57962,0,5957,0
0,0,19192,65470,18725,11835,36166,0,0
0,0,0,9179,14479,21380,0,0,0
0,0,0,27114,37569,32119,13183,0,0
0,0,0,58580,15725,25829,13707,0,0
0,0,0,58516,10713,37107,0,0,0
0,0,0,25019,29579,15512,0,0,0
0,0,52484,17524,58229,5543,0,0,0
0,34196,54024,58345,13435,62566,0,53620,0
0,0,0,63256,33247,47390,0,41705,0
0,0,0,38844,14496,43165,0,29789,0
0,0,0,2318,43578,58267,0,17873,0
0,0,0,53087,35737,27804,0,5957,0
0,0,0,11977,33709,49075,0,0,0
0,0,0,7169,28403,30900,0,0,0
0,0,0,59652,62366,33997,5260,0,0
0,0,0,43918,29968,23150,42451,0,0
0,0,52607,64895,42075,25010,36121,0,0
0,64736,35941,40748,14455,8088,0,0,0
0,38998,24546,20954,60483,11605,0,53620,0
0,0,0,15914,34831,30387,47908,41705,0
0,0,0,61449,435,2537,52362,29789,0
0,0,0,43271,16527,23703,45702,5957,0
0,0,44190,49251,11983,30038,37160,0,0
0,0,22451,21770,4470,63009,15441,0,0
0,0,0,40576,30721,21322,0,0,0
0,0,57909,51736,4159,44379,0,0,0
0,4134,48304,2390,14528,61373,17805,0,0
0,21834,11317,28461,19602,34756,5869,0,0
0,36116,26156,40584,39839,1623,0,0,0
0,54644,16628,37211,681,11625,12269,53620,0
0,0,0,41215,9686,40346,61197,41705,0
0,0,0,64916,39305,21480,32161,29789,0
0,0,0,13054,24375,37150,28259,17873,0
0,0,0,20827,3896,45932,34947,5957,0
0,0,0,46086,35753,25940,0,0,0
0,0,0,50249,2011,51064,53687,0,0
0,0,0,36263,5384,36957,24382,0,0
0,0,0,15397,45911,60706,34110,0,0
0,0,0,29064,7641,55141,35208,0,0
0,0,55084,43944,1448,13736,1131,0,0
0,25228,23847,17621,45172,45000,64104,53620,0
0,62112,55119,4360,2301,1822,48519,41705,0
0,0,0,55524,50232,51300,0,29789,0
0,0,0,54087,38996,15366,65267,17873,0
0,0,0,56455,9126,44908,57093,5957,0
0,0,0,5512,50157,37382,24415,0,0
0,0,0,39787,33269,21182,17201,0,0
0,0,0,23285,48848,15951,0,0,0
0,0,0,47614,14207,25092,0,0,0
0,23866,29099,40518,57556,6178,0,0,0
0,0,0,48453,46914,17384,0,0,0
0,0,0,41123,1954,60855,0,0,0
0,0,0,30251,229,24214,41623,53620,0
0,0,0,6847,44039,55359,0,41705,0
0,0,0,41012,10877,42248,41280,29789,0
0,0,0,60522,57599,7327,14986,17873,0
0,0,0,62203,32997,27785,0,5957,0
0,0,0,32090,24824,45190,0,0,0
0,0,0,21228,50506,59558,13647,0,0
0,0,0,61643,46804,65185,5777,0,0
0,0,0,17790,17528,8645,4520,0,0
0,42229,43643,443,2649,58751,15012,0,0
0,60806,60338,31566,57036,45966,31126,0,1
0,36548,31492,25795,6378,60196,0,0,1
0,1391,51178,55864,21431,64771,29925,53620,0
0,0,0,62103,20829,25814,863,41705,0
0,0,0,46617,65367,25432,55551,17873,0
0,0,0,63317,24454,48273,1742,5957,0
0,0,0,52438,15434,61570,0,0,0
0,0,0,21321,54537,17752,0,0,0
0,0,0,15661,58498,54846,14490,0,0
0,0,0,21201,53036,58533,0,0,0
0,0,0,42536,27366,7818,53184,0,0
0,0,0,33694,45781,9524,37466,0,0
0,0,0,41320,52039,45122,44541,0,0
0,0,0,10953,54902,23401,58390,53620,0
0,0,60632,44466,31977,48021,64544,41705,0
0,0,0,19279,44056,23671,0,29789,0
0,0,0,26377,55950,63088,49466,17873,0
0,0,0,57155,53665,42907,0,5957,0
0,0,0,43375,63188,8222,62570,0,0
0,0,0,52066,56660,48329,0,0,0
0,0,0,10044,4475,7103,50297,0,0
0,0,0,445,8367,28799,51340,0,0
0,0,40838,40293,16250,36054,10848,0,0
0,56682,58096,38524,12903,40157,6069,0,0
0,0,0,18334,31451,52403,0,0,0
0,0,0,36625,57314,22281,14758,53620,0
0,0,0,39352,48147,21598,56150,41705,0
0,0,0,36729,24542,29638,38339,29789,0
0,0,0,18362,63153,41178,52720,17873,0
0,0,0,22734,7135,42167,0,5957,0
0,0,0,65319,42651,18220,0,0,0
0,0,0,48697,14252,65297,0,0,0
0,0,0,2477,6902,13077,0,0,0
0,0,60364,32755,25432,39231,0,0,0
0,62511,845,50259,24559,15416,35810,0,0
0,28533,42843,48232,2255,17452,5915,0,0
0,0,0,49297,13428,7559,5742,0,0
0,0,0,46629,10656,47365,0,53620,0
0,0,0,56797,43735,26601,12164,41705,0
0,0,0,30674,20362,22805,9176,29789,0
0,0,0,52492,20565,22040,17026,17873,0
0,0,0,25368,33358,41939,12566,5957,0
0,0,0,30917,47808,11296,0,0,0
0,0,0,34720,37240,12038,26071,0,0
0,0,0,49054,34569,3823,28847,0,0
0,0,0,53920,47164,50223,21656,0,0
0,0,0,11307,12058,11769,1329,0,0
0,0,0,61267,16763,347,0,0,0
0,0,0,56062,17772,11124,60523,0,0
0,0,0,60591,57232,60551,11711,53620,0
0,0,0,10950,40825,36122,54204,41705,0
0,0,0,47427,61398,1282,0,29789,0
0,0,0,59038,16970,11339,0,17873,0
0,0,0,29397,14412,43020,28211,5957,0
0,0,0,22186,61656,10541,0,0,0
0,0,0,14652,8875,25534,9201,0,0
0,0,0,23807,4564,31794,0,0,0
0,46361,14075,26275,32415,64045,8883,0,0
0,120,7448,48522,9709,2588,40903,0,0
0,32373,2937,21014,48884,29333,0,0,0
0,41713,37366,25450,10692,6893,0,53620,0
0,54254,19724,44159,53455,815,0,41705,0
0,0,0,26615,27079,62853,31069,29789,0
0,0,0,20673,11661,36149,53954,17873,0
0,0,0,45836,23500,63450,61813,5957,0
0,0,0,7889,21656,50409,41442,0,0
0,0,0,29964,24333,64474,0,0,0
0,0,0,44877,31393,3403,21002,0,0
0,0,33048,49209,53098,26645,37126,0,0
0,12582,48398,8991,10063,57804,29313,0,0
0,15170,65287,45143,3123,30945,0,0,0
0,19755,45808,45403,37210,48673,44861,53620,0
0,10353,16957,17210,48918,33228,0,41705,0
0,34426,46511,54072,4414,53678,30856,29789,0
0,7113,10668,38735,63769,16458,0,5957,0
0,49771,59556,28942,31174,48561,14380,0,0
0,33928,53410,12735,19657,47711,17676,0,0
0,14202,49017,22500,51099,51691,0,0,0
0,27070,24945,23557,13464,62296,10609,0,0
0,39097,57,57335,35167,19963,0,0,0
0,0,16054,5514,32522,61794,26269,0,0
0,0,0,25439,520,5955,36642,0,0
0,0,0,20180,44200,48349,10674,53620,0
0,0,0,49231,19708,19710,32276,41705,0
0,0,0,14875,11262,31497,0,29789,0
0,0,0,22251,25405,24434,63854,17873,0
0,0,0,20348,27511,28746,0,5957,0
0,0,0,23684,11762,39033,11049,0,0
0,0,0,36462,44964,46543,52523,0,0
0,0,0,7147,10777,21044,0,0,0
0,0,0,52695,7664,42329,18732,0,0
0,0,0,57398,55021,28816,33886,0,0
0,0,0,37679,24735,53601,0,0,0
0,0,0,47058,14327,38489,61472,0,0
0,0,0,1681,25741,3061,14274,53620,0
0,0,0,961,30819,7073,34129,41705,0
0,0,0,24113,5556,47166,0,29789,0
0,0,0,16923,54324,55969,0,17873,0
0,0,0,26586,59379,53578,0,5957,0
0,0,0,35244,43400,38344,36089,0,0
0,0,0,59023,3772,13536,37951,0,0
0,0,0,40212,52166,31786,36332,0,0
0,0,0,10277,7785,10995,0,0,0
0,0,0,8351,18858,23769,54384,0,0
0,0,0,57023,33121,51881,0,0,0
0,0,0,21035,50427,39973,35610,53620,0
0,0,0,4019,56112,42946,0,41705,0
0,0,0,52057,38065,31042,6401,29789,0
0,0,47009,51246,18644,39597,8097,17873,0
0,0,14637,54023,3887,15003,0,5957,0
0,0,5475,51833,3796,29386,0,0,0
0,0,62256,59436,28979,29946,27181,0,0
0,0,41775,12891,27082,45414,0,0,0
0,0,21923,45154,22447,29491,14253,0,0
0,0,45652,59123,26308,46862,0,0,0
0,0,32080,27393,20073,17965,0,0,0
0,0,61541,48294,18456,7477,0,0,0
0,0,57051,23597,40974,24937,0,53620,0
0,0,0,20653,29552,37699,11917,41705,0
0,0,0,11339,50925,31684,42746,29789,0
0,0,0,60178,45080,15163,35387,17873,0
0,0,0,55155,3519,39216,39790,5957,0
0,0,0,21330,50667,42777,0,0,0
0,0,0,55939,10759,32511,52622,0,0
0,0,0,46904,59547,20278,42199,0,0
0,0,0,59010,39182,56437,0,0,0
0,24324,2178,27852,44816,29486,28886,0,0
0,27754,888,60039,22222,2405,35542,0,1
0,0,0,44203,48250,877,0,0,0
0,0,0,50499,15089,7383,34413,53620,0
0,0,0,8251,53178,27737,19927,41705,0
0,0,0,60422,61135,32897,35447,29789,0
0,0,0,32070,60055,44744,0,17873,0
0,0,0,58032,60557,5081,6107,5957,0
0,0,0,49050,38850,23879,19565,0,0
0,0,0,33797,57702,11825,43478,0,0
0,0,0,50433,50515,52714,34677,0,0
0,0,7135,37303,60482,13745,32073,0,0
0,2157,2090,18951,22056,58456,3287,0,0
0,51597,53696,59479,35966,51274,0,0,0
0,0,62360,65509,54023,57453,0,53620,0
0,0,0,22230,28453,46288,49467,41705,0
0,0,0,21570,29394,54279,54371,29789,0
0,0,0,5884,30642,29421,58012,17873,0
0,0,0,6515,9303,12057,62685,5957,0
0,0,0,4871,45700,35431,0,0,0
0,0,0,57026,10416,40702,63722,0,0
0,0,0,16501,63526,52043,5932,0,0
0,0,55153,55579,63524,50778,19979,0,0
0,23215,34608,35615,14547,52108,2764,0,0
0,0,0,43402,13260,46047,0,53620,0
0,0,0,56012,60989,20749,48062,41705,0
0,0,0,53560,4014,52475,0,29789,0
0,0,0,22823,42307,6820,9824,17873,0
0,0,0,33504,31540,56529,26139,5957,0
0,0,0,45336,41237,38896,19816,0,0
0,0,0,1840,30318,9208,0,0,0
0,0,0,19142,32150,35958,18841,0,0
0,0,0,52102,18671,35984,55345,0,0
0,0,21352,55519,29276,35201,53345,0,0
0,0,1532,46062,64986,57373,45691,0,0
0,0,5990,1431,13289,42036,5703,0,0
0,0,56930,5169,13291,20906,43654,53620,0
0,0,0,20562,55306,48313,53992,41705,0
0,0,0,23581,39099,13338,0,29789,0
0,0,0,5502,24360,55054,4352,17873,0
0,0,0,3646,34719,27348,458,5957,0
0,0,0,37396,50398,33050,38711,0,0
0,0,0,62908,34498,53666,0,0,0
0,0,0,40855,65453,45674,33090,0,0
0,0,0,55283,38885,44452,17924,0,0
0,0,8599,8378,31721,47053,33595,0,0
0,37447,19086,59912,4228,63015,62403,0,0
0,0,0,36806,6168,35243,0,0,0
0,0,0,47260,55322,2416,29391,53620,0
0,0,0,29575,63774,10229,63922,41705,0
0,0,0,57862,25305,7075,9809,29789,0
0,0,0,64702,59938,15000,0,17873,0
0,0,0,43996,31213,60670,25558,5957,0
0,0,0,20687,3096,61049,0,0,0
0,0,0,64505,50094,44011,7622,0,0
0,0,0,23299,59641,4634,54324,0,0
0,0,0,44650,6838,8215,36118,0,0
0,0,0,23653,60817,34472,54486,0,0
0,0,0,14639,50668,43970,33734,0,0
0,11330,15515,14720,20922,31966,52132,0,0
0,0,0,57254,58461,38467,0,53620,0
0,0,0,45295,27576,32370,0,41705,0
0,0,0,21609,41679,1244,0,29789,0
0,0,0,18085,32336,36782,0,17873,0
0,0,0,56755,56187,12072,7124,5957,0
0,0,0,23983,5631,51356,0,0,0
0,0,0,2704,3546,28326,43022,0,0
0,0,0,11477,65134,53161,0,0,0
0,0,0,40766,39941,1090,29298,0,0
0,0,0,12817,31939,11548,0,0,0
0,47320,39296,13511,13868,24423,4391,0,0
0,0,0,7851,41094,29741,5466,0,0
0,0,0,24343,38898,59481,0,53620,0
0,0,0,13438,30572,19179,0,41705,0
0,0,0,12568,50623,18351,0,29789,0
0,0,0,58918,19145,11701,0,17873,0
0,0,0,21107,39391,63833,0,5957,0
0,0,0,49039,19733,16243,47776,0,0
0,0,0,16894,10411,10736,24746,0,0
0,0,0,5271,52328,54098,0,0,0
0,0,0,7284,46480,2447,22312,0,0
0,0,0,5701,24508,41387,0,0,0
0,0,0,49956,52454,28907,45221,0,0
0,0,0,51292,30689,24058,40834,0,0
0,0,0,23232,19952,50528,11078,53620,0
0,0,0,60352,14099,63980,0,41705,0
0,0,0,38180,63543,39026,28119,17873,0
0,0,0,19395,64591,20064,0,5957,0
0,0,0,12589,21638,15659,0,0,0
0,0,0,35570,49458,35249,16309,0,0
0,0,0,21674,38630,57642,65085,0,0
0,0,0,17697,1568,22596,50415,0,0
0,35278,65299,38920,55638,8202,0,0,0
0,60780,15987,53737,45131,28939,41497,0,0
0,3940,9450,56203,26791,45061,0,0,0
0,0,0,10346,13213,4733,195,53620,0
0,0,0,1443,21647,48863,16282,41705,0
0,0,0,24009,54315,57617,29433,29789,0
0,0,0,40154,13828,30676,42126,17873,0
0,0,0,31065,41525,16743,45817,5957,0
0,0,0,50441,48431,33136,24702,0,0
0,0,0,21288,20752,16502,0,0,0
0,0,0,65402,51756,45296,0,0,0
0,0,0,29815,10963,17500,22482,0,0
0,0,0,60688,40488,26119,48848,0,0
0,0,52133,22565,3812,7783,52491,0,0
0,27454,31041,48244,43998,34625,10756,0,0
0,0,2749,9547,50627,34881,0,53620,0
0,0,0,49321,59207,21519,7993,41705,0
0,0,0,36575,36227,36598,25456,29789,0
0,0,0,33882,23162,10317,56983,17873,0
0,0,0,12594,5425,56454,26693,5957,0
0,0,0,40035,32201,28579,0,0,0
0,0,0,7332,61462,52426,0,0,0
0,0,0,18442,35654,28985,0,0,0
0,0,0,16289,45113,64702,0,0,0
0,0,0,12315,23438,12946,38303,0,0
0,0,0,28445,1536,33572,0,0,0
0,0,0,58294,38709,40797,25428,0,0
0,0,0,46321,50516,38137,0,53620,0
0,0,0,43576,2709,5776,30916,41705,0
0,0,0,32528,14889,33649,0,29789,0
0,0,0,43406,26135,50574,33574,17873,0
0,0,0,12110,47336,55964,41232,5957,0
0,0,0,23112,46589,42917,36751,0,0
0,0,0,39933,35520,55243,15555,0,0
0,0,0,15366,25535,11586,20189,0,0
0,0,0,53771,12273,46703,0,0,0
0,0,0,50643,31354,50920,40010,0,0
0,0,0,32607,64249,14906,0,0,0
0,0,0,44446,48772,24659,4504,0,0
0,0,0,48482,20125,3182,18616,53620,0
0,0,0,10697,20170,36761,9446,41705,0
0,0,0,58190,35069,52244,0,29789,0
0,0,0,45816,49420,55193,0,17873,0
0,0,0,17213,10980,42276,53007,5957,0
0,0,52121,42985,34332,14664,26408,0,0
0,0,62291,25244,31164,31083,19243,0,0
0,0,24178,44327,57421,27107,0,0,0
0,0,0,46602,32205,46866,978,0,0
0,0,0,7033,40223,43158,0,0,0
0,0,51712,5079,50209,52039,49460,0,0
0,0,2898,58935,28962,20614,0,0,0
0,0,0,28414,33386,2044,0,53620,0
0,0,0,11100,648,44921,0,41705,0
0,0,0,64643,49153,43112,38976,29789,0
0,0,0,61817,27118,644,0,17873,0
0,0,0,16708,61427,4558,0,5957,0
0,0,0,24833,28826,19876,0,0,0
0,0,0,46345,10060,40916,0,0,0
0,0,0,44681,20546,61306,0,0,0
0,0,0,44736,36385,250,20193,0,0
0,64048,41867,28418,45723,39213,33178,0,0
0,44625,49590,32944,61615,30581,2934,0,0
0,13414,51069,59087,10900,7715,0,0,0
0,35920,2059,58042,65402,12489,0,53620,0
0,0,0,18092,14242,33995,63973,41705,0
0,0,0,38714,48592,12270,28456,29789,0
0,0,0,23612,61561,30982,34184,17873,0
0,0,0,32444,21542,62851,33958,5957,0
0,0,0,46742,54551,50776,0,0,0
0,0,0,21131,30098,3050,20265,0,0
0,0,33694,60060,32128,5533,6698,0,0
0,0,50645,13188,14446,64724,9599,0,0
0,0,0,3832,61756,41943,14466,0,0
0,0,0,30405,59071,38000,39794,0,0
0,0,0,7314,48259,23651,0,53620,0
0,0,0,64287,1879,42017,30870,41705,0
0,0,0,10793,2993,30294,33196,29789,0
0,0,0,62312,2313,41244,30703,17873,0
0,0,0,34490,45678,16974,0,5957,0
0,0,0,31150,56537,45170,41428,0,0
0,0,0,43932,21042,64457,46845,0,0
0,0,0,17806,18884,55238,6564,0,0
0,0,0,29289,21970,26061,39698,0,0
0,0,0,20895,56020,15391,54405,0,0
0,0,0,38104,51762,56183,28257,0,0
0,0,0,15013,60227,15380,0,53620,0
0,0,0,35775,13005,28510,13200,41705,0
0,0,0,8315,42140,64427,46219,29789,0
0,0,0,59591,26270,59995,0,17873,0
0,0,0,58420,60289,10645,18647,5957,0
0,0,0,43962,58439,50674,0,0,0
0,0,0,35998,64996,57803,6478,0,0
0,0,0,34210,43947,4498,25459,0,0
0,0,0,56829,56431,23213,62467,0,0
0,0,0,24710,56780,46413,52734,0,0
0,4352,0,13716,47572,495,27203,0,0
0,0,0,53926,22755,23082,24641,0,0
0,0,0,16033,27322,47786,0,53620,0
0,0,0,63553,49460,43206,18219,41705,0
0,0,0,7354,42930,63560,0,29789,0
0,0,0,49028,7370,9650,0,17873,0
0,0,0,38718,29540,42145,0,5957,0
0,0,0,47823,36307,19447,32955,0,0
0,0,0,62108,60280,52474,57114,0,0
0,0,0,18769,44085,35501,18147,0,0
0,0,0,27328,3458,8083,61,0,0
0,18252,55778,64444,3918,11592,4362,0,0
0,0,19888,3296,63767,45884,0,0,0
0,0,9682,62584,47748,64127,52328,53620,0
0,0,1810,37806,4398,5456,9106,41705,0
0,0,48234,22438,45514,14730,0,29789,0
0,0,0,60861,10831,40878,57247,17873,0
0,0,0,13648,48830,43901,0,5957,0
0,0,0,54163,9785,59981,27193,0,0
0,0,0,18134,30366,49198,0,0,0
0,0,0,6222,47655,15861,0,0,0
0,0,0,35072,8549,44150,20269,0,0
0,13917,34121,21653,33366,10870,10344,0,0
0,38125,57577,25119,3895,65473,0,0,0
0,60022,51293,791,17931,30937,54385,0,0
0,50104,15618,39558,10356,48048,0,53620,0
0,0,49531,63985,430,55499,0,41705,0
0,0,0,64904,21380,845,22847,29789,0
0,0,0,42160,51312,12525,23217,17873,0
0,0,0,4102,63747,38688,47601,5957,0
0,0,0,64272,18575,50384,37609,0,0
0,0,0,44663,22535,475,12521,0,0
0,0,0,61138,44302,35291,5097,0,0
0,0,45758,51084,13465,45582,20045,0,0
0,1079,61236,32929,410,30068,62818,0,0
0,34831,10605,38934,38193,52243,51666,0,0
0,52421,21192,7955,54285,18720,0,0,0
0,32577,28638,13997,64465,10144,0,53620,0
0,14482,24615,58678,54655,61795,0,41705,0
0,31550,57358,0,5738,64505,19659,29789,0
0,59791,34901,0,22651,45887,13263,17873,1
0,38374,53876,0,44738,12572,58395,0,1
0,270,47675,52397,42277,25895,33231,0,0
0,21757,7128,40897,64628,55942,0,0,0
0,4673,63320,0,30689,25454,44330,0,1
0,51613,29479,44882,64895,59804,0,0,0
0,25936,16397,46077,42472,64178,0,0,0
0,62541,59766,13111,56716,53539,0,53620,0
0,4681,41538,63752,41592,62162,0,41705,0
0,25142,10413,0,50748,15687,9028,29789,0
0,25545,26198,0,39730,63957,64358,17873,1
0,8119,3394,0,25434,65378,0,5957,1
0,47346,3362,0,59726,13863,47194,0,1
0,46519,64102,0,15321,25774,0,0,1
0,1223,62798,0,253,15224,58944,0,1
0,63381,33134,0,46584,30287,0,0,1
0,56474,5016,40460,24996,13003,44346,0,1
0,7288,11077,44096,32271,53169,62300,0,0
0,43476,50139,42290,56462,27465,1610,53620,0
0,20566,52903,63442,39611,52855,26198,41705,0
0,0,0,37498,11187,24276,22434,29789,0
0,0,0,21054,61386,56642,12878,17873,0
0,0,0,203,25828,17665,64820,5957,0
0,0,0,22733,7477,9908,42939,0,0
0,0,0,9720,18451,48608,0,0,0
0,0,0,40304,33554,58505,38488,0,0
0,0,0,50795,46861,42697,52360,0,0
0,0,34751,51837,4073,40494,62046,0,0
0,0,25101,42112,28539,48285,0,0,0
0,0,0,30184,56274,8080,16294,53620,0
0,0,0,10365,60499,34994,51715,41705,0
0,0,0,8654,30298,58829,134,29789,0
0,0,0,47531,31060,3518,18078,17873,0
0,0,0,56395,43947,25662,56046,5957,0
0,0,0,25804,57147,13759,0,0,0
0,0,0,40225,4745,52914,0,0,0
0,0,0,7800,19972,39791,24840,0,0
0,0,0,32878,22890,39215,0,0,0
0,0,0,25411,40633,58708,13351,0,0
0,0,0,33930,10629,33168,0,0,0
0,0,0,27660,43753,55317,21361,0,0
0,0,0,57366,54212,10108,39893,53620,0
0,0,0,42558,40724,32935,50430,41705,0
0,0,0,25377,25445,37919,40210,29789,0
0,0,0,41553,55543,8692,65469,17873,0
0,0,0,56257,34035,12517,0,5957,0
0,0,0,3484,54867,43383,0,0,0
0,0,0,54813,63256,3922,31281,0,0
0,0,0,59444,20134,65376,49211,0,0
0,0,0,2461,49978,1039,31370,0,0
0,0,0,46910,62140,61435,60168,0,0
0,0,56804,14270,18838,63883,54289,0,0
0,18394,48572,62623,42953,9421,8523,0,0
0,2930,55059,55499,31748,47644,47935,53620,0
0,22764,59271,49233,27498,13860,0,41705,0
0,0,20748,63312,7025,37260,32746,29789,0
0,0,0,63793,46956,39642,64142,17873,0
0,0,0,6475,49332,3005,7341,5957,0
0,0,0,50865,56253,41392,62310,0,0
0,0,0,9016,36389,18356,27310,0,0
0,0,0,10238,28680,49718,31935,0,0
0,0,0,44978,37402,61825,0,0,0
0,0,61753,30568,32404,49105,0,0,0
0,38209,27329,64273,20110,36509,48696,0,0
0,26182,27385,27815,62289,16954,11059,0,0
0,0,51699,57011,26735,55913,0,53620,0
0,0,53343,22033,53640,28388,50679,41705,0
0,0,30267,28126,21139,64563,29245,29789,0
0,0,10286,41062,1979,37371,0,17873,0
0,0,58875,14416,10690,9624,0,5957,0
0,0,956,12330,36984,12103,32618,0,0
0,0,28151,47448,9893,61871,19963,0,0
0,0,13424,14525,3218,9450,0,0,0
0,0,0,3608,40557,60982,58610,0,0
0,0,0,4794,28850,47461,43386,0,0
0,0,0,24750,13389,47260,51796,0,0
0,0,0,59261,32767,58003,58882,53620,0
0,0,0,13508,51064,39125,0,41705,0
0,0,0,18334,20987,32835,25015,29789,0
0,0,0,64415,59031,40370,0,17873,0
0,0,0,56898,5027,63793,0,5957,0
0,0,0,39632,19506,29414,29514,0,0
0,0,11343,62062,62641,44417,0,0,0
0,49916,20497,12451,64757,24543,46685,0,0
0,56590,47003,0,25462,39534,0,0,1
0,61462,3531,0,7993,25696,7702,0,1
0,9284,48085,0,15970,22403,2981,53620,1
0,38550,46043,32832,28525,35775,0,41705,0
0,0,0,61436,34399,22201,59491,29789,0
0,0,0,27364,5832,24057,20418,17873,0
0,0,0,42704,60771,31326,38554,5957,0
0,0,0,35355,36815,7320,0,0,0
0,0,0,43777,1871,61012,0,0,0
0,0,0,56936,14850,13502,0,0,0
0,0,0,28581,36149,41548,3237,0,0
0,0,0,26692,4044,52796,56109,0,0
0,0,0,11749,22652,52576,0,0,0
0,0,0,1810,64017,44689,0,0,0
0,0,0,16890,26077,1773,0,53620,0
0,0,0,32779,43275,10336,0,41705,0
0,0,0,50832,50436,11171,31965,29789,0
0,0,0,17378,42689,32409,0,17873,0
0,0,0,27234,21125,48846,4715,5957,0
0,0,0,64494,59199,23498,0,0,0
0,0,0,29538,63179,17564,29713,0,0
0,0,0,7476,63961,64810,0,0,0
0,0,0,61215,10036,55746,0,0,0
0,0,0,20383,44890,6646,49416,0,0
0,0,0,11866,22056,51404,0,0,0
0,0,0,22727,58351,16598,40258,0,0
0,0,0,29133,61819,49826,11010,53620,0
0,1976,0,36315,40553,57846,21045,41705,0
0,0,0,52381,24018,23283,0,29789,0
0,0,0,14487,32462,59599,28011,17873,0
0,0,0,1353,50701,38963,35780,5957,0
0,0,0,63523,36613,31303,0,0,0
0,0,0,40757,61998,28435,0,0,0
0,0,0,6148,51809,7394,0,0,0
0,0,0,4434,34389,44747,35421,0,0
0,0,0,8279,5125,35845,26113,0,0
0,48939,7515,17725,15245,19057,28304,0,0
0,0,63554,22670,40630,15509,0,0,0
0,0,4790,40316,50838,5971,57966,53620,0
0,0,0,42443,9280,35798,2266,41705,0
0,0,0,6489,62787,62142,35233,29789,0
0,0,0,59627,21444,4966,0,17873,0
0,0,0,33039,40195,11658,0,5957,0
0,0,0,22016,26304,21051,0,0,0
0,0,0,47790,13391,19562,13397,0,0
0,0,0,35222,54954,40514,0,0,0
0,0,64663,10758,58983,57526,0,0,0
0,5190,1542,3282,5733,30255,1035,0,0
0,39598,46953,40027,31338,7590,41661,0,0
0,62943,6500,19847,64346,49823,0,0,0
0,0,0,16571,39246,25444,58189,41705,0
0,0,0,53615,39717,40164,56334,29789,0
0,0,0,65357,38601,39326,0,17873,0
0,0,0,47283,21514,63656,0,5957,0
0,0,0,3704,41658,28984,0,0,0
0,0,0,24543,13805,2607,47180,0,0
0,0,0,59205,48650,26902,45784,0,0
0,0,0,17906,48290,59346,0,0,0
0,0,0,19133,19728,5221,2646,0,0
0,0,0,38154,9973,38387,0,0,0
0,0,0,34692,61511,41118,9160,0,0
0,0,0,4264,7446,45596,6331,53620,0
0,0,0,64467,59495,65189,39314,41705,0
0,0,0,58785,50115,41470,0,29789,0
0,0,0,34996,9065,14415,42675,17873,0
0,0,0,45071,25255,15023,0,5957,0
0,0,0,28664,3626,44251,0,0,0
0,0,0,3531,39182,56928,17591,0,0
0,0,0,59999,31327,5418,0,0,0
0,0,0,37498,38689,8537,0,0,0
0,0,0,33970,36553,57473,64995,0,0
0,0,0,38502,7510,45614,13076,0,0
0,0,0,734,63664,57885,0,0,0
0,0,0,22635,57732,36226,40801,53620,0
0,0,0,61344,144,32709,29032,41705,0
0,0,0,17865,18104,45612,0,29789,0
0,0,0,11031,6176,10362,43009,17873,0
0,0,0,55767,32740,50886,0,5957,0
0,0,0,29807,35006,3412,41474,0,0
0,0,0,31179,19948,25653,0,0,0
0,0,0,31674,17199,18325,25954,0,0
0,0,0,49513,60953,10017,0,0,0
0,30571,56415,63271,3131,49467,26799,0,0
0,17401,26777,50022,58901,24319,46677,0,0
0,0,0,52312,20875,33790,12667,0,0
0,0,0,13336,60692,24497,13626,53620,0
0,0,0,41533,880,7788,0,41705,0
0,0,0,27019,56060,34070,49440,29789,0
0,0,9961,28145,30640,4435,63899,17873,0
0,0,0,46567,21950,55274,0,5957,0
0,0,0,30795,13535,18229,16970,0,0
0,0,0,44405,40052,10236,0,0,0
0,0,0,47111,60630,14759,0,0,0
0,0,0,57227,9367,13441,11529,0,0
0,0,0,24535,64399,60972,62300,0,0
0,0,0,64241,6188,28223,30138,0,0
0,0,8100,14619,54652,27796,0,0,0
0,0,0,6136,31262,12907,1887,53620,0
0,0,0,2490,7521,1468,9443,41705,0
0,0,0,50314,58326,50577,12466,29789,0
0,0,0,63482,57898,26411,28695,17873,0
0,0,0,13019,5837,53498,0,5957,0
0,0,0,37011,43785,13888,0,0,0
0,0,0,25020,49391,44482,39152,0,0
0,0,0,51217,33261,11188,0,0,0
0,0,26421,20609,47804,24348,0,0,0
0,0,62150,25931,4468,52055,0,0,0
0,0,0,2829,64629,37322,0,0,0
0,0,0,58105,3259,24225,60101,53620,0
0,0,0,40934,61620,36451,0,41705,0
0,0,0,18187,2011,38878,2764,29789,0
0,0,0,10286,58706,36179,0,17873,0
0,0,0,40994,326,19115,10999,5957,0
0,0,0,3381,46372,45645,64198,0,0
0,0,0,59177,9145,18069,0,0,0
0,0,0,33643,32473,64722,0,0,0
0,0,0,37683,31618,10054,0,0,0
0,0,43620,40727,63059,33347,0,0,0
0,38874,24459,41483,18863,38214,24288,0,0
0,60858,31318,49152,7032,20863,30799,0,0
0,53842,11513,40123,6208,52384,0,53620,0
0,12111,46902,17311,59396,39315,8469,41705,0
0,22754,21424,5247,29531,48851,64984,29789,0
0,10385,4343,45632,57656,21326,11244,17873,0
0,6324,25303,29707,19732,18655,0,5957,0
0,51354,13766,2584,3943,21628,63635,0,0
0,10402,365,43697,41906,18704,0,0,0
0,2738,37833,64982,10546,49829,0,0,0
0,22030,46140,28363,49774,4748,0,0,0
0,55465,26643,29617,51636,24118,23845,0,0
0,62098,29381,33816,14540,22080,0,0,0
0,56745,40317,37019,23445,32225,39878,0,0
0,0,0,10916,63313,36525,19596,53620,0
0,0,0,64442,32089,43472,54079,41705,0
0,0,0,53476,43365,41822,43415,29789,0
0,0,0,40134,56342,36816,59249,17873,0
0,0,0,30361,21619,11524,57580,5957,0
0,0,0,34973,4389,47706,27059,0,0
0,0,0,15982,29017,19365,0,0,0
0,0,0,52812,53933,26310,4540,0,0
0,0,0,60834,64066,27123,37871,0,0
0,0,0,43767,33253,47036,0,0,0
0,0,0,21131,2867,57515,0,0,0
0,0,0,46024,27178,43024,64344,0,0
0,0,0,5627,6920,15858,50606,53620,0
0,0,0,16899,44634,41723,12839,41705,0
0,0,0,53966,50632,15125,48704,17873,0
0,0,0,48247,1652,10522,25269,0,0
0,0,0,2240,28022,32930,53895,0,0
0,0,7648,40450,12837,9018,0,0,0
0,40988,42362,8571,21076,37692,0,0,0
0,36727,38478,12327,35921,56422,0,0,0
0,42556,3998,32070,34478,3916,0,0,0
0,54861,54037,61768,42324,62599,0,53620,0
0,0,0,38851,13035,6529,51351,17873,0
0,0,20448,1649,3187,41632,0,5957,0
0,0,0,40518,64321,40670,0,0,0
0,0,0,1781,18840,43690,30296,0,0
0,0,11204,30204,18147,53749,0,0,0
0,0,14056,41637,20688,13227,7719,0,0
0,0,59900,37411,29502,17176,0,0,0
0,0,64144,11324,32885,28305,0,0,0
0,0,0,38311,13384,65083,0,0,0
0,0,0,41877,7715,56397,14859,53620,0
0,0,0,43235,12367,25263,11544,41705,0
0,0,0,18349,19614,654,41276,29789,0
0,0,0,10252,35629,37656,16139,17873,0
0,0,0,15650,19138,33896,45653,5957,0
0,0,0,42533,22296,41302,43175,0,0
0,0,0,20497,55893,29520,32434,0,0
0,0,19925,59272,47915,40715,19674,0,0
0,0,57933,2113,36162,61978,53905,0,0
0,25902,49631,58168,46008,24410,37089,0,0
0,15689,17766,53034,25848,53114,0,0,0
0,17523,56737,65526,38171,4441,8056,0,0
0,35746,8648,24467,11593,252,0,53620,0
0,0,0,36802,57027,58938,0,41705,0
0,0,0,41937,7686,39383,9565,29789,0
0,0,0,9265,63974,6838,28787,17873,0
0,0,0,14858,65070,18371,30173,5957,0
0,0,0,47902,57455,59217,22474,0,0
0,0,0,52465,37875,38475,0,0,0
0,0,8512,36836,45538,5712,41202,0,0
0,1168,27888,65198,44499,18236,43013,0,0
0,52501,52592,31816,15946,9816,22345,0,0
0,61944,36771,55026,41145,16773,0,0,1
0,24610,60458,57019,56274,13470,62837,53620,1
0,0,0,46034,47405,7971,22596,41705,0
0,0,0,37548,28379,39650,58611,29789,0
0,0,0,26831,41289,7852,0,17873,0
0,0,0,26304,4992,3113,40058,5957,0
0,0,0,53296,58286,41956,0,0,0
0,0,0,31056,14905,46901,27332,0,0
0,0,33927,15441,59721,18755,0,0,0
0,31535,41790,57462,18493,10927,30349,0,0
0,19323,20826,35593,26716,38360,3801,0,1
0,43937,49497,0,62841,12011,805,0,1
0,49099,50175,56790,45528,34150,0,0,1
0,53008,39901,34002,61776,9959,3586,53620,0
0,21136,58386,17247,36710,52296,2797,41705,0
0,0,0,63750,42562,37467,2631,29789,0
0,0,0,8600,47956,45020,61233,17873,0
0,0,0,16309,31736,19865,59633,5957,0
0,0,0,14965,13772,55661,61969,0,0
0,0,0,42352,64320,40476,13700,0,0
0,0,0,20870,41054,56268,29719,0,0
0,0,0,58669,38967,55262,0,0,0
0,24672,17256,46140,22177,31123,7690,0,0
0,0,0,10053,33177,31000,0,0,0
0,0,0,4844,43921,15355,47827,53620,0
0,0,0,51765,39343,37115,64001,41705,0
0,0,0,43850,23075,42437,26111,29789,0
0,0,0,11792,42370,6706,10453,17873,0
0,0,0,3728,34395,8493,20505,5957,0
0,0,0,12176,23803,53575,0,0,0
0,0,0,36776,23151,35792,0,0,0
0,0,0,18163,50539,37733,42044,0,0
0,0,0,39577,27121,51383,2523,0,0
0,0,62374,59152,37338,53624,56676,0,0
0,0,0,64017,17936,40198,0,0,0
0,0,0,56392,16576,854,28,0,0
0,0,0,33941,43444,50097,54287,53620,0
0,0,0,29596,23721,37971,11485,41705,0
0,0,0,22849,18320,36815,0,17873,0
0,0,0,5955,15422,46383,0,5957,0
0,0,0,28797,7050,31052,17975,0,0
0,0,0,53760,5371,36271,0,0,0
0,0,0,10440,9841,19947,9200,0,0
0,0,0,23437,22383,43230,17378,0,0
0,0,0,50338,38973,8732,44370,0,0
0,0,0,36774,15421,63937,50729,0,0
0,0,0,25777,53800,54761,43390,0,0
0,0,0,46168,6670,13299,34459,53620,0
0,0,0,10075,12138,43702,8605,41705,0
0,0,0,26334,43668,25992,13208,29789,0
0,0,0,55728,42335,34210,49571,17873,0
0,0,0,26433,47722,14906,0,5957,0
0,0,0,29428,26238,7681,0,0,0
0,0,0,59421,19969,39575,0,0,0
0,0,0,5559,12648,1248,63169,0,0
0,0,0,34867,24321,57920,0,0,0
0,0,61147,12117,33866,54943,0,0,0
0,55906,64941,21408,49306,44996,60117,0,0
0,0,43257,31023,11683,49396,0,0,0
0,0,0,2823,40111,62431,31271,53620,0
0,0,0,21327,1184,60861,20569,41705,0
0,0,0,26590,30230,50076,55051,29789,0
0,0,0,51102,4316,40402,13004,17873,0
0,0,0,6107,38823,64870,41697,5957,0
0,0,0,59422,22140,1535,6508,0,0
0,0,55450,44345,40370,30778,37576,0,0
0,0,1888,34335,11501,47398,0,0,0
0,43446,49142,9858,12756,35833,20956,0,1
0,31449,56770,0,64490,2108,7277,0,1
0,34628,4223,0,23235,12977,0,0,1
0,29264,60496,46776,30657,49767,8784,53620,1
0,63288,28867,7767,15510,59747,25920,41705,0
0,2817,8964,0,30845,38532,23144,29789,0
0,41878,24220,0,51526,65022,57561,17873,1
0,50351,57797,0,28085,57833,47035,5957,1
0,65532,34180,0,18371,63945,0,0,1
0,21809,39383,0,5477,63903,3082,0,1
0,41118,37688,0,38518,40138,0,0,1
0,44989,53864,0,16550,22954,52561,0,1
0,40126,35019,0,22446,27473,21568,0,1
0,15450,5717,0,11057,10123,0,0,1
0,49717,35347,29370,57414,56065,9218,41705,0
0,61130,41308,0,264,17471,0,5957,1
0,38739,43375,0,24666,60017,54347,0,1
0,16359,22669,0,61793,22780,5299,0,1
0,56249,53994,0,42324,48895,33605,0,1
0,33880,51042,0,11073,29657,39313,0,1
0,6522,51627,0,31833,57393,22301,0,1
0,34056,26020,0,64318,60123,0,53620,1
0,57897,26636,0,64978,9525,38213,41705,1
0,38243,35205,0,61708,7100,29359,29789,1
0,20698,13303,0,44155,58357,0,17873,1
0,35152,56935,0,65405,34016,802,0,1
0,54323,62335,0,45881,45373,0,0,1
0,27677,10829,1257,42231,63043,46465,0,0
0,60368,7490,23606,23895,11721,4957,0,0
0,48640,64513,27585,47720,3837,59403,0,0
0,0,19417,57997,49585,6078,21650,53620,0
0,0,18984,35083,34047,25397,47335,41705,0
0,0,0,7675,29488,28801,46297,29789,0
0,0,0,10274,51382,39510,57709,17873,0
0,0,0,13598,27452,37472,60413,5957,0
0,0,0,31069,64281,37430,0,0,0
0,0,0,60306,33569,13397,34730,0,0
0,0,0,16971,24964,63878,65385,0,0
0,0,0,8246,5921,62781,63162,0,0
0,30396,12140,8417,1217,55803,36175,0,0
0,62281,12461,65428,60778,3930,6912,0,0
0,0,0,24967,64848,34291,0,41705,0
0,0,0,37863,25369,22706,49657,29789,0
0,0,0,20234,15215,8508,24523,17873,0
0,0,0,7640,46224,39918,4770,5957,0
0,0,0,47315,39167,40523,0,0,0
0,0,0,56448,46284,18433,2077,0,0
0,0,0,54018,28159,44219,0,0,0
0,0,0,41936,3083,48935,0,0,0
0,670,56202,57702,53816,18157,0,0,0
0,17660,4495,8893,33732,58020,26356,0,0
0,6785,58419,38775,64045,17914,23321,0,0
0,0,53478,46574,58317,62741,0,53620,0
0,60012,20748,15711,35505,28769,38410,41705,0
0,0,39116,25441,12130,173,0,29789,0
0,0,0,12897,28796,30827,14348,17873,0
0,0,0,56524,58545,50615,0,5957,0
0,0,0,60467,34137,13123,48207,0,0
0,0,0,33230,15474,8968,0,0,0
0,0,0,31482,39799,34953,0,0,0
0,0,0,43465,26659,53963,34673,0,0
0,0,41846,9448,4356,16361,0,0,0
0,0,46860,52436,3277,17718,28689,0,0
0,61573,55960,64659,63407,36750,0,0,0
0,0,56278,48100,51718,59033,0,53620,0
0,0,0,60027,51533,12957,52076,41705,0
0,0,0,15902,63940,6082,33764,29789,0
0,0,0,47711,45267,59038,48670,17873,0
0,0,0,15390,57073,26153,16153,5957,0
0,0,0,1838,50064,21007,5336,0,0
0,0,0,3015,1505,12008,0,0,0
0,0,0,15808,47964,56362,0,0,0
0,0,35541,24144,39213,57539,65373,0,0
0,61186,64912,0,56310,11843,31138,0,1
0,4482,33814,39205,48881,11964,0,0,0
0,64733,58832,40383,26195,52296,43255,53620,0
0,34303,58068,25691,31370,54978,23604,41705,0
0,0,0,40270,52640,18851,0,29789,0
0,0,0,55100,56985,27151,20754,17873,0
0,0,0,18690,11718,47867,6989,5957,0
0,0,0,22631,46042,41628,0,0,0
0,0,0,29746,3812,809,0,0,0
0,0,0,48586,27047,27347,973,0,0
0,0,0,62582,46417,959,21352,0,0
0,0,0,22260,62857,55576,46029,0,0
0,0,0,8125,42103,56830,22440,0,0
0,0,0,58170,58813,56153,3833,53620,0
0,0,28925,4437,31929,48530,63027,41705,0
0,0,29417,31764,10290,22576,555,29789,0
0,0,0,48264,2430,23741,0,17873,0
0,0,0,41608,34606,33198,18793,5957,0
0,0,0,17551,20380,52515,62696,0,0
0,0,0,46663,3967,3768,19027,0,0
0,0,0,30129,15927,13163,0,0,0
0,0,0,21534,24478,59210,59863,0,0
0,60617,19517,37878,43330,52606,39714,0,0
0,0,45186,5611,26798,17002,0,0,0
0,28541,1507,32292,37792,15569,6221,0,0
0,0,18870,25536,11411,4680,60256,53620,0
0,0,0,11111,18235,40310,31125,41705,0
0,0,0,7804,49403,28821,13844,29789,0
0,0,0,35528,44139,626,0,17873,0
0,0,0,21992,52861,45127,35071,5957,0
0,0,0,60267,17333,13646,14799,0,0
0,0,0,27865,2483,25220,50350,0,0
0,0,0,15587,45807,13780,0,0,0
0,0,0,11284,37762,59121,0,0,0
0,0,0,29728,41537,34659,0,0,0
0,7802,55559,3195,57635,12360,56328,0,0
0,0,0,53534,4427,50202,0,0,0
0,0,0,64218,16914,13444,0,53620,0
0,0,0,51424,23545,15484,28690,41705,0
0,0,0,16845,30269,19604,0,29789,0
0,0,0,3193,1394,18155,0,17873,0
0,0,0,3860,29897,61741,0,5957,0
0,0,0,52170,6071,8319,0,0,0
0,0,0,5935,32592,62377,61713,0,0
0,0,10842,29233,33262,12094,13128,0,0
0,34735,2649,58295,25599,59360,31464,0,0
0,9453,59745,25247,6339,415,4297,0,0
0,0,0,58557,46293,25609,0,0,0
0,0,25773,59440,37847,27606,56567,0,0
0,25914,11374,62695,11517,27877,14539,53620,0
0,0,0,23766,47314,17030,0,41705,0
0,0,0,51779,58483,44065,0,17873,0
0,0,0,32079,49381,59166,0,5957,0
0,0,0,29326,62417,11360,59290,0,0
0,0,0,15696,15537,14751,35216,0,0
0,0,0,16740,5238,10844,42631,0,0
0,0,0,10926,2397,18132,43876,0,0
0,0,0,29606,21617,52015,45055,0,0
0,35839,63922,43871,43427,49135,56063,0,0
0,21278,63579,58596,29167,15911,0,0,0
0,0,56629,35816,51712,42645,62089,53620,0
0,0,0,34246,2881,65245,23558,41705,0
0,0,0,46403,39486,38560,49953,29789,0
0,0,0,55063,23266,42291,0,17873,0
0,0,0,9002,58994,16984,29055,5957,0
0,0,0,43942,43168,31493,61032,0,0
0,0,0,57676,60350,34768,8393,0,0
0,0,0,64294,48429,31256,0,0,0
0,0,0,49537,17691,51475,0,0,0
0,0,8875,16785,62163,46204,9824,0,0
0,48298,36434,6646,58954,63569,42875,0,0
0,0,0,31236,38251,42,0,0,0
0,0,0,26078,28053,42650,60582,53620,0
0,0,10882,49868,24379,3613,46845,41705,0
0,0,41279,29608,45070,30702,21436,29789,0
0,0,0,14747,48833,59661,0,17873,0
0,0,0,38263,35331,55300,0,5957,0
0,6055,26051,35235,27268,63226,0,0,0
0,4736,60813,52701,40172,38083,38357,0,0
0,63034,22425,62998,31808,43072,0,0,0
0,30102,47449,21120,29398,9842,0,0,0
0,41301,12287,23211,53699,29736,46391,0,0
0,0,0,44926,1245,39021,47995,0,0
0,0,0,54340,6185,44416,0,0,0
0,0,0,42867,7924,10414,0,53620,0
0,0,0,20436,28208,47935,28584,41705,0
0,0,0,3376,53683,849,54111,29789,0
0,0,43232,22333,845,29464,860,17873,0
0,0,0,1034,40363,29894,0,5957,0
0,0,0,10916,47133,60917,35760,0,0
0,0,0,9235,10448,643,38299,0,0
0,31650,43581,8653,4759,13240,47657,0,0
0,47649,13866,33234,19774,64887,17715,0,0
0,0,31006,4767,62396,61560,0,0,0
0,0,0,64188,53074,57776,63776,0,0
0,0,0,12147,47379,19917,1905,53620,0
0,0,0,63570,1408,38343,0,41705,0
0,0,0,4447,60863,20965,0,29789,0
0,0,0,35579,65385,43189,19623,17873,0
0,0,0,41555,32762,33825,26326,5957,0
0,0,0,52540,59220,10448,0,0,0
0,0,0,56586,17960,63641,47236,0,0
0,0,0,2244,26752,43270,0,0,0
0,0,0,32738,54685,11499,0,0,0
0,0,10613,5320,24166,24916,48255,0,0
0,0,23056,49903,9252,14909,0,0,0
0,0,26729,26090,51901,31588,39662,53620,0
0,0,0,33197,24104,46503,20869,29789,0
0,37788,29257,58913,54755,37700,48503,17873,0
0,0,57442,35951,14835,19645,0,5957,0
0,0,61409,65276,25925,8268,50963,0,0
0,0,51836,46325,45272,27011,42267,0,0
0,39930,12560,45973,42615,53159,0,0,0
0,3194,22312,18993,5583,35622,3344,0,0
0,49198,16301,35047,54301,12828,2456,0,1
0,52281,48317,0,50391,46056,55730,0,1
0,46115,55766,0,37173,44715,35686,0,1
0,38327,55138,8574,41399,52508,0,53620,0
0,0,0,30174,45984,31821,7562,41705,0
0,0,0,30504,33065,22022,0,29789,0
0,0,0,12366,30876,54061,8437,17873,0
0,0,0,41385,1681,24473,60995,5957,0
0,0,0,21494,19970,23877,0,0,0
0,0,0,13410,46737,34823,0,0,0
0,0,0,46738,29203,5602,2023,0,0
0,0,0,12491,32210,38228,40717,0,0
0,0,0,417,56179,63724,0,0,0
0,0,0,12704,58457,55776,0,0,0
0,0,0,4945,41237,17252,29223,0,0
0,0,0,26937,49450,6403,33098,53620,0
0,0,0,4871,23892,53045,22739,41705,0
0,0,0,39837,25536,13460,15031,29789,0
0,0,0,15520,63671,42535,20286,17873,0
0,0,0,9840,10874,42755,22825,5957,0
0,0,0,49856,40976,32280,0,0,0
0,0,0,42378,51061,28218,51448,0,0
0,0,0,24758,25865,49887,39965,0,0
0,0,33707,12573,41743,65384,47835,0,0
0,0,6113,21808,10522,11955,0,0,0
0,64774,4396,46484,9289,9223,39482,0,0
0,0,63247,1611,8898,25087,0,0,0
0,0,0,56124,11072,19065,0,53620,0
0,0,0,4340,2564,15781,22129,41705,0
0,0,48491,24946,2654,28735,29575,29789,0
0,0,0,8906,5075,31088,18143,17873,0
0,0,0,10902,46631,22009,0,0,0
0,0,0,18843,35023,54414,55355,0,0
0,0,54503,6855,56200,3445,50175,0,0
0,59052,29908,23733,46783,49906,16017,0,0
0,9736,13453,60488,59749,50057,8867,0,0
0,25475,21645,53856,27302,49671,24389,0,0
0,0,0,1876,9159,44485,0,0,0
0,0,0,22112,57353,59305,57656,53620,0
0,0,18638,49457,28565,47166,13387,41705,0
0,0,0,17678,8227,13099,33984,29789,0
0,0,37634,48246,54447,60376,0,17873,0
0,0,62356,32118,46316,42759,55702,5957,0
0,0,0,18121,57578,57974,0,0,0
0,0,0,3400,18017,22029,0,0,0
0,0,0,54048,32767,14203,54274,0,0
0,24559,58817,49692,53784,61872,0,0,0
0,0,0,43341,21272,4880,3693,0,0
0,0,0,41593,42894,63532,52334,53620,0
0,0,0,56683,27015,19268,50679,41705,0
0,0,0,64371,12913,1346,28906,29789,0
0,0,0,53551,64530,21824,58397,17873,0
0,0,0,58704,33318,59137,58064,5957,0
0,0,0,53162,44297,2771,0,0,0
0,0,0,36615,59082,23693,4700,0,0
0,0,0,14922,2943,43585,38705,0,0
0,0,16336,27979,22914,14298,4762,0,0
0,47833,7703,4677,65290,54449,0,0,0
0,47845,10247,19721,37627,58308,9156,0,0
0,1588,9217,33697,163,34735,0,0,0
0,7544,3576,9425,21569,197,30435,53620,0
0,16928,40138,29683,10194,47425,756,41705,0
0,0,0,10101,255,34686,59846,29789,0
0,0,0,55691,58716,19086,7541,17873,0
0,0,0,37242,12178,250,53478,5957,0
0,0,0,20188,10063,63188,0,0,0
0,0,0,8760,26876,55696,0,0,0
0,0,0,17501,37291,24331,0,0,0
0,0,0,43962,6115,30034,22290,0,0
0,0,15199,35678,12922,63218,5412,0,0
0,0,12267,6940,38307,7291,61613,0,0
0,0,57965,10159,19111,26755,40872,53620,0
0,24322,24816,30510,20482,61381,51611,41705,0
0,0,1621,18229,65309,34888,52148,29789,0
0,9354,28131,64260,21838,19887,53548,17873,0
0,27390,5869,55176,43501,50776,39790,5957,0
0,25706,15355,50601,12822,31780,0,0,0
0,7155,44073,29462,50106,45592,0,0,0
0,40675,43734,30077,60393,32291,41740,0,0
0,64436,36850,53660,17511,14499,48749,0,0
0,0,0,31405,10197,44431,46329,0,0
0,0,4701,3369,61467,60766,28634,0,0
0,0,0,24744,37252,24722,0,0,0
0,0,0,4786,36384,28886,62490,53620,0
0,0,0,44704,28636,31699,0,41705,0
0,0,0,51685,57367,39289,0,29789,0
0,0,11503,43645,45808,58457,41605,17873,0
0,0,8399,26720,35208,47834,0,5957,0
0,2217,1226,57042,23507,7583,43826,0,0
0,36929,15173,3779,47466,34134,0,0,0
0,32558,8822,35428,55904,59456,0,0,0
0,0,50059,11333,35085,23867,0,0,0
0,48701,5110,17041,14547,36524,7076,0,0
0,6027,24246,25944,29916,3587,26256,0,0
0,0,0,38352,19784,42851,0,0,0
0,20703,5330,7141,36179,59972,0,53620,0
0,0,0,28927,12253,6046,43769,41705,0
0,0,0,12288,12713,12583,53972,29789,0
0,0,0,22926,23402,27509,0,17873,0
0,0,0,11632,15537,18224,22782,5957,0
0,0,0,37775,7445,61658,0,0,0
0,0,0,13444,42024,9928,0,0,0
0,0,0,12645,52745,58507,0,0,0
0,36293,43135,11867,8202,24839,15198,0,0
0,34741,27133,48773,4314,52021,6956,0,1
0,25221,30748,10132,36230,42455,0,0,0
0,0,0,30831,50148,42223,20886,53620,0
0,0,0,18806,1581,20102,44983,29789,0
0,0,0,15095,60227,38505,19901,17873,0
0,0,0,60811,13953,43317,40209,5957,0
0,0,0,31491,25504,130,47979,0,0
0,0,0,29183,18034,401,0,0,0
0,0,0,48409,44527,29852,37075,0,0
0,0,0,41957,15880,55472,45318,0,0
0,0,0,2272,37933,61455,0,0,0
0,0,0,10467,44640,32279,41940,0,0
0,0,0,62997,63220,19057,33718,53620,0
0,0,0,43392,55134,44076,62840,41705,0
0,0,51003,65512,31134,6469,41836,29789,0
0,0,0,14290,28385,15695,36866,17873,0
0,0,0,14328,46912,46796,28081,5957,0
0,0,0,45016,26834,54436,13114,0,0
0,0,0,14291,56407,51915,48010,0,0
0,0,0,16505,59845,33221,0,0,0
0,0,37238,46947,207,16877,45901,0,0
0,52163,42620,42589,11784,1712,16811,0,0
0,0,56185,23263,28063,146,0,0,0
0,0,0,54047,25938,29727,18931,0,0
0,0,0,29047,62361,58339,23496,41705,0
0,0,0,9577,39439,524,0,29789,0
0,0,0,46075,57133,23871,18838,17873,0
0,0,0,55091,5166,27570,0,5957,0
0,0,0,22810,21562,41412,52121,0,0
0,0,30514,18676,41959,35702,30469,0,0
0,0,16956,5210,35674,46246,62170,0,0
0,21640,45998,40170,56505,28337,0,0,0
0,45590,39980,42200,52557,53420,59025,0,0
0,0,34107,16748,65288,51701,41356,0,0
0,0,45419,24708,15675,6852,50953,0,0
0,0,26773,36766,39978,38107,48293,53620,0
0,0,11852,4394,63880,63636,11377,41705,0
0,0,21131,58235,44326,63045,13122,29789,0
0,0,0,51174,56549,24945,0,17873,0
0,0,48487,44128,6040,33601,18751,5957,0
0,0,3590,63429,11609,57407,18383,0,0
0,0,30271,16176,56814,19798,0,0,0
0,0,0,62342,25757,41628,0,0,0
0,0,0,1582,26506,29454,0,0,0
0,0,36345,26720,2392,36658,0,0,0
0,0,11748,35716,19748,39717,7597,0,0
0,0,0,64029,60364,55691,42560,0,0
0,0,0,21467,36366,42050,51127,53620,0
0,0,0,29292,37918,45038,64802,41705,0
0,0,0,15798,8269,1216,22131,29789,0
0,0,0,3657,61957,40184,62431,17873,0
0,0,0,6431,55995,1878,0,5957,0
0,0,0,12479,34005,57462,0,0,0
0,0,0,32360,42391,13038,0,0,0
0,0,0,8925,44941,18303,29274,0,0
0,0,0,22281,36951,56740,0,0,0
0,28586,50068,54527,35169,27065,10953,0,0
0,15303,53581,64493,10872,12602,57467,0,0
0,19253,61811,16880,10250,6248,0,53620,0
0,0,45677,38150,1507,36751,58129,41705,0
0,49620,39360,3981,58258,63783,27168,29789,0
0,8225,12777,59034,8862,60598,18187,17873,0
0,23128,58660,22973,5280,50094,43771,5957,0
0,38857,22398,57438,35866,18319,0,0,0
0,62052,35095,44972,27173,49294,0,0,0
0,64856,43700,45041,53086,46407,0,0,0
0,22118,16392,976,39646,14121,0,0,0
0,60818,8014,47050,56971,45995,0,0,0
0,27798,5414,2403,16781,43124,64133,0,0
0,34824,60551,8386,20229,21351,61449,0,0
0,36532,13100,41547,21297,57296,4519,53620,0
0,50580,18786,62306,21844,56111,0,41705,0
0,65005,11493,49673,9020,56129,0,29789,0
0,32207,5570,27693,24221,60307,0,17873,0
0,52503,20198,12107,26976,39112,28304,5957,0
0,33907,33806,57503,12770,5961,0,0,0
0,58491,59536,1310,102,42153,24905,0,0
0,5326,32767,45391,65358,34146,37844,0,0
0,21717,62310,44662,1940,3702,0,0,0
0,0,0,51915,42567,8663,13441,0,0
0,65210,40911,61257,33514,26143,40624,0,0
0,8431,22109,10722,24843,54848,17690,0,0
0,1570,25319,23749,60616,3815,50016,53620,0
0,0,0,59785,26374,38540,0,41705,0
0,0,0,18592,63609,63706,30149,29789,0
0,0,0,43020,15052,65119,16295,17873,0
0,0,0,2545,33621,23435,1156,5957,0
0,0,0,9476,48159,20799,0,0,0
0,0,0,11310,3186,61336,26368,0,0
0,0,0,55074,59702,29224,19819,0,0
0,0,0,21157,47795,42894,13046,0,0
0,0,0,39741,58349,13631,35330,0,0
0,0,0,37254,9907,52215,0,0,0
0,0,0,11910,43386,12722,4448,41705,0
0,0,0,48740,12684,18268,34758,29789,0
0,0,0,45551,41627,48938,37805,17873,0
0,0,0,43798,53830,32441,0,5957,0
0,0,0,20423,40476,14670,29682,0,0
0,0,0,51694,28911,46786,0,0,0
0,0,0,37353,56669,1219,49833,0,0
0,51413,62420,46266,58491,39636,11885,0,0
0,50145,60217,20884,48397,40373,60007,0,0
0,13117,7553,48346,25922,24918,19275,0,1
0,53883,4835,1797,37366,34566,25401,0,1
0,21128,21499,52996,13422,11221,23039,53620,0
0,30013,59849,27730,4666,24474,49562,41705,0
0,847,31410,16933,20503,28748,18182,29789,0
0,0,0,32317,9469,4,4863,17873,0
0,0,0,64580,33919,17373,65407,5957,0
0,0,0,26936,49539,65388,0,0,0
0,0,0,8263,25153,18575,0,0,0
0,0,0,2479,6441,55101,0,0,0
0,0,0,12456,62495,2158,0,0,0
0,0,50326,2390,932,38548,12155,0,0
0,0,0,8564,62217,40094,48171,0,0
0,0,0,59538,60660,38271,8457,0,0
0,0,0,4825,33082,19352,0,53620,0
0,0,0,50581,36048,8396,12663,41705,0
0,0,0,6496,22766,55254,27420,29789,0
0,0,0,33451,26198,24098,43756,17873,0
0,0,0,52054,32938,26259,0,5957,0
0,0,0,11903,35622,17687,0,0,0
0,0,0,47852,11373,93,18752,0,0
0,0,0,56068,21585,53588,30411,0,0
0,0,24596,30210,16723,45769,12548,0,0
0,46309,15498,14807,42435,60040,13237,0,0
0,7871,48644,36574,37365,13234,4871,0,0
0,10385,2271,13505,41703,64405,0,0,0
0,38234,53853,44358,59622,56439,60288,53620,0
0,36030,50928,34195,16128,4466,0,41705,0
0,2282,43971,14743,13830,1889,41738,29789,0
0,0,63774,32436,10803,13172,11845,17873,0
0,0,61399,47250,16160,35791,0,5957,0
0,34961,49359,61379,51681,45164,57419,0,0
0,10286,58163,56085,34509,12217,10968,0,0
0,49051,44506,0,15534,19592,40356,0,0
0,14760,13180,0,9584,35574,20281,0,0
0,37449,21462,0,12141,845,16897,0,1
0,31640,17700,22723,21694,21487,0,0,0
0,57332,27338,1427,14678,53146,55322,0,0
0,46376,3069,53845,18162,61423,42973,53620,0
0,52311,2189,5694,3026,34178,0,41705,0
0,6111,63996,40676,3363,43620,0,29789,0
0,62330,22091,61040,33097,62128,29667,17873,0
0,21984,409,531,11140,40341,0,5957,0
0,20910,19877,10579,1380,9300,44962,0,0
0,58072,63941,9261,44801,33709,0,0,0
0,12955,24713,20585,49966,45784,33017,0,0
0,16903,30787,3824,52498,11048,11503,0,0
0,0,0,7405,14708,60323,0,0,0
0,2492,64313,23630,2275,51194,43933,0,0
0,41083,35526,26810,19272,3681,6420,0,0
0,0,0,4424,35603,9811,53755,53620,0
0,0,0,14480,34047,50849,49186,41705,0
0,0,0,42607,16709,10885,55306,29789,0
0,0,0,11764,5006,35304,10030,17873,0
0,0,0,14505,3143,53536,7466,5957,0
0,0,0,4235,58680,47836,0,0,0
0,0,0,781,51625,28561,13744,0,0
0,0,0,6421,55547,60936,64860,0,0
0,0,0,161,24788,56718,0,0,0
0,47402,5157,31805,18801,19990,49158,0,0
0,57866,60094,23746,16913,46909,60307,0,0
0,51351,26729,0,25355,46494,30185,0,1
0,21594,28254,0,49750,65113,31420,53620,1
0,4047,42234,0,14851,10816,56974,29789,1
0,62958,5117,0,37733,61490,4743,17873,1
0,29808,34553,0,46461,49956,6119,5957,1
0,31451,38941,0,32534,6651,0,0,1
0,29997,2371,0,15879,18411,60133,0,1
0,8634,38079,0,39848,4510,0,0,1
0,26200,9897,0,45938,58543,1989,0,1
0,21106,44487,45396,11856,7135,1378,0,0
0,0,29916,39422,9457,38664,8173,0,0
0,0,0,57860,14073,20848,1040,53620,0
0,0,0,64349,20464,23740,23140,41705,0
0,0,0,2906,3499,7724,22709,29789,0
0,0,0,1862,4186,35229,38830,17873,0
0,0,0,27357,3944,53545,459,5957,0
0,0,0,14381,14598,618,0,0,0
0,0,0,33705,60885,45092,0,0,0
0,0,0,21552,44541,8259,5035,0,0
0,0,0,28710,64503,8736,57554,0,0
0,0,7621,34809,5210,39306,37165,0,0
0,0,0,50531,10054,10929,0,0,0
0,0,0,54056,18940,9405,0,53620,0
0,0,0,54594,49951,23150,0,41705,0
0,0,0,54573,22387,1238,0,29789,0
0,0,0,47614,24470,47846,0,17873,0
0,0,0,48037,42119,29192,40464,5957,0
0,0,0,535,14182,30320,0,0,0
0,0,38231,74,60555,57516,38302,0,0
0,0,0,12073,1415,50972,0,0,0
0,60899,25359,22300,33515,35809,0,0,0
0,0,3620,13685,56352,34974,0,0,0
0,49406,25338,25962,29821,6747,48301,0,0
0,31106,65071,33107,1508,40497,12073,0,0
0,40066,12561,61030,45944,7138,38610,53620,0
0,37147,56551,54038,45635,29708,35316,41705,0
0,33329,43488,8183,3407,51495,0,29789,0
0,0,53753,14078,36631,16263,8420,17873,0
0,0,53493,5966,24612,59034,0,5957,0
0,30353,8219,12392,30368,38498,0,0,0
0,5511,6012,39502,21505,17954,25548,0,0
0,58283,62218,56504,13943,2736,17233,0,0
0,0,10973,27659,27404,48483,0,0,0
0,0,0,43714,9187,54421,53476,0,0
0,50193,9648,3931,29239,47790,28687,0,0
0,54171,61757,0,44404,25217,43467,0,1
0,37492,30564,0,4491,46184,53134,53620,1
0,38874,39765,0,37637,24515,0,41705,1
0,62410,7620,4286,29723,41191,52388,29789,0
0,48147,38710,0,1042,27888,0,17873,1
0,26728,1525,0,17931,57827,0,5957,1
0,37865,64694,0,15163,56881,0,0,1
0,42998,60251,0,39037,23354,0,0,1
0,36666,56875,0,19406,43293,0,0,1
0,24362,37111,0,15171,2107,0,0,1
0,0,0,43001,55050,42595,0,0,0
0,0,0,59809,16869,9970,0,41705,0
0,0,0,51401,53080,60461,59336,29789,0
0,0,0,29034,4602,8829,0,17873,0
0,0,57886,38280,58544,34661,61526,0,0
0,0,45271,33482,48262,40862,7140,0,0
0,0,0,13626,19215,328,20519,0,0
0,0,0,59024,28093,19842,25650,0,0
0,58072,12020,44235,42810,47036,4607,0,0
0,0,0,31830,25994,57789,0,0,0
0,0,0,59789,644,47894,22702,0,0
0,0,0,60187,54173,65022,38736,53620,0
0,0,0,17923,65095,52882,35098,41705,0
0,0,0,49911,6627,26724,46385,29789,0
0,0,0,26316,40478,4848,0,17873,0
0,0,0,43588,54463,5401,0,5957,0
0,0,0,17354,13734,6914,0,0,0
0,0,0,42088,1536,5015,58392,0,0
0,35571,39020,5736,55028,7621,62791,0,0
0,28849,60438,0,58093,6388,14255,0,1
0,51377,44865,0,40621,55232,11949,0,1
0,36643,13317,0,37695,62987,10988,0,1
0,4,0,0,26050,64743,56215,53620,1
0,46883,18321,0,51796,0,0,41705,1
0,0,7581,38316,4999,56743,31547,29789,0
0,0,39489,14734,21822,23995,30595,5957,0
0,0,15928,20064,47985,54170,0,0,0
0,0,15672,24250,21302,187,0,0,0
0,0,56794,42713,3431,28285,0,0,0
0,0,30858,39647,58788,41243,48348,0,0
0,0,0,40244,8667,33699,64991,0,0
0,0,0,12422,56325,41676,39808,0,0
0,54416,9224,59815,43301,32485,57963,0,0
0,35032,55820,60188,50072,6640,1890,53620,0
0,0,0,47350,55701,6247,0,41705,0
0,0,0,20652,32607,2699,50945,29789,0
0,0,0,26445,59365,27449,0,17873,0
0,0,0,38150,10832,36324,62835,5957,0
0,0,0,35356,18663,34758,0,0,0
0,0,0,53721,10110,41712,17303,0,0
0,0,0,63447,21543,24876,0,0,0
0,0,0,51084,58424,37811,26102,0,0
0,0,0,16686,4408,46012,0,0,0
0,0,22799,28265,36723,33841,0,0,0
0,0,7405,50657,3055,48644,7868,0,0
0,0,12282,49681,21975,59514,53826,53620,0
0,0,0,21424,25378,27590,0,41705,0
0,0,0,56769,41758,19523,43418,29789,0
0,0,0,12280,26481,42862,13156,17873,0
0,0,0,11836,14737,12147,16496,5957,0
0,0,0,64342,13055,728,65518,0,0
0,0,0,23090,180,40780,0,0,0
0,0,0,38094,49352,7972,0,0,0
0,0,0,49304,59969,20120,0,0,0
0,0,19548,33624,50807,30672,6752,0,0
0,0,0,43451,48391,21929,25598,0,0
0,40658,17841,23802,32299,48563,30388,0,0
0,16564,36579,13816,9704,27142,0,53620,0
0,0,0,47910,16880,14810,0,41705,0
0,0,0,21025,178,55873,0,29789,0
0,0,0,26352,41192,61079,62567,5957,0
0,0,0,60439,51303,11573,568,0,0
0,0,0,58622,26340,14641,56302,0,0
0,0,0,32473,52747,28089,65058,0,0
0,0,0,10795,49905,51068,28188,0,0
0,0,37146,6697,27418,30235,61703,0,0
0,0,61868,29944,33176,8607,20289,0,0
0,0,9240,16237,48453,34778,57726,0,0
0,26483,6358,33177,65491,63061,58976,53620,0
0,34197,5475,34662,41187,52116,35398,41705,0
0,24361,8016,15587,48957,6221,28277,29789,0
0,37580,16832,56053,55953,35705,0,17873,0
0,60725,63883,35167,26837,47453,7591,5957,0
0,5172,11085,963,51790,38082,32720,0,0
0,1685,58710,27246,45082,33497,0,0,0
0,37061,3846,58301,54240,59782,0,0,0
0,15823,7907,53113,28793,35239,2449,0,0
0,0,13677,31690,46235,9461,0,0,0
0,0,25799,30402,48893,36433,0,0,0
0,0,0,41187,46888,9675,8941,0,0
0,0,0,19320,23315,10773,49501,53620,0
0,0,0,62198,52439,61575,0,41705,0
0,0,0,36353,38531,59280,0,29789,0
0,0,0,54042,49798,27404,33194,17873,0
0,0,0,56818,16962,49795,0,5957,0
0,0,0,31157,17805,13512,50335,0,0
0,0,0,22234,61424,54804,0,0,0
0,0,0,48571,50338,34075,0,0,0
0,0,29233,40682,53966,37466,17669,0,0
0,0,0,6541,47991,34566,0,0,0
0,28710,17040,7352,63887,22876,0,0,0
0,37950,3967,52706,2984,54009,13024,0,0
0,42308,12132,5706,2508,20351,56965,53620,0
0,0,14197,48703,715,29605,25267,41705,0
0,0,0,30912,38223,54186,2377,29789,0
0,0,0,8216,17825,64698,4537,17873,0
0,0,0,44308,7924,36607,56235,5957,0
0,0,0,6773,51968,46195,56577,0,0
0,0,0,16296,16962,14079,24049,0,0
0,0,0,59775,31428,26554,0,0,0
0,0,0,16614,35594,27975,0,0,0
0,0,28024,65204,49172,22964,59880,0,0
0,59646,8662,38184,10055,10592,12206,0,0
0,35071,12402,56104,41405,635,0,0,0
0,0,22569,58167,58433,23758,16032,53620,0
0,0,51217,5466,15260,32548,26888,41705,0
0,0,0,51125,46516,41196,12641,29789,0
0,0,0,49034,56205,19366,0,17873,0
0,0,0,51613,6055,54712,18912,5957,0
0,0,0,51484,21314,64334,64237,0,0
0,0,0,6135,45457,10919,33002,0,0
0,0,0,63196,48316,54255,64076,0,0
0,30980,27377,55223,25040,53616,57561,0,0
0,23623,23333,58340,44532,7682,0,0,0
0,0,35854,31269,9858,47883,62959,0,0
0,0,6484,65033,8874,44295,0,0,0
0,0,56172,27700,37470,58926,0,53620,0
0,0,0,21172,33557,39352,64396,41705,0
0,0,0,7802,39301,14793,19381,29789,0
0,0,0,54840,33502,60688,0,17873,0
0,0,0,26671,8739,65323,44761,5957,0
0,0,0,38059,21025,5279,0,0,0
0,0,59986,32933,61005,50822,30355,0,0
0,0,0,18112,51676,47266,0,0,0
0,0,25242,12502,38098,18829,43889,0,0
0,0,0,50211,6331,50642,31844,0,0
0,0,53525,55024,52222,1095,0,0,0
0,0,57579,43168,30334,28100,0,0,0
0,0,0,3356,26339,17531,0,41705,0
0,0,0,25772,43352,48346,0,29789,0
0,0,6425,35632,13520,15276,4882,17873,0
0,0,22385,6754,34054,34862,33948,0,0
0,0,30601,39151,4935,1250,6611,0,0
0,0,40617,56279,39615,46955,18393,0,0
0,0,0,27543,41858,57133,0,0,0
0,0,9031,41433,55508,24380,7976,0,0
0,0,62456,48984,389,43078,42253,0,0
0,35219,65144,33796,38505,58618,5845,0,0
0,0,11858,41273,21347,30648,0,53620,0
0,0,15054,9556,63188,53565,0,41705,0
0,0,63221,28511,11527,52310,49384,29789,0
0,0,4921,48892,34880,33667,0,17873,0
0,0,48548,24979,6170,61283,35044,5957,0
0,0,28572,50746,6520,16302,0,0,0
0,0,17122,24226,1095,52474,58842,0,0
0,20380,34865,39123,54428,21287,21017,0,0
0,34494,27848,50283,64034,24301,0,0,0
0,33448,27275,56194,26419,15997,0,0,0
0,49114,5065,16878,65207,21073,0,0,0
0,42938,59176,34169,59645,30410,0,0,0
0,0,55245,36163,12973,40785,27307,53620,0
0,0,0,33534,2468,48923,50548,41705,0
0,0,0,42790,36950,10580,31219,29789,0
0,0,0,7087,31049,16605,36975,17873,0
0,0,0,25520,13319,32354,0,5957,0
0,0,0,56640,64438,52577,0,0,0
0,0,0,26839,52210,53485,28135,0,0
0,0,10435,42260,21220,28651,53385,0,0
0,0,2165,10296,11455,21697,51313,0,0
0,54278,2830,49067,45465,35712,2505,0,0
0,37779,40002,20168,32383,54804,12211,0,0
0,0,64107,6085,17591,44835,53819,0,0
0,0,8651,25532,53368,50749,16067,53620,0
0,0,46777,25865,10881,52326,0,41705,0
0,0,59511,51504,9791,27699,11091,29789,0
0,0,60244,57616,35332,43429,11059,17873,0
0,39125,36206,36897,27193,56436,0,5957,0
0,61102,43952,16854,13914,36443,0,0,0
0,28459,651,3859,7195,32175,0,0,0
0,21524,47873,3584,51156,23502,2965,0,0
0,13905,44610,24367,25554,18373,0,0,0
0,37775,56913,9367,61627,36613,62427,0,0
0,0,63422,56943,53558,15913,32908,0,0
0,49643,51495,19849,37260,32675,0,0,0
0,54946,6940,27483,56887,41317,0,53620,0
0,0,0,61526,30777,10947,48041,41705,0
0,0,0,9306,41560,11999,0,29789,0
0,0,0,33050,43045,13882,0,17873,0
0,0,0,61233,52049,64198,6609,5957,0
0,0,0,15811,50046,52986,0,0,0
0,0,0,26342,63184,34161,25078,0,0
0,0,0,57826,49397,32132,36936,0,0
0,0,0,27843,34377,59912,31815,0,0
0,0,50527,19804,36429,22217,2590,0,0
0,39856,62743,1456,40321,64981,63010,0,0
0,64776,38062,83,53247,29138,0,0,0
0,0,25509,13661,33832,26214,45545,53620,0
0,0,48760,28594,40637,47498,37947,41705,0
0,10910,30227,9624,6857,63293,23334,17873,0
0,0,23580,14132,55880,60845,0,5957,0
0,0,21536,47937,37072,22470,8123,0,0
0,0,62907,1506,39714,60874,25133,0,0
0,59034,62098,23247,22148,14968,0,0,0
0,18216,9623,33540,46756,30941,40692,0,0
0,61477,50931,0,52274,17219,0,0,0
0,43553,49061,0,40589,62859,2094,0,1
0,15280,4126,51422,43871,59814,0,0,0
0,37561,42520,61295,3373,30886,61780,53620,0
0,20026,46701,41933,21235,60633,21656,41705,0
0,55426,36943,10735,9163,63512,0,17873,0
0,0,9188,64146,56920,58641,0,5957,0
0,0,28358,38097,32353,12547,0,0,0
0,0,18281,43509,63587,31566,28841,0,0
0,0,1040,20275,5474,63768,0,0,0
0,0,29583,49293,19950,311,0,0,0
0,59196,23473,1299,34326,33433,26281,0,0
0,1896,7170,44273,30627,55476,28229,0,0
0,56886,40811,0,24138,60709,15957,0,0
0,14192,54603,36036,2353,29264,0,53620,0
0,12074,15659,24263,48836,37804,32812,41705,0
0,48004,536,43384,20161,15839,0,29789,0
0,64026,62596,23233,33679,62497,26032,17873,0
0,10781,37724,38863,28063,8066,13679,5957,0
0,7577,46721,45673,40719,29134,0,0,0
0,43339,30792,15634,34618,36348,7967,0,0
0,11931,14873,12137,26624,15318,30163,0,0
0,54517,48407,12009,43019,5452,55438,0,0
0,46472,30697,28353,58524,33889,13322,0,0
0,46155,50949,25592,27463,32169,50822,0,0
0,3519,427,52794,35887,28839,14928,0,0
0,60608,54531,43423,50214,36491,29608,53620,0
0,57083,44570,47621,41864,58579,12712,41705,0
0,30869,37786,760,62046,20489,0,29789,0
0,0,18282,6112,38585,25731,12166,17873,0
0,0,15858,12279,15190,5150,0,0,0
0,0,32456,63162,48523,47230,20417,0,0
0,63967,22924,40185,50854,17030,0,0,0
0,30134,60335,52442,45208,64449,3259,0,0
0,46511,23742,18358,17920,15298,37099,0,0
0,8654,51730,62085,29842,65136,0,0,0
0,25477,7680,27650,20672,28438,45769,53620,0
0,26273,13920,40417,1114,32700,0,29789,0
0,0,11064,51574,14924,32557,32658,17873,0
0,0,51849,49193,36619,21849,0,5957,0
0,0,9804,31519,9927,33343,38694,0,0
0,0,56551,29080,6418,5185,52963,0,0
0,31687,6518,22116,26580,46008,0,0,0
0,0,43629,7728,18900,4951,0,0,0
0,42228,37132,64491,39035,50283,0,0,0
0,2500,55915,28542,39003,44872,0,0,0
0,58940,26398,45360,4907,36919,0,0,0
0,19670,48613,6553,16659,48102,0,53620,0
0,4299,44343,30789,33588,61713,61216,41705,0
0,63429,41425,32054,37188,64496,17498,29789,0
0,0,2284,57843,8194,31168,0,17873,0
0,0,10478,61460,35138,34950,0,5957,0
0,0,16373,15458,6494,62313,0,0,0
0,0,19675,37720,38752,59760,46411,0,0
0,0,4375,19572,41857,62232,55611,0,0
0,0,61769,44262,13683,23238,0,0,0
0,0,0,51119,11179,16967,0,0,0
0,0,0,17227,30181,4719,6870,0,0
0,1216,40770,45671,45304,61374,29660,0,0
0,0,0,19357,54858,38201,0,53620,0
0,0,0,52868,30401,12008,37274,41705,0
0,0,0,9408,16579,42595,54880,29789,0
0,0,0,62423,41455,21135,63630,17873,0
0,0,0,20955,7634,39414,0,5957,0
0,0,0,62457,58109,47752,0,0,0
0,0,0,56479,4659,50111,22627,0,0
0,0,0,4969,17174,56873,52342,0,0
0,0,0,38256,23544,28783,58157,0,0
0,0,0,15069,39166,63917,34510,0,0
0,0,0,24365,61897,59776,11766,0,0
0,0,0,33081,49707,62022,42094,0,0
0,0,0,29797,43629,43634,6560,53620,0
0,0,0,49891,60733,63727,13609,41705,0
0,0,0,3380,20235,57322,40178,29789,0
0,0,0,24689,41029,19170,64202,17873,0
0,0,0,35639,15494,31690,63533,5957,0
0,0,0,15582,60715,49825,0,0,0
0,0,0,20714,22472,22764,0,0,0
0,0,0,37534,38586,25349,0,0,0
0,0,0,53687,57860,63559,43600,0,0
0,0,41780,43006,7133,31062,3695,0,0
0,58340,36880,0,31004,48084,43669,0,0
0,36026,32739,26179,61171,29538,0,0,0
0,0,55087,55958,42437,33009,60421,53620,0
0,0,0,630,6473,46191,10665,41705,0
0,0,0,46199,23757,45258,0,29789,0
0,0,38601,7120,9447,35099,17973,17873,0
0,0,47472,26839,46041,52817,0,5957,0
0,0,56062,5377,31460,25053,4675,0,0
0,0,11432,61034,42198,14001,57212,0,0
0,0,13628,61719,10881,19341,0,0,0
0,0,15972,11679,43444,13496,0,0,0
0,58020,59013,0,40397,44173,0,0,1
0,62670,27209,0,6907,23616,8192,0,1
0,45461,63949,55360,2887,21786,0,53620,0
0,51225,65490,10917,35195,48523,62745,41705,0
0,9934,23151,24156,19936,13178,52168,17873,0
0,0,0,47294,5426,18693,22726,5957,0
0,0,0,51309,49157,34855,736,0,0
0,0,0,8807,7695,17513,0,0,0
0,0,0,29164,60083,59447,16858,0,0
0,0,0,10505,65044,25130,0,0,0
0,23312,28285,52160,12234,10221,0,0,0
0,61972,15965,19882,44466,27287,56522,0,0
0,48259,37090,34484,976,28724,0,0,0
0,35841,25975,52215,46526,1811,54179,53620,0
0,51678,238,2309,34087,64454,55804,41705,0
0,38590,63833,62250,36866,50143,0,29789,0
0,23234,5295,50779,36563,6218,0,17873,0
0,893,32435,38168,64162,16093,0,5957,0
0,17235,7415,33467,59067,26161,0,0,0
0,31703,36756,7846,45288,40072,0,0,0
0,48975,27631,64175,61104,20372,0,0,0
0,30385,21040,39577,33091,37407,0,0,0
0,56389,39366,62103,51594,6548,36518,0,1
0,20683,62065,41397,11079,28259,19092,0,1
0,45803,21286,38307,26250,51910,0,0,1
0,59787,43210,30988,18231,26940,5705,53620,1
0,46319,64884,64459,62338,3686,27841,41705,1
0,50855,2978,44449,57023,53149,43332,29789,0
0,33163,22510,18652,26409,7728,0,17873,1
0,55154,21165,13956,64460,41571,0,5957,1
0,9428,57323,46792,23468,4077,0,0,1
0,84,45694,33338,19744,51195,0,0,0
0,18550,10915,27442,61912,8255,16668,0,0
0,16637,4563,6734,8131,58838,51456,0,0
0,39943,27424,34269,52492,27965,0,0,0
0,61150,2727,53479,49673,50160,0,0,0
0,53791,19557,34562,14238,39543,46128,0,0
0,0,29336,50403,42144,57153,29409,53620,0
0,0,65048,19822,23698,51368,0,41705,0
0,0,17431,29216,22556,35181,0,29789,0
0,0,0,30600,11621,5570,62008,17873,0
0,0,0,4380,36975,12844,0,5957,0
0,0,0,33650,45024,61227,36084,0,0
0,0,0,31274,43179,32324,42349,0,0
0,0,0,44863,51250,62017,14103,0,0
0,0,59229,19485,34518,51120,53757,0,0
0,0,11096,62186,31920,12191,0,0,0
0,0,59137,52306,20080,136,0,0,0
0,20223,27872,24279,49549,3311,56823,0,0
0,53378,60113,14447,48982,19674,0,53620,0
0,0,58841,7114,3971,34042,52533,41705,0
0,0,56795,15493,7386,14651,0,29789,0
0,441,4492,25017,13668,5805,0,17873,0
0,41290,51973,54796,4542,61048,46658,5957,0
0,37582,65293,61182,45672,33599,11879,0,0
0,34431,14916,9962,30227,38607,0,0,0
0,4546,17575,10858,64145,47241,54165,0,0
0,15615,59052,12555,21749,3855,0,0,0
0,47858,1578,28157,12982,31998,0,0,0
0,0,15866,53343,48932,12935,43577,0,0
0,0,24104,47635,32868,43845,47348,0,0
0,0,31864,1471,969,22554,22800,53620,0
0,0,0,48896,46678,10778,60333,41705,0
0,0,0,37429,64360,21086,21200,29789,0
0,0,0,62805,23193,38121,0,17873,0
0,0,0,49295,51347,56045,4995,5957,0
0,0,0,34707,22415,29523,2674,0,0
0,0,0,35032,34820,30665,0,0,0
0,0,0,20622,37577,47941,0,0,0
0,0,0,52671,4483,47683,23652,0,0
0,48017,39305,2180,35739,26574,11448,0,0
0,35021,8157,33184,52283,54659,28977,0,0
0,39616,61824,63238,48722,55534,12986,0,0
0,2907,23155,34720,16930,57505,8486,53620,0
0,9848,10227,36232,20432,16374,0,41705,0
0,12500,15798,12986,29446,25425,0,29789,0
0,31449,12575,45094,38979,27557,0,17873,0
0,39293,28154,49996,52399,47049,56491,5957,0
0,65498,62694,35998,4583,19331,11,0,0
0,33957,50534,30988,5453,29586,2816,0,0
0,39880,44429,8238,9942,31559,0,0,0
0,55230,24899,28074,34146,30971,62532,0,0
0,50888,52216,51607,5816,34959,47992,0,1
0,44244,47434,34890,18585,58145,34574,0,1
0,52767,37114,29236,27333,18021,0,53620,0
0,18260,35197,20138,22809,26344,18948,41705,0
0,28241,47242,33447,3985,1354,20627,29789,0
0,63437,38158,35956,43006,59143,1086,17873,0
0,47931,53979,1291,15885,46846,5093,5957,0
0,13357,7584,35295,29362,42622,47825,0,0
0,57932,53106,17799,52823,37125,62292,0,0
0,61285,59108,8002,34222,44070,36043,0,0
0,6902,56368,54623,9065,24972,8535,0,0
0,19430,38227,0,22906,20809,33307,0,1
0,42915,15248,0,39943,57146,44664,0,1
0,22066,2146,61485,51507,48810,0,0,0
0,30584,40449,13574,37011,24163,9175,53620,0
0,29089,41444,487,18719,26018,0,41705,0
0,3364,47914,42367,26606,46614,45664,29789,0
0,63280,40417,30045,211,7202,19056,5957,0
0,7168,28461,36733,19797,29273,0,0,0
0,6337,24705,55595,48090,49752,0,0,0
0,6755,55481,12804,5891,52042,24090,0,0
0,46787,37197,28537,50163,25472,57270,0,0
0,0,47593,41647,20582,56059,57171,0,0
0,62371,54470,41446,9427,22935,0,0,0
0,3669,63598,33816,4083,16534,0,0,0
0,17560,25914,46555,25944,41736,25663,53620,0
0,6703,30579,230,64431,19102,13700,41705,0
0,10151,23403,6379,5883,4228,50855,29789,0
0,20070,52635,40330,45729,47392,601,17873,0
0,23382,24834,33987,35588,10954,2904,5957,0
0,36478,46415,57530,48697,40855,0,0,0
0,50752,3502,13743,56699,6591,0,0,0
0,53697,4373,9484,58604,22712,23700,0,0
0,14377,14139,49081,24946,62674,12970,0,0
0,18546,30579,0,49497,37625,5903,0,0
0,17736,59515,10303,62317,5592,12277,0,0
0,24729,36307,2520,21467,18063,44523,0,0
0,0,4345,3879,43255,63595,15823,53620,0
0,36083,22033,53318,45690,7420,0,41705,0
0,48438,15716,52755,36267,38301,0,17873,0
0,8196,34321,40777,30254,50309,26952,5957,0
0,39761,3947,40530,31545,1431,15153,0,0
0,4768,20561,33019,38016,27113,0,0,0
0,28305,15677,57384,36899,670,0,0,0
0,36222,35246,36740,44842,28840,0,0,0
0,45659,62396,53670,63936,64562,14009,0,0
0,0,20705,46967,17253,59940,0,0,0
0,0,0,8772,39159,34735,49147,0,0
0,0,0,42041,39366,20144,51497,53620,0
0,0,0,24108,20405,22725,62960,41705,0
0,0,0,138,49527,56961,8929,29789,0
0,0,0,49787,10807,60324,14303,17873,0
0,0,0,33149,34995,1061,38848,5957,0
0,0,0,4966,17197,37219,8960,0,0
0,0,0,38683,18752,37805,61240,0,0
0,0,34583,16748,30873,63904,37816,0,0
0,0,39366,36953,13656,14013,0,0,0
0,64582,33876,43795,64154,30731,0,0,0
0,22918,34674,65426,48164,31515,0,0,0
0,0,12618,49749,19268,7189,0,0,0
0,0,43055,25802,58070,924,0,53620,0
0,0,2318,9819,33429,57276,30319,41705,0
0,0,0,35862,10278,63780,0,29789,0
0,0,0,20978,58589,34748,45337,17873,0
0,0,0,45734,13315,16646,44639,5957,0
0,0,0,40512,6418,38578,27141,0,0
0,0,0,13641,12687,48166,0,0,0
0,0,0,49962,42709,26091,64178,0,0
0,0,0,856,14173,18811,19534,0,0
0,0,0,50568,60574,28082,61870,0,0
0,0,0,22678,61746,24982,19000,0,0
0,4605,43759,22601,41181,42927,51666,0,0
0,0,0,12997,5893,19117,0,53620,0
0,0,0,28599,60160,43228,0,41705,0
0,0,0,829,40402,27660,3408,29789,0
0,0,2028,56698,57141,33693,60002,5957,0
0,0,0,5006,7822,42125,0,0,0
0,0,0,4846,1337,61754,0,0,0
0,0,6863,54475,12780,17254,0,0,0
0,0,0,30204,38340,59406,0,0,0
0,0,0,7935,7594,17005,61120,0,0
0,0,0,39098,14588,17085,47360,0,0
0,0,0,13838,35390,9069,0,53620,0
0,0,0,29014,52076,25624,42323,29789,0
0,0,0,54292,24054,33882,0,17873,0
0,0,0,16587,62938,25463,42620,5957,0
0,0,0,12237,43562,29080,0,0,0
0,0,0,43273,32572,53982,54207,0,0
0,0,0,49850,22464,9383,0,0,0
0,0,0,29296,49343,35052,48347,0,0
0,0,0,13689,7295,57970,0,0,0
0,0,0,45339,3632,11366,25102,0,0
0,0,0,13283,18414,40248,0,0,0
0,0,0,50615,30288,58346,38132,53620,0
0,0,0,2534,61666,3858,0,41705,0
0,0,0,39847,17179,21598,0,29789,0
0,0,0,42457,33706,20604,0,17873,0
0,0,0,41407,15126,19304,0,5957,0
0,0,0,56691,25629,38833,33333,0,0
0,0,0,30118,10120,31590,0,0,0
0,0,0,49210,34713,6474,0,0,0
0,0,0,49524,9996,39956,39751,0,0
0,0,15298,59583,46095,54726,54999,0,0
0,0,49041,35396,36761,33478,19044,0,0
0,0,5638,33212,6652,43967,0,0,0
0,0,3998,59275,28090,4191,0,53620,0
0,0,28271,42885,2856,45169,32908,41705,0
0,0,58987,17080,57146,33849,33038,29789,0
0,0,0,12488,6113,58851,43425,17873,0
0,0,59079,25219,271,37305,29245,5957,0
0,0,35973,39718,8664,50503,0,0,0
0,0,29332,6782,33370,20898,0,0,0
0,5698,14513,13822,61403,64479,23624,0,0
0,0,37795,29070,12729,34085,56765,0,0
0,0,59002,55779,24670,39290,19299,0,0
0,13787,47093,51799,62828,10539,42986,0,0
0,49556,52038,57638,14795,43111,31020,0,0
0,20294,15904,65078,46126,60344,20104,53620,0
0,38735,45919,57082,8243,30033,32159,41705,0
0,51250,47903,65080,10927,17232,0,29789,0
0,14223,21052,36542,44260,12469,5293,17873,0
0,41290,17461,24897,51230,9827,0,5957,0
0,43452,55067,15748,31967,31428,0,0,0
0,50784,8225,47911,27403,1130,44453,0,0
0,9168,49169,48540,37788,36054,56220,0,0
0,48099,63016,0,35722,56078,57545,0,0
0,45862,53249,0,33037,47700,30241,0,0
0,28738,47227,0,29985,64501,60075,0,1
0,591,9721,0,16211,63165,17141,0,1
0,45065,56909,30378,28410,46559,22954,53620,0
0,40211,16863,49456,2607,35255,52549,41705,0
0,16807,9528,63336,59158,17154,57406,29789,0
0,30777,1141,39422,42737,39344,32336,17873,0
0,9046,16555,63850,20857,61884,0,5957,0
0,40995,21751,61551,55194,26059,59655,0,0
0,40793,50283,49052,14980,1716,38035,0,0
0,30874,48506,0,61076,36702,0,0,0
0,27825,36752,0,49553,32093,15274,0,0
0,45541,39981,0,17124,64680,64476,0,1
0,41625,18319,0,32835,2173,15260,0,1
0,21086,16571,0,7971,17763,29282,0,1
0,50086,44266,0,6131,1286,0,53620,0
0,47239,58513,0,11318,10309,26155,41705,0
0,39213,33922,0,6871,32487,14752,29789,0
0,62438,3833,0,37725,46279,0,17873,0
0,2050,44874,20437,29152,51577,0,5957,0
0,7012,45074,17063,250,39512,0,0,0
0,24334,56019,0,47707,19997,502,0,0
0,11484,30543,0,2230,39221,0,0,0
0,49354,63986,37069,45020,8618,50110,0,0
0,18064,43158,22432,44386,44433,29227,0,0
0,19004,53855,0,7009,46478,0,0,0
0,33221,3915,32365,7575,2527,0,0,0
0,29261,11941,44613,53800,58226,40960,53620,0
0,0,61679,42316,9276,31638,18839,41705,0
0,0,8522,26623,51663,65057,60195,29789,0
0,0,0,2886,4967,25558,9902,17873,0
0,0,0,38346,47832,13159,0,5957,0
0,0,0,47125,46946,35130,36653,0,0
0,0,0,59082,43404,7374,57466,0,0
0,0,0,49910,59076,38555,27533,0,0
0,0,0,23622,51135,24000,64112,0,0
0,0,0,51541,5845,21874,0,0,0
0,0,47772,60694,62715,64364,46808,0,0
0,0,20041,38091,16031,50963,0,17873,0
0,0,55963,63260,31930,62908,4579,5957,0
0,0,27783,43915,60249,56532,0,0,0
0,0,62072,2766,50876,62782,0,0,0
0,0,1952,11394,8027,23067,41323,0,0
0,50519,64549,49069,17187,15992,36666,0,0
0,54168,55605,0,44179,65103,19978,0,1
0,20280,13451,0,795,59069,59639,0,1
0,22521,61320,0,10442,15804,3909,0,0
0,11786,62265,14095,8123,38003,26832,53620,0
0,26708,44614,38007,3052,2857,46683,29789,0
0,21851,5704,26444,26408,40938,35418,17873,0
0,0,30142,48605,29943,49913,285,5957,0
0,0,39500,42915,12398,3275,16511,0,0
0,0,45000,2549,34103,22829,0,0,0
0,0,12078,37849,5074,51437,57757,0,0
0,2065,40975,57780,45373,40756,32826,0,0
0,57018,34831,3608,38286,42001,33650,0,0
0,0,56234,33254,29302,48930,0,0,0
0,0,0,45929,34904,58222,37979,0,0
0,0,0,31223,39022,4954,6489,53620,0
0,0,0,64890,28291,37269,0,41705,0
0,0,0,10482,5043,65246,0,29789,0
0,0,1742,29445,23244,18072,28295,17873,0
0,0,52440,59368,13946,62675,0,5957,0
0,0,37762,44565,52762,12994,0,0,0
0,0,40064,59044,63581,34827,0,0,0
0,0,4153,57214,65156,15737,43358,0,0
0,52960,52952,16094,21462,2637,38271,0,0
0,0,45403,58429,40323,50612,0,0,0
0,0,26085,34309,24867,5026,44611,0,0
0,0,29088,17286,61867,13249,53563,0,0
0,0,46217,40990,10965,26418,0,53620,0
0,37114,60269,64598,44767,4750,39230,41705,0
0,60875,40369,50789,47940,11817,52602,29789,0
0,54510,61069,44881,17003,65160,0,17873,0
0,0,23037,8347,6159,51276,5324,5957,0
0,0,2794,29978,7044,60792,15453,0,0
0,50533,42923,23874,24295,42720,8221,0,0
0,48513,22401,746,35358,9328,0,0,0
0,7663,21805,18878,56195,26276,0,0,0
0,54041,25321,26013,7244,57022,7564,0,0
0,44962,21967,16890,20206,41340,0,0,0
0,6267,43577,32185,50370,36490,33741,0,0
0,15019,56436,34495,35180,57090,0,53620,0
0,47049,49921,62574,52306,5914,7086,41705,0
0,54289,12882,3993,63298,14600,35568,29789,0
0,0,59065,56051,41209,6324,24533,17873,0
0,0,60775,15855,23210,8298,30924,5957,0
0,0,0,55617,12493,36763,36888,0,0
0,41431,498,31113,33652,38187,0,0,0
0,34075,61361,63959,36626,26917,1963,0,0
0,47025,42602,631,38117,33202,58728,0,0
0,29834,41207,37805,22393,57948,0,0,0
0,24026,9210,4656,65326,7907,16916,0,0
0,64227,45974,27621,61486,30687,0,53620,0
0,62195,7755,60234,42139,13267,7475,41705,0
0,35072,17387,11487,17991,59625,0,29789,0
0,50348,25466,43180,58552,40123,13683,17873,0
0,0,17241,16617,49382,58292,18825,0,0
0,0,0,49799,17094,21691,53700,0,0
0,61,14177,55157,32148,47882,0,0,0
0,30097,35917,49858,45542,4922,232,0,0
0,39877,61044,56454,46606,18156,51313,0,0
0,32604,64439,30109,3004,19923,0,0,0
0,0,291,28311,39887,59412,144,41705,0
0,0,49605,55570,3611,4059,36150,17873,0
0,0,4722,18822,64190,20867,44110,5957,0
0,0,5935,10231,38236,22598,17004,0,0
0,0,49656,4055,4817,39032,64803,0,0
0,0,23737,38946,39172,27198,49725,0,0
0,5820,37356,43869,42444,25404,26604,0,0
0,61540,23868,31150,62057,37298,53394,0,0
0,44651,62030,54427,41436,26510,13591,0,0
0,30174,48998,35308,12261,20456,0,0,0
0,16364,3691,37395,41767,58836,0,0,0
0,19868,19543,9527,20380,37741,64408,0,0
0,0,45700,49152,55571,57206,0,5957,0
0,0,25029,8731,46528,44177,0,0,0
0,29294,46251,41196,9998,9436,51481,0,0
0,27806,15743,29930,24660,34216,26691,0,0
0,15189,47627,49300,3848,13495,51486,0,0
0,16330,52061,63810,58977,15524,0,0,0
0,61527,21909,9187,9202,13853,0,0,0
0,52642,47199,36373,4666,44463,53116,0,0
0,37033,8166,4763,1960,50734,0,0,0
0,0,0,19814,46487,17347,23970,0,0
0,0,0,13644,47467,23498,37621,41705,0
0,3917,56608,34954,5860,22083,0,0,0
0,0,0,35926,50225,10073,0,29789,0
0,0,0,54716,13982,16619,0,0,0
0,1916,53210,7357,15617,53141,0,0,0
0,1637,57208,31856,23471,50716,55326,0,0
0,0,0,14646,0,35874,0,0,0
0,0,0,0,0,33393,0,0,1
0,0,3374,41678,0,13212,0,53620,0
0,0,0,8052,0,42763,33926,53620,0
0,0,0,3539,28584,43440,0,17873,0
0,0,0,10159,40125,21548,43622,5957,0
0,0,0,18563,36758,58904,0,0,0
0,0,0,61070,23648,18486,29971,0,0
0,0,0,5484,27656,52612,4118,0,0
0,0,0,9655,48520,34661,0,0,0
0,0,0,29085,40681,16764,35315,0,0
0,10722,11663,2398,44070,8613,6805,0,0
0,30479,22094,52840,51915,9392,49514,0,0
0,4938,3904,0,0,11602,2124,0,1
0,36815,57184,2199,0,49015,0,0,0
0,20730,8995,10010,62555,33446,64958,0,0
0,53005,53617,47660,15967,62874,0,0,0
0,0,0,59323,16169,65044,0,53620,0
