Copyright 1986-2022 Xilinx, Inc. All Rights Reserved. Copyright 2022-2024 Advanced Micro Devices, Inc. All Rights Reserved.
---------------------------------------------------------------------------------------------------------------------------------------------------------------------------------------------------------------------------------------------
| Tool Version : Vivado v.2024.1 (win64) Build 5076996 Wed May 22 18:37:14 MDT 2024
| Date         : Thu Mar 12 20:16:13 2026
| Host         : DESKTOP-AUH71TB running 64-bit major release  (build 9200)
| Command      : report_timing_summary -max_paths 10 -report_unconstrained -file design_1_wrapper_timing_summary_routed.rpt -pb design_1_wrapper_timing_summary_routed.pb -rpx design_1_wrapper_timing_summary_routed.rpx -warn_on_violation
| Design       : design_1_wrapper
| Device       : 7z010-clg400
| Speed File   : -1  PRODUCTION 1.12 2019-11-22
| Design State : Routed
---------------------------------------------------------------------------------------------------------------------------------------------------------------------------------------------------------------------------------------------

Timing Summary Report

------------------------------------------------------------------------------------------------
| Timer Settings
| --------------
------------------------------------------------------------------------------------------------

  Enable Multi Corner Analysis               :  Yes
  Enable Pessimism Removal                   :  Yes
  Pessimism Removal Resolution               :  Nearest Common Node
  Enable Input Delay Default Clock           :  No
  Enable Preset / Clear Arcs                 :  No
  Disable Flight Delays                      :  No
  Ignore I/O Paths                           :  No
  Timing Early Launch at Borrowing Latches   :  No
  Borrow Time for Max Delay Exceptions       :  Yes
  Merge Timing Exceptions                    :  Yes
  Inter-SLR Compensation                     :  Conservative

  Corner  Analyze    Analyze    
  Name    Max Paths  Min Paths  
  ------  ---------  ---------  
  Slow    Yes        Yes        
  Fast    Yes        Yes        


------------------------------------------------------------------------------------------------
| Report Methodology
| ------------------
------------------------------------------------------------------------------------------------

No report available as report_methodology has not been run prior. Run report_methodology on the current design for the summary of methodology violations.



check_timing report

Table of Contents
-----------------
1. checking no_clock (0)
2. checking constant_clock (0)
3. checking pulse_width_clock (0)
4. checking unconstrained_internal_endpoints (0)
5. checking no_input_delay (0)
6. checking no_output_delay (0)
7. checking multiple_clock (0)
8. checking generated_clocks (0)
9. checking loops (0)
10. checking partial_input_delay (0)
11. checking partial_output_delay (0)
12. checking latch_loops (0)

1. checking no_clock (0)
------------------------
 There are 0 register/latch pins with no clock.


2. checking constant_clock (0)
------------------------------
 There are 0 register/latch pins with constant_clock.


3. checking pulse_width_clock (0)
---------------------------------
 There are 0 register/latch pins which need pulse_width check


4. checking unconstrained_internal_endpoints (0)
------------------------------------------------
 There are 0 pins that are not constrained for maximum delay.

 There are 0 pins that are not constrained for maximum delay due to constant clock.


5. checking no_input_delay (0)
------------------------------
 There are 0 input ports with no input delay specified.

 There are 0 input ports with no input delay but user has a false path constraint.


6. checking no_output_delay (0)
-------------------------------
 There are 0 ports with no output delay specified.

 There are 0 ports with no output delay but user has a false path constraint

 There are 0 ports with no output delay but with a timing clock defined on it or propagating through it


7. checking multiple_clock (0)
------------------------------
 There are 0 register/latch pins with multiple clocks.


8. checking generated_clocks (0)
--------------------------------
 There are 0 generated clocks that are not connected to a clock source.


9. checking loops (0)
---------------------
 There are 0 combinational loops in the design.


10. checking partial_input_delay (0)
------------------------------------
 There are 0 input ports with partial input delay specified.


11. checking partial_output_delay (0)
-------------------------------------
 There are 0 ports with partial output delay specified.


12. checking latch_loops (0)
----------------------------
 There are 0 combinational latch loops in the design through latch input



------------------------------------------------------------------------------------------------
| Design Timing Summary
| ---------------------
------------------------------------------------------------------------------------------------

    WNS(ns)      TNS(ns)  TNS Failing Endpoints  TNS Total Endpoints      WHS(ns)      THS(ns)  THS Failing Endpoints  THS Total Endpoints     WPWS(ns)     TPWS(ns)  TPWS Failing Endpoints  TPWS Total Endpoints  
    -------      -------  ---------------------  -------------------      -------      -------  ---------------------  -------------------     --------     --------  ----------------------  --------------------  
     11.504        0.000                      0                 5231        0.024        0.000                      0                 5231        9.020        0.000                       0                  2822  


All user specified timing constraints are met.


------------------------------------------------------------------------------------------------
| Clock Summary
| -------------
------------------------------------------------------------------------------------------------

Clock       Waveform(ns)       Period(ns)      Frequency(MHz)
-----       ------------       ----------      --------------
clk_fpga_0  {0.000 10.000}     20.000          50.000          


------------------------------------------------------------------------------------------------
| Intra Clock Table
| -----------------
------------------------------------------------------------------------------------------------

Clock             WNS(ns)      TNS(ns)  TNS Failing Endpoints  TNS Total Endpoints      WHS(ns)      THS(ns)  THS Failing Endpoints  THS Total Endpoints     WPWS(ns)     TPWS(ns)  TPWS Failing Endpoints  TPWS Total Endpoints  
-----             -------      -------  ---------------------  -------------------      -------      -------  ---------------------  -------------------     --------     --------  ----------------------  --------------------  
clk_fpga_0         11.504        0.000                      0                 5231        0.024        0.000                      0                 5231        9.020        0.000                       0                  2822  


------------------------------------------------------------------------------------------------
| Inter Clock Table
| -----------------
------------------------------------------------------------------------------------------------

From Clock    To Clock          WNS(ns)      TNS(ns)  TNS Failing Endpoints  TNS Total Endpoints      WHS(ns)      THS(ns)  THS Failing Endpoints  THS Total Endpoints  
----------    --------          -------      -------  ---------------------  -------------------      -------      -------  ---------------------  -------------------  


------------------------------------------------------------------------------------------------
| Other Path Groups Table
| -----------------------
------------------------------------------------------------------------------------------------

Path Group    From Clock    To Clock          WNS(ns)      TNS(ns)  TNS Failing Endpoints  TNS Total Endpoints      WHS(ns)      THS(ns)  THS Failing Endpoints  THS Total Endpoints  
----------    ----------    --------          -------      -------  ---------------------  -------------------      -------      -------  ---------------------  -------------------  


------------------------------------------------------------------------------------------------
| User Ignored Path Table
| -----------------------
------------------------------------------------------------------------------------------------

Path Group    From Clock    To Clock    
----------    ----------    --------    
(none)                      clk_fpga_0    
(none)        clk_fpga_0    clk_fpga_0    


------------------------------------------------------------------------------------------------
| Unconstrained Path Table
| ------------------------
------------------------------------------------------------------------------------------------

Path Group    From Clock    To Clock    
----------    ----------    --------    


------------------------------------------------------------------------------------------------
| Timing Details
| --------------
------------------------------------------------------------------------------------------------


---------------------------------------------------------------------------------------------------
From Clock:  clk_fpga_0
  To Clock:  clk_fpga_0

Setup :            0  Failing Endpoints,  Worst Slack       11.504ns,  Total Violation        0.000ns
Hold  :            0  Failing Endpoints,  Worst Slack        0.024ns,  Total Violation        0.000ns
PW    :            0  Failing Endpoints,  Worst Slack        9.020ns,  Total Violation        0.000ns
---------------------------------------------------------------------------------------------------


Max Delay Paths
--------------------------------------------------------------------------------------
Slack (MET) :             11.504ns  (required time - arrival time)
  Source:                 design_1_i/processing_system7_0/inst/PS7_i/MAXIGP0ACLK
                            (rising edge-triggered cell PS7 clocked by clk_fpga_0  {rise@0.000ns fall@10.000ns period=20.000ns})
  Destination:            design_1_i/axi_interconnect_0/xbar/inst/gen_sasd.crossbar_sasd_0/addr_arbiter_inst/gen_no_arbiter.m_valid_i_reg/D
                            (rising edge-triggered cell FDRE clocked by clk_fpga_0  {rise@0.000ns fall@10.000ns period=20.000ns})
  Path Group:             clk_fpga_0
  Path Type:              Setup (Max at Slow Process Corner)
  Requirement:            20.000ns  (clk_fpga_0 rise@20.000ns - clk_fpga_0 rise@0.000ns)
  Data Path Delay:        7.670ns  (logic 2.058ns (26.833%)  route 5.612ns (73.167%))
  Logic Levels:           4  (LUT3=1 LUT4=1 LUT6=2)
  Clock Path Skew:        -0.269ns (DCD - SCD + CPR)
    Destination Clock Delay (DCD):    2.688ns = ( 22.688 - 20.000 ) 
    Source Clock Delay      (SCD):    3.073ns
    Clock Pessimism Removal (CPR):    0.116ns
  Clock Uncertainty:      0.302ns  ((TSJ^2 + TIJ^2)^1/2 + DJ) / 2 + PE
    Total System Jitter     (TSJ):    0.071ns
    Total Input Jitter      (TIJ):    0.600ns
    Discrete Jitter          (DJ):    0.000ns
    Phase Error              (PE):    0.000ns

    Location             Delay type                Incr(ns)  Path(ns)    Netlist Resource(s)
  -------------------------------------------------------------------    -------------------
                         (clock clk_fpga_0 rise edge)
                                                      0.000     0.000 r  
    PS7_X0Y0             PS7                          0.000     0.000 r  design_1_i/processing_system7_0/inst/PS7_i/FCLKCLK[0]
                         net (fo=1, routed)           1.207     1.207    design_1_i/processing_system7_0/inst/FCLK_CLK_unbuffered[0]
    BUFGCTRL_X0Y15       BUFG (Prop_bufg_I_O)         0.101     1.308 r  design_1_i/processing_system7_0/inst/buffer_fclk_clk_0.FCLK_CLK_0_BUFG/O
                         net (fo=2822, routed)        1.765     3.073    design_1_i/processing_system7_0/inst/M_AXI_GP0_ACLK
    PS7_X0Y0             PS7                                          r  design_1_i/processing_system7_0/inst/PS7_i/MAXIGP0ACLK
  -------------------------------------------------------------------    -------------------
    PS7_X0Y0             PS7 (Prop_ps7_MAXIGP0ACLK_MAXIGP0WVALID)
                                                      1.334     4.407 f  design_1_i/processing_system7_0/inst/PS7_i/MAXIGP0WVALID
                         net (fo=13, routed)          2.916     7.323    design_1_i/axi_interconnect_0/xbar/inst/gen_sasd.crossbar_sasd_0/addr_arbiter_inst/s_axi_wvalid[0]
    SLICE_X8Y57          LUT4 (Prop_lut4_I0_O)        0.117     7.440 f  design_1_i/axi_interconnect_0/xbar/inst/gen_sasd.crossbar_sasd_0/addr_arbiter_inst/m_ready_d[2]_i_4/O
                         net (fo=6, routed)           0.867     8.307    design_1_i/axi_interconnect_0/xbar/inst/gen_sasd.crossbar_sasd_0/splitter_aw/gen_no_arbiter.m_valid_i_i_2_0
    SLICE_X6Y58          LUT6 (Prop_lut6_I5_O)        0.331     8.638 r  design_1_i/axi_interconnect_0/xbar/inst/gen_sasd.crossbar_sasd_0/splitter_aw/gen_no_arbiter.m_valid_i_i_3/O
                         net (fo=1, routed)           0.667     9.305    design_1_i/axi_interconnect_0/xbar/inst/gen_sasd.crossbar_sasd_0/addr_arbiter_inst/gen_no_arbiter.m_grant_hot_i_reg[0]_inv_0
    SLICE_X6Y56          LUT6 (Prop_lut6_I5_O)        0.124     9.429 r  design_1_i/axi_interconnect_0/xbar/inst/gen_sasd.crossbar_sasd_0/addr_arbiter_inst/gen_no_arbiter.m_valid_i_i_2/O
                         net (fo=2, routed)           0.825    10.255    design_1_i/axi_interconnect_0/xbar/inst/gen_sasd.crossbar_sasd_0/addr_arbiter_inst/gen_no_arbiter.m_valid_i_i_2_n_0
    SLICE_X6Y55          LUT3 (Prop_lut3_I2_O)        0.152    10.407 r  design_1_i/axi_interconnect_0/xbar/inst/gen_sasd.crossbar_sasd_0/addr_arbiter_inst/gen_no_arbiter.m_valid_i_i_1/O
                         net (fo=1, routed)           0.336    10.743    design_1_i/axi_interconnect_0/xbar/inst/gen_sasd.crossbar_sasd_0/addr_arbiter_inst/gen_no_arbiter.m_valid_i_i_1_n_0
    SLICE_X6Y55          FDRE                                         r  design_1_i/axi_interconnect_0/xbar/inst/gen_sasd.crossbar_sasd_0/addr_arbiter_inst/gen_no_arbiter.m_valid_i_reg/D
  -------------------------------------------------------------------    -------------------

                         (clock clk_fpga_0 rise edge)
                                                     20.000    20.000 r  
    PS7_X0Y0             PS7                          0.000    20.000 r  design_1_i/processing_system7_0/inst/PS7_i/FCLKCLK[0]
                         net (fo=1, routed)           1.101    21.101    design_1_i/processing_system7_0/inst/FCLK_CLK_unbuffered[0]
    BUFGCTRL_X0Y15       BUFG (Prop_bufg_I_O)         0.091    21.192 r  design_1_i/processing_system7_0/inst/buffer_fclk_clk_0.FCLK_CLK_0_BUFG/O
                         net (fo=2822, routed)        1.496    22.688    design_1_i/axi_interconnect_0/xbar/inst/gen_sasd.crossbar_sasd_0/addr_arbiter_inst/aclk
    SLICE_X6Y55          FDRE                                         r  design_1_i/axi_interconnect_0/xbar/inst/gen_sasd.crossbar_sasd_0/addr_arbiter_inst/gen_no_arbiter.m_valid_i_reg/C
                         clock pessimism              0.116    22.804    
                         clock uncertainty           -0.302    22.502    
    SLICE_X6Y55          FDRE (Setup_fdre_C_D)       -0.255    22.247    design_1_i/axi_interconnect_0/xbar/inst/gen_sasd.crossbar_sasd_0/addr_arbiter_inst/gen_no_arbiter.m_valid_i_reg
  -------------------------------------------------------------------
                         required time                         22.247    
                         arrival time                         -10.743    
  -------------------------------------------------------------------
                         slack                                 11.504    

Slack (MET) :             11.791ns  (required time - arrival time)
  Source:                 design_1_i/axi_interconnect_0/xbar/inst/gen_sasd.crossbar_sasd_0/m_atarget_enc_reg[0]/C
                            (rising edge-triggered cell FDRE clocked by clk_fpga_0  {rise@0.000ns fall@10.000ns period=20.000ns})
  Destination:            design_1_i/axi_interconnect_0/xbar/inst/gen_sasd.crossbar_sasd_0/reg_slice_r/m_payload_i_reg[9]/D
                            (rising edge-triggered cell FDRE clocked by clk_fpga_0  {rise@0.000ns fall@10.000ns period=20.000ns})
  Path Group:             clk_fpga_0
  Path Type:              Setup (Max at Slow Process Corner)
  Requirement:            20.000ns  (clk_fpga_0 rise@20.000ns - clk_fpga_0 rise@0.000ns)
  Data Path Delay:        7.920ns  (logic 0.856ns (10.808%)  route 7.064ns (89.192%))
  Logic Levels:           3  (LUT3=1 LUT6=2)
  Clock Path Skew:        -0.105ns (DCD - SCD + CPR)
    Destination Clock Delay (DCD):    2.690ns = ( 22.690 - 20.000 ) 
    Source Clock Delay      (SCD):    3.025ns
    Clock Pessimism Removal (CPR):    0.230ns
  Clock Uncertainty:      0.302ns  ((TSJ^2 + TIJ^2)^1/2 + DJ) / 2 + PE
    Total System Jitter     (TSJ):    0.071ns
    Total Input Jitter      (TIJ):    0.600ns
    Discrete Jitter          (DJ):    0.000ns
    Phase Error              (PE):    0.000ns

    Location             Delay type                Incr(ns)  Path(ns)    Netlist Resource(s)
  -------------------------------------------------------------------    -------------------
                         (clock clk_fpga_0 rise edge)
                                                      0.000     0.000 r  
    PS7_X0Y0             PS7                          0.000     0.000 r  design_1_i/processing_system7_0/inst/PS7_i/FCLKCLK[0]
                         net (fo=1, routed)           1.207     1.207    design_1_i/processing_system7_0/inst/FCLK_CLK_unbuffered[0]
    BUFGCTRL_X0Y15       BUFG (Prop_bufg_I_O)         0.101     1.308 r  design_1_i/processing_system7_0/inst/buffer_fclk_clk_0.FCLK_CLK_0_BUFG/O
                         net (fo=2822, routed)        1.717     3.025    design_1_i/axi_interconnect_0/xbar/inst/gen_sasd.crossbar_sasd_0/aclk
    SLICE_X5Y53          FDRE                                         r  design_1_i/axi_interconnect_0/xbar/inst/gen_sasd.crossbar_sasd_0/m_atarget_enc_reg[0]/C
  -------------------------------------------------------------------    -------------------
    SLICE_X5Y53          FDRE (Prop_fdre_C_Q)         0.456     3.481 r  design_1_i/axi_interconnect_0/xbar/inst/gen_sasd.crossbar_sasd_0/m_atarget_enc_reg[0]/Q
                         net (fo=145, routed)         4.526     8.007    design_1_i/axi_interconnect_0/xbar/inst/gen_sasd.crossbar_sasd_0/reg_slice_r/m_payload_i_reg[0]_0[0]
    SLICE_X8Y67          LUT6 (Prop_lut6_I1_O)        0.124     8.131 r  design_1_i/axi_interconnect_0/xbar/inst/gen_sasd.crossbar_sasd_0/reg_slice_r/skid_buffer[9]_i_5/O
                         net (fo=1, routed)           1.388     9.519    design_1_i/axi_interconnect_0/xbar/inst/gen_sasd.crossbar_sasd_0/reg_slice_r/skid_buffer[9]_i_5_n_0
    SLICE_X12Y59         LUT6 (Prop_lut6_I5_O)        0.124     9.643 r  design_1_i/axi_interconnect_0/xbar/inst/gen_sasd.crossbar_sasd_0/reg_slice_r/skid_buffer[9]_i_1/O
                         net (fo=2, routed)           1.150    10.793    design_1_i/axi_interconnect_0/xbar/inst/gen_sasd.crossbar_sasd_0/reg_slice_r/skid_buffer[9]_i_1_n_0
    SLICE_X12Y51         LUT3 (Prop_lut3_I0_O)        0.152    10.945 r  design_1_i/axi_interconnect_0/xbar/inst/gen_sasd.crossbar_sasd_0/reg_slice_r/m_payload_i[9]_i_1/O
                         net (fo=1, routed)           0.000    10.945    design_1_i/axi_interconnect_0/xbar/inst/gen_sasd.crossbar_sasd_0/reg_slice_r/skid_buffer[9]
    SLICE_X12Y51         FDRE                                         r  design_1_i/axi_interconnect_0/xbar/inst/gen_sasd.crossbar_sasd_0/reg_slice_r/m_payload_i_reg[9]/D
  -------------------------------------------------------------------    -------------------

                         (clock clk_fpga_0 rise edge)
                                                     20.000    20.000 r  
    PS7_X0Y0             PS7                          0.000    20.000 r  design_1_i/processing_system7_0/inst/PS7_i/FCLKCLK[0]
                         net (fo=1, routed)           1.101    21.101    design_1_i/processing_system7_0/inst/FCLK_CLK_unbuffered[0]
    BUFGCTRL_X0Y15       BUFG (Prop_bufg_I_O)         0.091    21.192 r  design_1_i/processing_system7_0/inst/buffer_fclk_clk_0.FCLK_CLK_0_BUFG/O
                         net (fo=2822, routed)        1.498    22.690    design_1_i/axi_interconnect_0/xbar/inst/gen_sasd.crossbar_sasd_0/reg_slice_r/aclk
    SLICE_X12Y51         FDRE                                         r  design_1_i/axi_interconnect_0/xbar/inst/gen_sasd.crossbar_sasd_0/reg_slice_r/m_payload_i_reg[9]/C
                         clock pessimism              0.230    22.920    
                         clock uncertainty           -0.302    22.618    
    SLICE_X12Y51         FDRE (Setup_fdre_C_D)        0.118    22.736    design_1_i/axi_interconnect_0/xbar/inst/gen_sasd.crossbar_sasd_0/reg_slice_r/m_payload_i_reg[9]
  -------------------------------------------------------------------
                         required time                         22.736    
                         arrival time                         -10.945    
  -------------------------------------------------------------------
                         slack                                 11.791    

Slack (MET) :             11.947ns  (required time - arrival time)
  Source:                 design_1_i/axi_interconnect_0/xbar/inst/gen_sasd.crossbar_sasd_0/m_atarget_enc_reg[0]/C
                            (rising edge-triggered cell FDRE clocked by clk_fpga_0  {rise@0.000ns fall@10.000ns period=20.000ns})
  Destination:            design_1_i/axi_interconnect_0/xbar/inst/gen_sasd.crossbar_sasd_0/reg_slice_r/m_payload_i_reg[11]/D
                            (rising edge-triggered cell FDRE clocked by clk_fpga_0  {rise@0.000ns fall@10.000ns period=20.000ns})
  Path Group:             clk_fpga_0
  Path Type:              Setup (Max at Slow Process Corner)
  Requirement:            20.000ns  (clk_fpga_0 rise@20.000ns - clk_fpga_0 rise@0.000ns)
  Data Path Delay:        7.764ns  (logic 0.852ns (10.974%)  route 6.912ns (89.026%))
  Logic Levels:           3  (LUT3=1 LUT6=2)
  Clock Path Skew:        -0.105ns (DCD - SCD + CPR)
    Destination Clock Delay (DCD):    2.690ns = ( 22.690 - 20.000 ) 
    Source Clock Delay      (SCD):    3.025ns
    Clock Pessimism Removal (CPR):    0.230ns
  Clock Uncertainty:      0.302ns  ((TSJ^2 + TIJ^2)^1/2 + DJ) / 2 + PE
    Total System Jitter     (TSJ):    0.071ns
    Total Input Jitter      (TIJ):    0.600ns
    Discrete Jitter          (DJ):    0.000ns
    Phase Error              (PE):    0.000ns

    Location             Delay type                Incr(ns)  Path(ns)    Netlist Resource(s)
  -------------------------------------------------------------------    -------------------
                         (clock clk_fpga_0 rise edge)
                                                      0.000     0.000 r  
    PS7_X0Y0             PS7                          0.000     0.000 r  design_1_i/processing_system7_0/inst/PS7_i/FCLKCLK[0]
                         net (fo=1, routed)           1.207     1.207    design_1_i/processing_system7_0/inst/FCLK_CLK_unbuffered[0]
    BUFGCTRL_X0Y15       BUFG (Prop_bufg_I_O)         0.101     1.308 r  design_1_i/processing_system7_0/inst/buffer_fclk_clk_0.FCLK_CLK_0_BUFG/O
                         net (fo=2822, routed)        1.717     3.025    design_1_i/axi_interconnect_0/xbar/inst/gen_sasd.crossbar_sasd_0/aclk
    SLICE_X5Y53          FDRE                                         r  design_1_i/axi_interconnect_0/xbar/inst/gen_sasd.crossbar_sasd_0/m_atarget_enc_reg[0]/C
  -------------------------------------------------------------------    -------------------
    SLICE_X5Y53          FDRE (Prop_fdre_C_Q)         0.456     3.481 r  design_1_i/axi_interconnect_0/xbar/inst/gen_sasd.crossbar_sasd_0/m_atarget_enc_reg[0]/Q
                         net (fo=145, routed)         4.661     8.142    design_1_i/axi_interconnect_0/xbar/inst/gen_sasd.crossbar_sasd_0/reg_slice_r/m_payload_i_reg[0]_0[0]
    SLICE_X9Y68          LUT6 (Prop_lut6_I1_O)        0.124     8.266 r  design_1_i/axi_interconnect_0/xbar/inst/gen_sasd.crossbar_sasd_0/reg_slice_r/skid_buffer[11]_i_3/O
                         net (fo=1, routed)           1.027     9.293    design_1_i/axi_interconnect_0/xbar/inst/gen_sasd.crossbar_sasd_0/reg_slice_r/skid_buffer[11]_i_3_n_0
    SLICE_X9Y60          LUT6 (Prop_lut6_I1_O)        0.124     9.417 r  design_1_i/axi_interconnect_0/xbar/inst/gen_sasd.crossbar_sasd_0/reg_slice_r/skid_buffer[11]_i_1/O
                         net (fo=2, routed)           1.224    10.641    design_1_i/axi_interconnect_0/xbar/inst/gen_sasd.crossbar_sasd_0/reg_slice_r/skid_buffer[11]_i_1_n_0
    SLICE_X12Y51         LUT3 (Prop_lut3_I0_O)        0.148    10.789 r  design_1_i/axi_interconnect_0/xbar/inst/gen_sasd.crossbar_sasd_0/reg_slice_r/m_payload_i[11]_i_1/O
                         net (fo=1, routed)           0.000    10.789    design_1_i/axi_interconnect_0/xbar/inst/gen_sasd.crossbar_sasd_0/reg_slice_r/skid_buffer[11]
    SLICE_X12Y51         FDRE                                         r  design_1_i/axi_interconnect_0/xbar/inst/gen_sasd.crossbar_sasd_0/reg_slice_r/m_payload_i_reg[11]/D
  -------------------------------------------------------------------    -------------------

                         (clock clk_fpga_0 rise edge)
                                                     20.000    20.000 r  
    PS7_X0Y0             PS7                          0.000    20.000 r  design_1_i/processing_system7_0/inst/PS7_i/FCLKCLK[0]
                         net (fo=1, routed)           1.101    21.101    design_1_i/processing_system7_0/inst/FCLK_CLK_unbuffered[0]
    BUFGCTRL_X0Y15       BUFG (Prop_bufg_I_O)         0.091    21.192 r  design_1_i/processing_system7_0/inst/buffer_fclk_clk_0.FCLK_CLK_0_BUFG/O
                         net (fo=2822, routed)        1.498    22.690    design_1_i/axi_interconnect_0/xbar/inst/gen_sasd.crossbar_sasd_0/reg_slice_r/aclk
    SLICE_X12Y51         FDRE                                         r  design_1_i/axi_interconnect_0/xbar/inst/gen_sasd.crossbar_sasd_0/reg_slice_r/m_payload_i_reg[11]/C
                         clock pessimism              0.230    22.920    
                         clock uncertainty           -0.302    22.618    
    SLICE_X12Y51         FDRE (Setup_fdre_C_D)        0.118    22.736    design_1_i/axi_interconnect_0/xbar/inst/gen_sasd.crossbar_sasd_0/reg_slice_r/m_payload_i_reg[11]
  -------------------------------------------------------------------
                         required time                         22.736    
                         arrival time                         -10.789    
  -------------------------------------------------------------------
                         slack                                 11.947    

Slack (MET) :             12.089ns  (required time - arrival time)
  Source:                 design_1_i/axi_interconnect_0/xbar/inst/gen_sasd.crossbar_sasd_0/m_atarget_enc_reg[0]/C
                            (rising edge-triggered cell FDRE clocked by clk_fpga_0  {rise@0.000ns fall@10.000ns period=20.000ns})
  Destination:            design_1_i/axi_interconnect_0/xbar/inst/gen_sasd.crossbar_sasd_0/reg_slice_r/m_payload_i_reg[4]/D
                            (rising edge-triggered cell FDRE clocked by clk_fpga_0  {rise@0.000ns fall@10.000ns period=20.000ns})
  Path Group:             clk_fpga_0
  Path Type:              Setup (Max at Slow Process Corner)
  Requirement:            20.000ns  (clk_fpga_0 rise@20.000ns - clk_fpga_0 rise@0.000ns)
  Data Path Delay:        7.579ns  (logic 0.980ns (12.931%)  route 6.599ns (87.069%))
  Logic Levels:           4  (LUT3=1 LUT5=1 LUT6=2)
  Clock Path Skew:        -0.105ns (DCD - SCD + CPR)
    Destination Clock Delay (DCD):    2.690ns = ( 22.690 - 20.000 ) 
    Source Clock Delay      (SCD):    3.025ns
    Clock Pessimism Removal (CPR):    0.230ns
  Clock Uncertainty:      0.302ns  ((TSJ^2 + TIJ^2)^1/2 + DJ) / 2 + PE
    Total System Jitter     (TSJ):    0.071ns
    Total Input Jitter      (TIJ):    0.600ns
    Discrete Jitter          (DJ):    0.000ns
    Phase Error              (PE):    0.000ns

    Location             Delay type                Incr(ns)  Path(ns)    Netlist Resource(s)
  -------------------------------------------------------------------    -------------------
                         (clock clk_fpga_0 rise edge)
                                                      0.000     0.000 r  
    PS7_X0Y0             PS7                          0.000     0.000 r  design_1_i/processing_system7_0/inst/PS7_i/FCLKCLK[0]
                         net (fo=1, routed)           1.207     1.207    design_1_i/processing_system7_0/inst/FCLK_CLK_unbuffered[0]
    BUFGCTRL_X0Y15       BUFG (Prop_bufg_I_O)         0.101     1.308 r  design_1_i/processing_system7_0/inst/buffer_fclk_clk_0.FCLK_CLK_0_BUFG/O
                         net (fo=2822, routed)        1.717     3.025    design_1_i/axi_interconnect_0/xbar/inst/gen_sasd.crossbar_sasd_0/aclk
    SLICE_X5Y53          FDRE                                         r  design_1_i/axi_interconnect_0/xbar/inst/gen_sasd.crossbar_sasd_0/m_atarget_enc_reg[0]/C
  -------------------------------------------------------------------    -------------------
    SLICE_X5Y53          FDRE (Prop_fdre_C_Q)         0.456     3.481 r  design_1_i/axi_interconnect_0/xbar/inst/gen_sasd.crossbar_sasd_0/m_atarget_enc_reg[0]/Q
                         net (fo=145, routed)         4.283     7.764    design_1_i/axi_interconnect_0/xbar/inst/gen_sasd.crossbar_sasd_0/reg_slice_r/m_payload_i_reg[0]_0[0]
    SLICE_X9Y67          LUT6 (Prop_lut6_I2_O)        0.124     7.888 r  design_1_i/axi_interconnect_0/xbar/inst/gen_sasd.crossbar_sasd_0/reg_slice_r/skid_buffer[4]_i_6/O
                         net (fo=1, routed)           0.402     8.291    design_1_i/axi_interconnect_0/xbar/inst/gen_sasd.crossbar_sasd_0/reg_slice_r/skid_buffer[4]_i_6_n_0
    SLICE_X9Y67          LUT5 (Prop_lut5_I4_O)        0.124     8.415 r  design_1_i/axi_interconnect_0/xbar/inst/gen_sasd.crossbar_sasd_0/reg_slice_r/skid_buffer[4]_i_3/O
                         net (fo=1, routed)           0.612     9.026    design_1_i/axi_interconnect_0/xbar/inst/gen_sasd.crossbar_sasd_0/reg_slice_r/skid_buffer[4]_i_3_n_0
    SLICE_X9Y61          LUT6 (Prop_lut6_I3_O)        0.124     9.150 r  design_1_i/axi_interconnect_0/xbar/inst/gen_sasd.crossbar_sasd_0/reg_slice_r/skid_buffer[4]_i_1/O
                         net (fo=2, routed)           1.301    10.452    design_1_i/axi_interconnect_0/xbar/inst/gen_sasd.crossbar_sasd_0/reg_slice_r/skid_buffer[4]_i_1_n_0
    SLICE_X9Y52          LUT3 (Prop_lut3_I0_O)        0.152    10.604 r  design_1_i/axi_interconnect_0/xbar/inst/gen_sasd.crossbar_sasd_0/reg_slice_r/m_payload_i[4]_i_1/O
                         net (fo=1, routed)           0.000    10.604    design_1_i/axi_interconnect_0/xbar/inst/gen_sasd.crossbar_sasd_0/reg_slice_r/skid_buffer[4]
    SLICE_X9Y52          FDRE                                         r  design_1_i/axi_interconnect_0/xbar/inst/gen_sasd.crossbar_sasd_0/reg_slice_r/m_payload_i_reg[4]/D
  -------------------------------------------------------------------    -------------------

                         (clock clk_fpga_0 rise edge)
                                                     20.000    20.000 r  
    PS7_X0Y0             PS7                          0.000    20.000 r  design_1_i/processing_system7_0/inst/PS7_i/FCLKCLK[0]
                         net (fo=1, routed)           1.101    21.101    design_1_i/processing_system7_0/inst/FCLK_CLK_unbuffered[0]
    BUFGCTRL_X0Y15       BUFG (Prop_bufg_I_O)         0.091    21.192 r  design_1_i/processing_system7_0/inst/buffer_fclk_clk_0.FCLK_CLK_0_BUFG/O
                         net (fo=2822, routed)        1.498    22.690    design_1_i/axi_interconnect_0/xbar/inst/gen_sasd.crossbar_sasd_0/reg_slice_r/aclk
    SLICE_X9Y52          FDRE                                         r  design_1_i/axi_interconnect_0/xbar/inst/gen_sasd.crossbar_sasd_0/reg_slice_r/m_payload_i_reg[4]/C
                         clock pessimism              0.230    22.920    
                         clock uncertainty           -0.302    22.618    
    SLICE_X9Y52          FDRE (Setup_fdre_C_D)        0.075    22.693    design_1_i/axi_interconnect_0/xbar/inst/gen_sasd.crossbar_sasd_0/reg_slice_r/m_payload_i_reg[4]
  -------------------------------------------------------------------
                         required time                         22.693    
                         arrival time                         -10.604    
  -------------------------------------------------------------------
                         slack                                 12.089    

Slack (MET) :             12.179ns  (required time - arrival time)
  Source:                 design_1_i/axi_interconnect_0/xbar/inst/gen_sasd.crossbar_sasd_0/m_atarget_enc_reg[0]/C
                            (rising edge-triggered cell FDRE clocked by clk_fpga_0  {rise@0.000ns fall@10.000ns period=20.000ns})
  Destination:            design_1_i/axi_interconnect_0/xbar/inst/gen_sasd.crossbar_sasd_0/reg_slice_r/skid_buffer_reg[9]/D
                            (rising edge-triggered cell FDRE clocked by clk_fpga_0  {rise@0.000ns fall@10.000ns period=20.000ns})
  Path Group:             clk_fpga_0
  Path Type:              Setup (Max at Slow Process Corner)
  Requirement:            20.000ns  (clk_fpga_0 rise@20.000ns - clk_fpga_0 rise@0.000ns)
  Data Path Delay:        7.353ns  (logic 0.704ns (9.574%)  route 6.649ns (90.426%))
  Logic Levels:           2  (LUT6=2)
  Clock Path Skew:        -0.105ns (DCD - SCD + CPR)
    Destination Clock Delay (DCD):    2.690ns = ( 22.690 - 20.000 ) 
    Source Clock Delay      (SCD):    3.025ns
    Clock Pessimism Removal (CPR):    0.230ns
  Clock Uncertainty:      0.302ns  ((TSJ^2 + TIJ^2)^1/2 + DJ) / 2 + PE
    Total System Jitter     (TSJ):    0.071ns
    Total Input Jitter      (TIJ):    0.600ns
    Discrete Jitter          (DJ):    0.000ns
    Phase Error              (PE):    0.000ns

    Location             Delay type                Incr(ns)  Path(ns)    Netlist Resource(s)
  -------------------------------------------------------------------    -------------------
                         (clock clk_fpga_0 rise edge)
                                                      0.000     0.000 r  
    PS7_X0Y0             PS7                          0.000     0.000 r  design_1_i/processing_system7_0/inst/PS7_i/FCLKCLK[0]
                         net (fo=1, routed)           1.207     1.207    design_1_i/processing_system7_0/inst/FCLK_CLK_unbuffered[0]
    BUFGCTRL_X0Y15       BUFG (Prop_bufg_I_O)         0.101     1.308 r  design_1_i/processing_system7_0/inst/buffer_fclk_clk_0.FCLK_CLK_0_BUFG/O
                         net (fo=2822, routed)        1.717     3.025    design_1_i/axi_interconnect_0/xbar/inst/gen_sasd.crossbar_sasd_0/aclk
    SLICE_X5Y53          FDRE                                         r  design_1_i/axi_interconnect_0/xbar/inst/gen_sasd.crossbar_sasd_0/m_atarget_enc_reg[0]/C
  -------------------------------------------------------------------    -------------------
    SLICE_X5Y53          FDRE (Prop_fdre_C_Q)         0.456     3.481 r  design_1_i/axi_interconnect_0/xbar/inst/gen_sasd.crossbar_sasd_0/m_atarget_enc_reg[0]/Q
                         net (fo=145, routed)         4.526     8.007    design_1_i/axi_interconnect_0/xbar/inst/gen_sasd.crossbar_sasd_0/reg_slice_r/m_payload_i_reg[0]_0[0]
    SLICE_X8Y67          LUT6 (Prop_lut6_I1_O)        0.124     8.131 r  design_1_i/axi_interconnect_0/xbar/inst/gen_sasd.crossbar_sasd_0/reg_slice_r/skid_buffer[9]_i_5/O
                         net (fo=1, routed)           1.388     9.519    design_1_i/axi_interconnect_0/xbar/inst/gen_sasd.crossbar_sasd_0/reg_slice_r/skid_buffer[9]_i_5_n_0
    SLICE_X12Y59         LUT6 (Prop_lut6_I5_O)        0.124     9.643 r  design_1_i/axi_interconnect_0/xbar/inst/gen_sasd.crossbar_sasd_0/reg_slice_r/skid_buffer[9]_i_1/O
                         net (fo=2, routed)           0.735    10.378    design_1_i/axi_interconnect_0/xbar/inst/gen_sasd.crossbar_sasd_0/reg_slice_r/skid_buffer[9]_i_1_n_0
    SLICE_X13Y51         FDRE                                         r  design_1_i/axi_interconnect_0/xbar/inst/gen_sasd.crossbar_sasd_0/reg_slice_r/skid_buffer_reg[9]/D
  -------------------------------------------------------------------    -------------------

                         (clock clk_fpga_0 rise edge)
                                                     20.000    20.000 r  
    PS7_X0Y0             PS7                          0.000    20.000 r  design_1_i/processing_system7_0/inst/PS7_i/FCLKCLK[0]
                         net (fo=1, routed)           1.101    21.101    design_1_i/processing_system7_0/inst/FCLK_CLK_unbuffered[0]
    BUFGCTRL_X0Y15       BUFG (Prop_bufg_I_O)         0.091    21.192 r  design_1_i/processing_system7_0/inst/buffer_fclk_clk_0.FCLK_CLK_0_BUFG/O
                         net (fo=2822, routed)        1.498    22.690    design_1_i/axi_interconnect_0/xbar/inst/gen_sasd.crossbar_sasd_0/reg_slice_r/aclk
    SLICE_X13Y51         FDRE                                         r  design_1_i/axi_interconnect_0/xbar/inst/gen_sasd.crossbar_sasd_0/reg_slice_r/skid_buffer_reg[9]/C
                         clock pessimism              0.230    22.920    
                         clock uncertainty           -0.302    22.618    
    SLICE_X13Y51         FDRE (Setup_fdre_C_D)       -0.061    22.557    design_1_i/axi_interconnect_0/xbar/inst/gen_sasd.crossbar_sasd_0/reg_slice_r/skid_buffer_reg[9]
  -------------------------------------------------------------------
                         required time                         22.557    
                         arrival time                         -10.378    
  -------------------------------------------------------------------
                         slack                                 12.179    

Slack (MET) :             12.191ns  (required time - arrival time)
  Source:                 design_1_i/axi_interconnect_0/xbar/inst/gen_sasd.crossbar_sasd_0/m_atarget_enc_reg[0]/C
                            (rising edge-triggered cell FDRE clocked by clk_fpga_0  {rise@0.000ns fall@10.000ns period=20.000ns})
  Destination:            design_1_i/axi_interconnect_0/xbar/inst/gen_sasd.crossbar_sasd_0/reg_slice_r/skid_buffer_reg[11]/D
                            (rising edge-triggered cell FDRE clocked by clk_fpga_0  {rise@0.000ns fall@10.000ns period=20.000ns})
  Path Group:             clk_fpga_0
  Path Type:              Setup (Max at Slow Process Corner)
  Requirement:            20.000ns  (clk_fpga_0 rise@20.000ns - clk_fpga_0 rise@0.000ns)
  Data Path Delay:        7.335ns  (logic 0.704ns (9.598%)  route 6.631ns (90.402%))
  Logic Levels:           2  (LUT6=2)
  Clock Path Skew:        -0.105ns (DCD - SCD + CPR)
    Destination Clock Delay (DCD):    2.690ns = ( 22.690 - 20.000 ) 
    Source Clock Delay      (SCD):    3.025ns
    Clock Pessimism Removal (CPR):    0.230ns
  Clock Uncertainty:      0.302ns  ((TSJ^2 + TIJ^2)^1/2 + DJ) / 2 + PE
    Total System Jitter     (TSJ):    0.071ns
    Total Input Jitter      (TIJ):    0.600ns
    Discrete Jitter          (DJ):    0.000ns
    Phase Error              (PE):    0.000ns

    Location             Delay type                Incr(ns)  Path(ns)    Netlist Resource(s)
  -------------------------------------------------------------------    -------------------
                         (clock clk_fpga_0 rise edge)
                                                      0.000     0.000 r  
    PS7_X0Y0             PS7                          0.000     0.000 r  design_1_i/processing_system7_0/inst/PS7_i/FCLKCLK[0]
                         net (fo=1, routed)           1.207     1.207    design_1_i/processing_system7_0/inst/FCLK_CLK_unbuffered[0]
    BUFGCTRL_X0Y15       BUFG (Prop_bufg_I_O)         0.101     1.308 r  design_1_i/processing_system7_0/inst/buffer_fclk_clk_0.FCLK_CLK_0_BUFG/O
                         net (fo=2822, routed)        1.717     3.025    design_1_i/axi_interconnect_0/xbar/inst/gen_sasd.crossbar_sasd_0/aclk
    SLICE_X5Y53          FDRE                                         r  design_1_i/axi_interconnect_0/xbar/inst/gen_sasd.crossbar_sasd_0/m_atarget_enc_reg[0]/C
  -------------------------------------------------------------------    -------------------
    SLICE_X5Y53          FDRE (Prop_fdre_C_Q)         0.456     3.481 r  design_1_i/axi_interconnect_0/xbar/inst/gen_sasd.crossbar_sasd_0/m_atarget_enc_reg[0]/Q
                         net (fo=145, routed)         4.661     8.142    design_1_i/axi_interconnect_0/xbar/inst/gen_sasd.crossbar_sasd_0/reg_slice_r/m_payload_i_reg[0]_0[0]
    SLICE_X9Y68          LUT6 (Prop_lut6_I1_O)        0.124     8.266 r  design_1_i/axi_interconnect_0/xbar/inst/gen_sasd.crossbar_sasd_0/reg_slice_r/skid_buffer[11]_i_3/O
                         net (fo=1, routed)           1.027     9.293    design_1_i/axi_interconnect_0/xbar/inst/gen_sasd.crossbar_sasd_0/reg_slice_r/skid_buffer[11]_i_3_n_0
    SLICE_X9Y60          LUT6 (Prop_lut6_I1_O)        0.124     9.417 r  design_1_i/axi_interconnect_0/xbar/inst/gen_sasd.crossbar_sasd_0/reg_slice_r/skid_buffer[11]_i_1/O
                         net (fo=2, routed)           0.943    10.360    design_1_i/axi_interconnect_0/xbar/inst/gen_sasd.crossbar_sasd_0/reg_slice_r/skid_buffer[11]_i_1_n_0
    SLICE_X11Y51         FDRE                                         r  design_1_i/axi_interconnect_0/xbar/inst/gen_sasd.crossbar_sasd_0/reg_slice_r/skid_buffer_reg[11]/D
  -------------------------------------------------------------------    -------------------

                         (clock clk_fpga_0 rise edge)
                                                     20.000    20.000 r  
    PS7_X0Y0             PS7                          0.000    20.000 r  design_1_i/processing_system7_0/inst/PS7_i/FCLKCLK[0]
                         net (fo=1, routed)           1.101    21.101    design_1_i/processing_system7_0/inst/FCLK_CLK_unbuffered[0]
    BUFGCTRL_X0Y15       BUFG (Prop_bufg_I_O)         0.091    21.192 r  design_1_i/processing_system7_0/inst/buffer_fclk_clk_0.FCLK_CLK_0_BUFG/O
                         net (fo=2822, routed)        1.498    22.690    design_1_i/axi_interconnect_0/xbar/inst/gen_sasd.crossbar_sasd_0/reg_slice_r/aclk
    SLICE_X11Y51         FDRE                                         r  design_1_i/axi_interconnect_0/xbar/inst/gen_sasd.crossbar_sasd_0/reg_slice_r/skid_buffer_reg[11]/C
                         clock pessimism              0.230    22.920    
                         clock uncertainty           -0.302    22.618    
    SLICE_X11Y51         FDRE (Setup_fdre_C_D)       -0.067    22.551    design_1_i/axi_interconnect_0/xbar/inst/gen_sasd.crossbar_sasd_0/reg_slice_r/skid_buffer_reg[11]
  -------------------------------------------------------------------
                         required time                         22.551    
                         arrival time                         -10.360    
  -------------------------------------------------------------------
                         slack                                 12.191    

Slack (MET) :             12.194ns  (required time - arrival time)
  Source:                 design_1_i/axi_interconnect_0/xbar/inst/gen_sasd.crossbar_sasd_0/m_atarget_enc_reg[0]/C
                            (rising edge-triggered cell FDRE clocked by clk_fpga_0  {rise@0.000ns fall@10.000ns period=20.000ns})
  Destination:            design_1_i/axi_interconnect_0/xbar/inst/gen_sasd.crossbar_sasd_0/reg_slice_r/m_payload_i_reg[16]/D
                            (rising edge-triggered cell FDRE clocked by clk_fpga_0  {rise@0.000ns fall@10.000ns period=20.000ns})
  Path Group:             clk_fpga_0
  Path Type:              Setup (Max at Slow Process Corner)
  Requirement:            20.000ns  (clk_fpga_0 rise@20.000ns - clk_fpga_0 rise@0.000ns)
  Data Path Delay:        7.475ns  (logic 0.828ns (11.078%)  route 6.647ns (88.922%))
  Logic Levels:           3  (LUT3=1 LUT6=2)
  Clock Path Skew:        -0.106ns (DCD - SCD + CPR)
    Destination Clock Delay (DCD):    2.689ns = ( 22.689 - 20.000 ) 
    Source Clock Delay      (SCD):    3.025ns
    Clock Pessimism Removal (CPR):    0.230ns
  Clock Uncertainty:      0.302ns  ((TSJ^2 + TIJ^2)^1/2 + DJ) / 2 + PE
    Total System Jitter     (TSJ):    0.071ns
    Total Input Jitter      (TIJ):    0.600ns
    Discrete Jitter          (DJ):    0.000ns
    Phase Error              (PE):    0.000ns

    Location             Delay type                Incr(ns)  Path(ns)    Netlist Resource(s)
  -------------------------------------------------------------------    -------------------
                         (clock clk_fpga_0 rise edge)
                                                      0.000     0.000 r  
    PS7_X0Y0             PS7                          0.000     0.000 r  design_1_i/processing_system7_0/inst/PS7_i/FCLKCLK[0]
                         net (fo=1, routed)           1.207     1.207    design_1_i/processing_system7_0/inst/FCLK_CLK_unbuffered[0]
    BUFGCTRL_X0Y15       BUFG (Prop_bufg_I_O)         0.101     1.308 r  design_1_i/processing_system7_0/inst/buffer_fclk_clk_0.FCLK_CLK_0_BUFG/O
                         net (fo=2822, routed)        1.717     3.025    design_1_i/axi_interconnect_0/xbar/inst/gen_sasd.crossbar_sasd_0/aclk
    SLICE_X5Y53          FDRE                                         r  design_1_i/axi_interconnect_0/xbar/inst/gen_sasd.crossbar_sasd_0/m_atarget_enc_reg[0]/C
  -------------------------------------------------------------------    -------------------
    SLICE_X5Y53          FDRE (Prop_fdre_C_Q)         0.456     3.481 r  design_1_i/axi_interconnect_0/xbar/inst/gen_sasd.crossbar_sasd_0/m_atarget_enc_reg[0]/Q
                         net (fo=145, routed)         4.634     8.115    design_1_i/axi_interconnect_0/xbar/inst/gen_sasd.crossbar_sasd_0/reg_slice_r/m_payload_i_reg[0]_0[0]
    SLICE_X11Y68         LUT6 (Prop_lut6_I2_O)        0.124     8.239 r  design_1_i/axi_interconnect_0/xbar/inst/gen_sasd.crossbar_sasd_0/reg_slice_r/skid_buffer[16]_i_5/O
                         net (fo=1, routed)           0.846     9.085    design_1_i/axi_interconnect_0/xbar/inst/gen_sasd.crossbar_sasd_0/reg_slice_r/skid_buffer[16]_i_5_n_0
    SLICE_X11Y61         LUT6 (Prop_lut6_I5_O)        0.124     9.209 r  design_1_i/axi_interconnect_0/xbar/inst/gen_sasd.crossbar_sasd_0/reg_slice_r/skid_buffer[16]_i_1/O
                         net (fo=2, routed)           1.167    10.376    design_1_i/axi_interconnect_0/xbar/inst/gen_sasd.crossbar_sasd_0/reg_slice_r/skid_buffer[16]_i_1_n_0
    SLICE_X8Y54          LUT3 (Prop_lut3_I0_O)        0.124    10.500 r  design_1_i/axi_interconnect_0/xbar/inst/gen_sasd.crossbar_sasd_0/reg_slice_r/m_payload_i[16]_i_1/O
                         net (fo=1, routed)           0.000    10.500    design_1_i/axi_interconnect_0/xbar/inst/gen_sasd.crossbar_sasd_0/reg_slice_r/skid_buffer[16]
    SLICE_X8Y54          FDRE                                         r  design_1_i/axi_interconnect_0/xbar/inst/gen_sasd.crossbar_sasd_0/reg_slice_r/m_payload_i_reg[16]/D
  -------------------------------------------------------------------    -------------------

                         (clock clk_fpga_0 rise edge)
                                                     20.000    20.000 r  
    PS7_X0Y0             PS7                          0.000    20.000 r  design_1_i/processing_system7_0/inst/PS7_i/FCLKCLK[0]
                         net (fo=1, routed)           1.101    21.101    design_1_i/processing_system7_0/inst/FCLK_CLK_unbuffered[0]
    BUFGCTRL_X0Y15       BUFG (Prop_bufg_I_O)         0.091    21.192 r  design_1_i/processing_system7_0/inst/buffer_fclk_clk_0.FCLK_CLK_0_BUFG/O
                         net (fo=2822, routed)        1.497    22.689    design_1_i/axi_interconnect_0/xbar/inst/gen_sasd.crossbar_sasd_0/reg_slice_r/aclk
    SLICE_X8Y54          FDRE                                         r  design_1_i/axi_interconnect_0/xbar/inst/gen_sasd.crossbar_sasd_0/reg_slice_r/m_payload_i_reg[16]/C
                         clock pessimism              0.230    22.919    
                         clock uncertainty           -0.302    22.617    
    SLICE_X8Y54          FDRE (Setup_fdre_C_D)        0.077    22.694    design_1_i/axi_interconnect_0/xbar/inst/gen_sasd.crossbar_sasd_0/reg_slice_r/m_payload_i_reg[16]
  -------------------------------------------------------------------
                         required time                         22.694    
                         arrival time                         -10.500    
  -------------------------------------------------------------------
                         slack                                 12.194    

Slack (MET) :             12.250ns  (required time - arrival time)
  Source:                 design_1_i/axi_interconnect_0/xbar/inst/gen_sasd.crossbar_sasd_0/m_atarget_enc_reg[0]/C
                            (rising edge-triggered cell FDRE clocked by clk_fpga_0  {rise@0.000ns fall@10.000ns period=20.000ns})
  Destination:            design_1_i/axi_interconnect_0/s00_couplers/auto_pc/inst/gen_axilite.gen_b2s_conv.axilite_b2s/WR.b_channel_0/s_bresp_acc_reg[1]/D
                            (rising edge-triggered cell FDRE clocked by clk_fpga_0  {rise@0.000ns fall@10.000ns period=20.000ns})
  Path Group:             clk_fpga_0
  Path Type:              Setup (Max at Slow Process Corner)
  Requirement:            20.000ns  (clk_fpga_0 rise@20.000ns - clk_fpga_0 rise@0.000ns)
  Data Path Delay:        7.373ns  (logic 1.430ns (19.396%)  route 5.943ns (80.604%))
  Logic Levels:           6  (LUT4=3 LUT5=1 LUT6=2)
  Clock Path Skew:        -0.106ns (DCD - SCD + CPR)
    Destination Clock Delay (DCD):    2.689ns = ( 22.689 - 20.000 ) 
    Source Clock Delay      (SCD):    3.025ns
    Clock Pessimism Removal (CPR):    0.230ns
  Clock Uncertainty:      0.302ns  ((TSJ^2 + TIJ^2)^1/2 + DJ) / 2 + PE
    Total System Jitter     (TSJ):    0.071ns
    Total Input Jitter      (TIJ):    0.600ns
    Discrete Jitter          (DJ):    0.000ns
    Phase Error              (PE):    0.000ns

    Location             Delay type                Incr(ns)  Path(ns)    Netlist Resource(s)
  -------------------------------------------------------------------    -------------------
                         (clock clk_fpga_0 rise edge)
                                                      0.000     0.000 r  
    PS7_X0Y0             PS7                          0.000     0.000 r  design_1_i/processing_system7_0/inst/PS7_i/FCLKCLK[0]
                         net (fo=1, routed)           1.207     1.207    design_1_i/processing_system7_0/inst/FCLK_CLK_unbuffered[0]
    BUFGCTRL_X0Y15       BUFG (Prop_bufg_I_O)         0.101     1.308 r  design_1_i/processing_system7_0/inst/buffer_fclk_clk_0.FCLK_CLK_0_BUFG/O
                         net (fo=2822, routed)        1.717     3.025    design_1_i/axi_interconnect_0/xbar/inst/gen_sasd.crossbar_sasd_0/aclk
    SLICE_X5Y53          FDRE                                         r  design_1_i/axi_interconnect_0/xbar/inst/gen_sasd.crossbar_sasd_0/m_atarget_enc_reg[0]/C
  -------------------------------------------------------------------    -------------------
    SLICE_X5Y53          FDRE (Prop_fdre_C_Q)         0.456     3.481 f  design_1_i/axi_interconnect_0/xbar/inst/gen_sasd.crossbar_sasd_0/m_atarget_enc_reg[0]/Q
                         net (fo=145, routed)         2.237     5.718    design_1_i/axi_interconnect_0/xbar/inst/gen_sasd.crossbar_sasd_0/reg_slice_r/m_payload_i_reg[0]_0[0]
    SLICE_X1Y57          LUT4 (Prop_lut4_I1_O)        0.124     5.842 f  design_1_i/axi_interconnect_0/xbar/inst/gen_sasd.crossbar_sasd_0/reg_slice_r/s_axi_bresp[1]_INST_0_i_6/O
                         net (fo=10, routed)          1.055     6.896    design_1_i/axi_interconnect_0/xbar/inst/gen_sasd.crossbar_sasd_0/splitter_aw/s_axi_bvalid[0]_INST_0_i_1_1
    SLICE_X9Y59          LUT6 (Prop_lut6_I0_O)        0.124     7.020 r  design_1_i/axi_interconnect_0/xbar/inst/gen_sasd.crossbar_sasd_0/splitter_aw/s_axi_bvalid[0]_INST_0_i_7/O
                         net (fo=2, routed)           0.502     7.523    design_1_i/axi_interconnect_0/xbar/inst/gen_sasd.crossbar_sasd_0/gen_decerr.decerr_slave_inst/s_axi_bvalid[0]_3
    SLICE_X7Y59          LUT6 (Prop_lut6_I5_O)        0.124     7.647 f  design_1_i/axi_interconnect_0/xbar/inst/gen_sasd.crossbar_sasd_0/gen_decerr.decerr_slave_inst/s_axi_bvalid[0]_INST_0_i_1/O
                         net (fo=1, routed)           0.545     8.192    design_1_i/axi_interconnect_0/xbar/inst/gen_sasd.crossbar_sasd_0/addr_arbiter_inst/s_axi_bvalid_0_sn_1
    SLICE_X7Y56          LUT5 (Prop_lut5_I4_O)        0.124     8.316 r  design_1_i/axi_interconnect_0/xbar/inst/gen_sasd.crossbar_sasd_0/addr_arbiter_inst/s_axi_bvalid[0]_INST_0/O
                         net (fo=1, routed)           1.140     9.456    design_1_i/axi_interconnect_0/s00_couplers/auto_pc/inst/gen_axilite.gen_b2s_conv.axilite_b2s/WR.b_channel_0/bresp_fifo_0/m_axi_bvalid
    SLICE_X7Y51          LUT4 (Prop_lut4_I0_O)        0.152     9.608 r  design_1_i/axi_interconnect_0/s00_couplers/auto_pc/inst/gen_axilite.gen_b2s_conv.axilite_b2s/WR.b_channel_0/bresp_fifo_0/mhandshake_r_i_1/O
                         net (fo=3, routed)           0.464    10.072    design_1_i/axi_interconnect_0/s00_couplers/auto_pc/inst/gen_axilite.gen_b2s_conv.axilite_b2s/WR.b_channel_0/mhandshake
    SLICE_X7Y51          LUT4 (Prop_lut4_I2_O)        0.326    10.398 r  design_1_i/axi_interconnect_0/s00_couplers/auto_pc/inst/gen_axilite.gen_b2s_conv.axilite_b2s/WR.b_channel_0/s_bresp_acc[1]_i_1/O
                         net (fo=1, routed)           0.000    10.398    design_1_i/axi_interconnect_0/s00_couplers/auto_pc/inst/gen_axilite.gen_b2s_conv.axilite_b2s/WR.b_channel_0/s_bresp_acc[1]_i_1_n_0
    SLICE_X7Y51          FDRE                                         r  design_1_i/axi_interconnect_0/s00_couplers/auto_pc/inst/gen_axilite.gen_b2s_conv.axilite_b2s/WR.b_channel_0/s_bresp_acc_reg[1]/D
  -------------------------------------------------------------------    -------------------

                         (clock clk_fpga_0 rise edge)
                                                     20.000    20.000 r  
    PS7_X0Y0             PS7                          0.000    20.000 r  design_1_i/processing_system7_0/inst/PS7_i/FCLKCLK[0]
                         net (fo=1, routed)           1.101    21.101    design_1_i/processing_system7_0/inst/FCLK_CLK_unbuffered[0]
    BUFGCTRL_X0Y15       BUFG (Prop_bufg_I_O)         0.091    21.192 r  design_1_i/processing_system7_0/inst/buffer_fclk_clk_0.FCLK_CLK_0_BUFG/O
                         net (fo=2822, routed)        1.497    22.689    design_1_i/axi_interconnect_0/s00_couplers/auto_pc/inst/gen_axilite.gen_b2s_conv.axilite_b2s/WR.b_channel_0/aclk
    SLICE_X7Y51          FDRE                                         r  design_1_i/axi_interconnect_0/s00_couplers/auto_pc/inst/gen_axilite.gen_b2s_conv.axilite_b2s/WR.b_channel_0/s_bresp_acc_reg[1]/C
                         clock pessimism              0.230    22.919    
                         clock uncertainty           -0.302    22.617    
    SLICE_X7Y51          FDRE (Setup_fdre_C_D)        0.031    22.648    design_1_i/axi_interconnect_0/s00_couplers/auto_pc/inst/gen_axilite.gen_b2s_conv.axilite_b2s/WR.b_channel_0/s_bresp_acc_reg[1]
  -------------------------------------------------------------------
                         required time                         22.648    
                         arrival time                         -10.398    
  -------------------------------------------------------------------
                         slack                                 12.250    

Slack (MET) :             12.261ns  (required time - arrival time)
  Source:                 design_1_i/axi_interconnect_0/xbar/inst/gen_sasd.crossbar_sasd_0/m_atarget_enc_reg[0]/C
                            (rising edge-triggered cell FDRE clocked by clk_fpga_0  {rise@0.000ns fall@10.000ns period=20.000ns})
  Destination:            design_1_i/axi_interconnect_0/s00_couplers/auto_pc/inst/gen_axilite.gen_b2s_conv.axilite_b2s/WR.b_channel_0/mhandshake_r_reg/D
                            (rising edge-triggered cell FDRE clocked by clk_fpga_0  {rise@0.000ns fall@10.000ns period=20.000ns})
  Path Group:             clk_fpga_0
  Path Type:              Setup (Max at Slow Process Corner)
  Requirement:            20.000ns  (clk_fpga_0 rise@20.000ns - clk_fpga_0 rise@0.000ns)
  Data Path Delay:        7.098ns  (logic 1.104ns (15.555%)  route 5.994ns (84.445%))
  Logic Levels:           5  (LUT4=2 LUT5=1 LUT6=2)
  Clock Path Skew:        -0.106ns (DCD - SCD + CPR)
    Destination Clock Delay (DCD):    2.689ns = ( 22.689 - 20.000 ) 
    Source Clock Delay      (SCD):    3.025ns
    Clock Pessimism Removal (CPR):    0.230ns
  Clock Uncertainty:      0.302ns  ((TSJ^2 + TIJ^2)^1/2 + DJ) / 2 + PE
    Total System Jitter     (TSJ):    0.071ns
    Total Input Jitter      (TIJ):    0.600ns
    Discrete Jitter          (DJ):    0.000ns
    Phase Error              (PE):    0.000ns

    Location             Delay type                Incr(ns)  Path(ns)    Netlist Resource(s)
  -------------------------------------------------------------------    -------------------
                         (clock clk_fpga_0 rise edge)
                                                      0.000     0.000 r  
    PS7_X0Y0             PS7                          0.000     0.000 r  design_1_i/processing_system7_0/inst/PS7_i/FCLKCLK[0]
                         net (fo=1, routed)           1.207     1.207    design_1_i/processing_system7_0/inst/FCLK_CLK_unbuffered[0]
    BUFGCTRL_X0Y15       BUFG (Prop_bufg_I_O)         0.101     1.308 r  design_1_i/processing_system7_0/inst/buffer_fclk_clk_0.FCLK_CLK_0_BUFG/O
                         net (fo=2822, routed)        1.717     3.025    design_1_i/axi_interconnect_0/xbar/inst/gen_sasd.crossbar_sasd_0/aclk
    SLICE_X5Y53          FDRE                                         r  design_1_i/axi_interconnect_0/xbar/inst/gen_sasd.crossbar_sasd_0/m_atarget_enc_reg[0]/C
  -------------------------------------------------------------------    -------------------
    SLICE_X5Y53          FDRE (Prop_fdre_C_Q)         0.456     3.481 f  design_1_i/axi_interconnect_0/xbar/inst/gen_sasd.crossbar_sasd_0/m_atarget_enc_reg[0]/Q
                         net (fo=145, routed)         2.237     5.718    design_1_i/axi_interconnect_0/xbar/inst/gen_sasd.crossbar_sasd_0/reg_slice_r/m_payload_i_reg[0]_0[0]
    SLICE_X1Y57          LUT4 (Prop_lut4_I1_O)        0.124     5.842 f  design_1_i/axi_interconnect_0/xbar/inst/gen_sasd.crossbar_sasd_0/reg_slice_r/s_axi_bresp[1]_INST_0_i_6/O
                         net (fo=10, routed)          1.055     6.896    design_1_i/axi_interconnect_0/xbar/inst/gen_sasd.crossbar_sasd_0/splitter_aw/s_axi_bvalid[0]_INST_0_i_1_1
    SLICE_X9Y59          LUT6 (Prop_lut6_I0_O)        0.124     7.020 r  design_1_i/axi_interconnect_0/xbar/inst/gen_sasd.crossbar_sasd_0/splitter_aw/s_axi_bvalid[0]_INST_0_i_7/O
                         net (fo=2, routed)           0.502     7.523    design_1_i/axi_interconnect_0/xbar/inst/gen_sasd.crossbar_sasd_0/gen_decerr.decerr_slave_inst/s_axi_bvalid[0]_3
    SLICE_X7Y59          LUT6 (Prop_lut6_I5_O)        0.124     7.647 f  design_1_i/axi_interconnect_0/xbar/inst/gen_sasd.crossbar_sasd_0/gen_decerr.decerr_slave_inst/s_axi_bvalid[0]_INST_0_i_1/O
                         net (fo=1, routed)           0.545     8.192    design_1_i/axi_interconnect_0/xbar/inst/gen_sasd.crossbar_sasd_0/addr_arbiter_inst/s_axi_bvalid_0_sn_1
    SLICE_X7Y56          LUT5 (Prop_lut5_I4_O)        0.124     8.316 r  design_1_i/axi_interconnect_0/xbar/inst/gen_sasd.crossbar_sasd_0/addr_arbiter_inst/s_axi_bvalid[0]_INST_0/O
                         net (fo=1, routed)           1.140     9.456    design_1_i/axi_interconnect_0/s00_couplers/auto_pc/inst/gen_axilite.gen_b2s_conv.axilite_b2s/WR.b_channel_0/bresp_fifo_0/m_axi_bvalid
    SLICE_X7Y51          LUT4 (Prop_lut4_I0_O)        0.152     9.608 r  design_1_i/axi_interconnect_0/s00_couplers/auto_pc/inst/gen_axilite.gen_b2s_conv.axilite_b2s/WR.b_channel_0/bresp_fifo_0/mhandshake_r_i_1/O
                         net (fo=3, routed)           0.514    10.123    design_1_i/axi_interconnect_0/s00_couplers/auto_pc/inst/gen_axilite.gen_b2s_conv.axilite_b2s/WR.b_channel_0/mhandshake
    SLICE_X6Y50          FDRE                                         r  design_1_i/axi_interconnect_0/s00_couplers/auto_pc/inst/gen_axilite.gen_b2s_conv.axilite_b2s/WR.b_channel_0/mhandshake_r_reg/D
  -------------------------------------------------------------------    -------------------

                         (clock clk_fpga_0 rise edge)
                                                     20.000    20.000 r  
    PS7_X0Y0             PS7                          0.000    20.000 r  design_1_i/processing_system7_0/inst/PS7_i/FCLKCLK[0]
                         net (fo=1, routed)           1.101    21.101    design_1_i/processing_system7_0/inst/FCLK_CLK_unbuffered[0]
    BUFGCTRL_X0Y15       BUFG (Prop_bufg_I_O)         0.091    21.192 r  design_1_i/processing_system7_0/inst/buffer_fclk_clk_0.FCLK_CLK_0_BUFG/O
                         net (fo=2822, routed)        1.497    22.689    design_1_i/axi_interconnect_0/s00_couplers/auto_pc/inst/gen_axilite.gen_b2s_conv.axilite_b2s/WR.b_channel_0/aclk
    SLICE_X6Y50          FDRE                                         r  design_1_i/axi_interconnect_0/s00_couplers/auto_pc/inst/gen_axilite.gen_b2s_conv.axilite_b2s/WR.b_channel_0/mhandshake_r_reg/C
                         clock pessimism              0.230    22.919    
                         clock uncertainty           -0.302    22.617    
    SLICE_X6Y50          FDRE (Setup_fdre_C_D)       -0.233    22.384    design_1_i/axi_interconnect_0/s00_couplers/auto_pc/inst/gen_axilite.gen_b2s_conv.axilite_b2s/WR.b_channel_0/mhandshake_r_reg
  -------------------------------------------------------------------
                         required time                         22.384    
                         arrival time                         -10.123    
  -------------------------------------------------------------------
                         slack                                 12.261    

Slack (MET) :             12.343ns  (required time - arrival time)
  Source:                 design_1_i/axi_interconnect_0/xbar/inst/gen_sasd.crossbar_sasd_0/m_atarget_enc_reg[0]/C
                            (rising edge-triggered cell FDRE clocked by clk_fpga_0  {rise@0.000ns fall@10.000ns period=20.000ns})
  Destination:            design_1_i/axi_interconnect_0/xbar/inst/gen_sasd.crossbar_sasd_0/reg_slice_r/m_payload_i_reg[5]/D
                            (rising edge-triggered cell FDRE clocked by clk_fpga_0  {rise@0.000ns fall@10.000ns period=20.000ns})
  Path Group:             clk_fpga_0
  Path Type:              Setup (Max at Slow Process Corner)
  Requirement:            20.000ns  (clk_fpga_0 rise@20.000ns - clk_fpga_0 rise@0.000ns)
  Data Path Delay:        7.222ns  (logic 0.828ns (11.465%)  route 6.394ns (88.535%))
  Logic Levels:           3  (LUT6=3)
  Clock Path Skew:        -0.105ns (DCD - SCD + CPR)
    Destination Clock Delay (DCD):    2.690ns = ( 22.690 - 20.000 ) 
    Source Clock Delay      (SCD):    3.025ns
    Clock Pessimism Removal (CPR):    0.230ns
  Clock Uncertainty:      0.302ns  ((TSJ^2 + TIJ^2)^1/2 + DJ) / 2 + PE
    Total System Jitter     (TSJ):    0.071ns
    Total Input Jitter      (TIJ):    0.600ns
    Discrete Jitter          (DJ):    0.000ns
    Phase Error              (PE):    0.000ns

    Location             Delay type                Incr(ns)  Path(ns)    Netlist Resource(s)
  -------------------------------------------------------------------    -------------------
                         (clock clk_fpga_0 rise edge)
                                                      0.000     0.000 r  
    PS7_X0Y0             PS7                          0.000     0.000 r  design_1_i/processing_system7_0/inst/PS7_i/FCLKCLK[0]
                         net (fo=1, routed)           1.207     1.207    design_1_i/processing_system7_0/inst/FCLK_CLK_unbuffered[0]
    BUFGCTRL_X0Y15       BUFG (Prop_bufg_I_O)         0.101     1.308 r  design_1_i/processing_system7_0/inst/buffer_fclk_clk_0.FCLK_CLK_0_BUFG/O
                         net (fo=2822, routed)        1.717     3.025    design_1_i/axi_interconnect_0/xbar/inst/gen_sasd.crossbar_sasd_0/aclk
    SLICE_X5Y53          FDRE                                         r  design_1_i/axi_interconnect_0/xbar/inst/gen_sasd.crossbar_sasd_0/m_atarget_enc_reg[0]/C
  -------------------------------------------------------------------    -------------------
    SLICE_X5Y53          FDRE (Prop_fdre_C_Q)         0.456     3.481 r  design_1_i/axi_interconnect_0/xbar/inst/gen_sasd.crossbar_sasd_0/m_atarget_enc_reg[0]/Q
                         net (fo=145, routed)         4.425     7.906    design_1_i/axi_interconnect_0/xbar/inst/gen_sasd.crossbar_sasd_0/reg_slice_r/m_payload_i_reg[0]_0[0]
    SLICE_X10Y68         LUT6 (Prop_lut6_I1_O)        0.124     8.030 r  design_1_i/axi_interconnect_0/xbar/inst/gen_sasd.crossbar_sasd_0/reg_slice_r/m_payload_i[5]_i_6/O
                         net (fo=1, routed)           0.943     8.973    design_1_i/axi_interconnect_0/xbar/inst/gen_sasd.crossbar_sasd_0/reg_slice_r/m_payload_i[5]_i_6_n_0
    SLICE_X12Y60         LUT6 (Prop_lut6_I4_O)        0.124     9.097 f  design_1_i/axi_interconnect_0/xbar/inst/gen_sasd.crossbar_sasd_0/reg_slice_r/m_payload_i[5]_i_5/O
                         net (fo=1, routed)           0.340     9.437    design_1_i/axi_interconnect_0/xbar/inst/gen_sasd.crossbar_sasd_0/reg_slice_r/m_payload_i[5]_i_5_n_0
    SLICE_X13Y60         LUT6 (Prop_lut6_I5_O)        0.124     9.561 r  design_1_i/axi_interconnect_0/xbar/inst/gen_sasd.crossbar_sasd_0/reg_slice_r/m_payload_i[5]_i_1/O
                         net (fo=2, routed)           0.686    10.247    design_1_i/axi_interconnect_0/xbar/inst/gen_sasd.crossbar_sasd_0/reg_slice_r/skid_buffer[5]
    SLICE_X12Y51         FDRE                                         r  design_1_i/axi_interconnect_0/xbar/inst/gen_sasd.crossbar_sasd_0/reg_slice_r/m_payload_i_reg[5]/D
  -------------------------------------------------------------------    -------------------

                         (clock clk_fpga_0 rise edge)
                                                     20.000    20.000 r  
    PS7_X0Y0             PS7                          0.000    20.000 r  design_1_i/processing_system7_0/inst/PS7_i/FCLKCLK[0]
                         net (fo=1, routed)           1.101    21.101    design_1_i/processing_system7_0/inst/FCLK_CLK_unbuffered[0]
    BUFGCTRL_X0Y15       BUFG (Prop_bufg_I_O)         0.091    21.192 r  design_1_i/processing_system7_0/inst/buffer_fclk_clk_0.FCLK_CLK_0_BUFG/O
                         net (fo=2822, routed)        1.498    22.690    design_1_i/axi_interconnect_0/xbar/inst/gen_sasd.crossbar_sasd_0/reg_slice_r/aclk
    SLICE_X12Y51         FDRE                                         r  design_1_i/axi_interconnect_0/xbar/inst/gen_sasd.crossbar_sasd_0/reg_slice_r/m_payload_i_reg[5]/C
                         clock pessimism              0.230    22.920    
                         clock uncertainty           -0.302    22.618    
    SLICE_X12Y51         FDRE (Setup_fdre_C_D)       -0.028    22.590    design_1_i/axi_interconnect_0/xbar/inst/gen_sasd.crossbar_sasd_0/reg_slice_r/m_payload_i_reg[5]
  -------------------------------------------------------------------
                         required time                         22.590    
                         arrival time                         -10.247    
  -------------------------------------------------------------------
                         slack                                 12.343    





Min Delay Paths
--------------------------------------------------------------------------------------
Slack (MET) :             0.024ns  (arrival time - required time)
  Source:                 design_1_i/axi_interconnect_0/s00_couplers/auto_pc/inst/gen_axilite.gen_b2s_conv.axilite_b2s/SI_REG/r.r_pipe/skid_buffer_reg[25]/C
                            (rising edge-triggered cell FDRE clocked by clk_fpga_0  {rise@0.000ns fall@10.000ns period=20.000ns})
  Destination:            design_1_i/axi_interconnect_0/s00_couplers/auto_pc/inst/gen_axilite.gen_b2s_conv.axilite_b2s/SI_REG/r.r_pipe/m_payload_i_reg[25]/D
                            (rising edge-triggered cell FDRE clocked by clk_fpga_0  {rise@0.000ns fall@10.000ns period=20.000ns})
  Path Group:             clk_fpga_0
  Path Type:              Hold (Min at Fast Process Corner)
  Requirement:            0.000ns  (clk_fpga_0 rise@0.000ns - clk_fpga_0 rise@0.000ns)
  Data Path Delay:        0.386ns  (logic 0.186ns (48.245%)  route 0.200ns (51.755%))
  Logic Levels:           1  (LUT3=1)
  Clock Path Skew:        0.270ns (DCD - SCD - CPR)
    Destination Clock Delay (DCD):    1.224ns
    Source Clock Delay      (SCD):    0.925ns
    Clock Pessimism Removal (CPR):    0.029ns

    Location             Delay type                Incr(ns)  Path(ns)    Netlist Resource(s)
  -------------------------------------------------------------------    -------------------
                         (clock clk_fpga_0 rise edge)
                                                      0.000     0.000 r  
    PS7_X0Y0             PS7                          0.000     0.000 r  design_1_i/processing_system7_0/inst/PS7_i/FCLKCLK[0]
                         net (fo=1, routed)           0.315     0.315    design_1_i/processing_system7_0/inst/FCLK_CLK_unbuffered[0]
    BUFGCTRL_X0Y15       BUFG (Prop_bufg_I_O)         0.026     0.341 r  design_1_i/processing_system7_0/inst/buffer_fclk_clk_0.FCLK_CLK_0_BUFG/O
                         net (fo=2822, routed)        0.584     0.925    design_1_i/axi_interconnect_0/s00_couplers/auto_pc/inst/gen_axilite.gen_b2s_conv.axilite_b2s/SI_REG/r.r_pipe/aclk
    SLICE_X5Y50          FDRE                                         r  design_1_i/axi_interconnect_0/s00_couplers/auto_pc/inst/gen_axilite.gen_b2s_conv.axilite_b2s/SI_REG/r.r_pipe/skid_buffer_reg[25]/C
  -------------------------------------------------------------------    -------------------
    SLICE_X5Y50          FDRE (Prop_fdre_C_Q)         0.141     1.066 r  design_1_i/axi_interconnect_0/s00_couplers/auto_pc/inst/gen_axilite.gen_b2s_conv.axilite_b2s/SI_REG/r.r_pipe/skid_buffer_reg[25]/Q
                         net (fo=1, routed)           0.200     1.265    design_1_i/axi_interconnect_0/s00_couplers/auto_pc/inst/gen_axilite.gen_b2s_conv.axilite_b2s/SI_REG/r.r_pipe/skid_buffer_reg_n_0_[25]
    SLICE_X5Y49          LUT3 (Prop_lut3_I2_O)        0.045     1.310 r  design_1_i/axi_interconnect_0/s00_couplers/auto_pc/inst/gen_axilite.gen_b2s_conv.axilite_b2s/SI_REG/r.r_pipe/m_payload_i[25]_i_1__1/O
                         net (fo=1, routed)           0.000     1.310    design_1_i/axi_interconnect_0/s00_couplers/auto_pc/inst/gen_axilite.gen_b2s_conv.axilite_b2s/SI_REG/r.r_pipe/m_payload_i[25]_i_1__1_n_0
    SLICE_X5Y49          FDRE                                         r  design_1_i/axi_interconnect_0/s00_couplers/auto_pc/inst/gen_axilite.gen_b2s_conv.axilite_b2s/SI_REG/r.r_pipe/m_payload_i_reg[25]/D
  -------------------------------------------------------------------    -------------------

                         (clock clk_fpga_0 rise edge)
                                                      0.000     0.000 r  
    PS7_X0Y0             PS7                          0.000     0.000 r  design_1_i/processing_system7_0/inst/PS7_i/FCLKCLK[0]
                         net (fo=1, routed)           0.341     0.341    design_1_i/processing_system7_0/inst/FCLK_CLK_unbuffered[0]
    BUFGCTRL_X0Y15       BUFG (Prop_bufg_I_O)         0.029     0.370 r  design_1_i/processing_system7_0/inst/buffer_fclk_clk_0.FCLK_CLK_0_BUFG/O
                         net (fo=2822, routed)        0.854     1.224    design_1_i/axi_interconnect_0/s00_couplers/auto_pc/inst/gen_axilite.gen_b2s_conv.axilite_b2s/SI_REG/r.r_pipe/aclk
    SLICE_X5Y49          FDRE                                         r  design_1_i/axi_interconnect_0/s00_couplers/auto_pc/inst/gen_axilite.gen_b2s_conv.axilite_b2s/SI_REG/r.r_pipe/m_payload_i_reg[25]/C
                         clock pessimism             -0.029     1.195    
    SLICE_X5Y49          FDRE (Hold_fdre_C_D)         0.091     1.286    design_1_i/axi_interconnect_0/s00_couplers/auto_pc/inst/gen_axilite.gen_b2s_conv.axilite_b2s/SI_REG/r.r_pipe/m_payload_i_reg[25]
  -------------------------------------------------------------------
                         required time                         -1.286    
                         arrival time                           1.310    
  -------------------------------------------------------------------
                         slack                                  0.024    

Slack (MET) :             0.027ns  (arrival time - required time)
  Source:                 design_1_i/axi_gpio_3/U0/ip2bus_data_i_D1_reg[22]/C
                            (rising edge-triggered cell FDRE clocked by clk_fpga_0  {rise@0.000ns fall@10.000ns period=20.000ns})
  Destination:            design_1_i/axi_gpio_3/U0/AXI_LITE_IPIF_I/I_SLAVE_ATTACHMENT/s_axi_rdata_i_reg[9]/D
                            (rising edge-triggered cell FDRE clocked by clk_fpga_0  {rise@0.000ns fall@10.000ns period=20.000ns})
  Path Group:             clk_fpga_0
  Path Type:              Hold (Min at Fast Process Corner)
  Requirement:            0.000ns  (clk_fpga_0 rise@0.000ns - clk_fpga_0 rise@0.000ns)
  Data Path Delay:        0.361ns  (logic 0.141ns (39.103%)  route 0.220ns (60.897%))
  Logic Levels:           0  
  Clock Path Skew:        0.267ns (DCD - SCD - CPR)
    Destination Clock Delay (DCD):    1.198ns
    Source Clock Delay      (SCD):    0.897ns
    Clock Pessimism Removal (CPR):    0.034ns

    Location             Delay type                Incr(ns)  Path(ns)    Netlist Resource(s)
  -------------------------------------------------------------------    -------------------
                         (clock clk_fpga_0 rise edge)
                                                      0.000     0.000 r  
    PS7_X0Y0             PS7                          0.000     0.000 r  design_1_i/processing_system7_0/inst/PS7_i/FCLKCLK[0]
                         net (fo=1, routed)           0.315     0.315    design_1_i/processing_system7_0/inst/FCLK_CLK_unbuffered[0]
    BUFGCTRL_X0Y15       BUFG (Prop_bufg_I_O)         0.026     0.341 r  design_1_i/processing_system7_0/inst/buffer_fclk_clk_0.FCLK_CLK_0_BUFG/O
                         net (fo=2822, routed)        0.556     0.897    design_1_i/axi_gpio_3/U0/s_axi_aclk
    SLICE_X23Y60         FDRE                                         r  design_1_i/axi_gpio_3/U0/ip2bus_data_i_D1_reg[22]/C
  -------------------------------------------------------------------    -------------------
    SLICE_X23Y60         FDRE (Prop_fdre_C_Q)         0.141     1.038 r  design_1_i/axi_gpio_3/U0/ip2bus_data_i_D1_reg[22]/Q
                         net (fo=1, routed)           0.220     1.257    design_1_i/axi_gpio_3/U0/AXI_LITE_IPIF_I/I_SLAVE_ATTACHMENT/s_axi_rdata_i_reg[31]_0[9]
    SLICE_X17Y60         FDRE                                         r  design_1_i/axi_gpio_3/U0/AXI_LITE_IPIF_I/I_SLAVE_ATTACHMENT/s_axi_rdata_i_reg[9]/D
  -------------------------------------------------------------------    -------------------

                         (clock clk_fpga_0 rise edge)
                                                      0.000     0.000 r  
    PS7_X0Y0             PS7                          0.000     0.000 r  design_1_i/processing_system7_0/inst/PS7_i/FCLKCLK[0]
                         net (fo=1, routed)           0.341     0.341    design_1_i/processing_system7_0/inst/FCLK_CLK_unbuffered[0]
    BUFGCTRL_X0Y15       BUFG (Prop_bufg_I_O)         0.029     0.370 r  design_1_i/processing_system7_0/inst/buffer_fclk_clk_0.FCLK_CLK_0_BUFG/O
                         net (fo=2822, routed)        0.828     1.198    design_1_i/axi_gpio_3/U0/AXI_LITE_IPIF_I/I_SLAVE_ATTACHMENT/s_axi_aclk
    SLICE_X17Y60         FDRE                                         r  design_1_i/axi_gpio_3/U0/AXI_LITE_IPIF_I/I_SLAVE_ATTACHMENT/s_axi_rdata_i_reg[9]/C
                         clock pessimism             -0.034     1.164    
    SLICE_X17Y60         FDRE (Hold_fdre_C_D)         0.066     1.230    design_1_i/axi_gpio_3/U0/AXI_LITE_IPIF_I/I_SLAVE_ATTACHMENT/s_axi_rdata_i_reg[9]
  -------------------------------------------------------------------
                         required time                         -1.230    
                         arrival time                           1.257    
  -------------------------------------------------------------------
                         slack                                  0.027    

Slack (MET) :             0.027ns  (arrival time - required time)
  Source:                 design_1_i/axi_gpio_2/U0/gpio_core_1/Not_Dual.gpio_Data_In_reg[1]/C
                            (rising edge-triggered cell FDRE clocked by clk_fpga_0  {rise@0.000ns fall@10.000ns period=20.000ns})
  Destination:            design_1_i/axi_gpio_2/U0/gpio_core_1/Not_Dual.ALLOUT0_ND.READ_REG_GEN[1].reg1_reg[17]/D
                            (rising edge-triggered cell FDRE clocked by clk_fpga_0  {rise@0.000ns fall@10.000ns period=20.000ns})
  Path Group:             clk_fpga_0
  Path Type:              Hold (Min at Fast Process Corner)
  Requirement:            0.000ns  (clk_fpga_0 rise@0.000ns - clk_fpga_0 rise@0.000ns)
  Data Path Delay:        0.385ns  (logic 0.186ns (48.341%)  route 0.199ns (51.659%))
  Logic Levels:           1  (LUT5=1)
  Clock Path Skew:        0.266ns (DCD - SCD - CPR)
    Destination Clock Delay (DCD):    1.199ns
    Source Clock Delay      (SCD):    0.899ns
    Clock Pessimism Removal (CPR):    0.034ns

    Location             Delay type                Incr(ns)  Path(ns)    Netlist Resource(s)
  -------------------------------------------------------------------    -------------------
                         (clock clk_fpga_0 rise edge)
                                                      0.000     0.000 r  
    PS7_X0Y0             PS7                          0.000     0.000 r  design_1_i/processing_system7_0/inst/PS7_i/FCLKCLK[0]
                         net (fo=1, routed)           0.315     0.315    design_1_i/processing_system7_0/inst/FCLK_CLK_unbuffered[0]
    BUFGCTRL_X0Y15       BUFG (Prop_bufg_I_O)         0.026     0.341 r  design_1_i/processing_system7_0/inst/buffer_fclk_clk_0.FCLK_CLK_0_BUFG/O
                         net (fo=2822, routed)        0.558     0.899    design_1_i/axi_gpio_2/U0/gpio_core_1/s_axi_aclk
    SLICE_X25Y53         FDRE                                         r  design_1_i/axi_gpio_2/U0/gpio_core_1/Not_Dual.gpio_Data_In_reg[1]/C
  -------------------------------------------------------------------    -------------------
    SLICE_X25Y53         FDRE (Prop_fdre_C_Q)         0.141     1.040 r  design_1_i/axi_gpio_2/U0/gpio_core_1/Not_Dual.gpio_Data_In_reg[1]/Q
                         net (fo=2, routed)           0.199     1.238    design_1_i/axi_gpio_2/U0/gpio_core_1/gpio_Data_In[1]
    SLICE_X21Y54         LUT5 (Prop_lut5_I0_O)        0.045     1.283 r  design_1_i/axi_gpio_2/U0/gpio_core_1/Not_Dual.ALLOUT0_ND.READ_REG_GEN[1].reg1[17]_i_1/O
                         net (fo=1, routed)           0.000     1.283    design_1_i/axi_gpio_2/U0/gpio_core_1/Not_Dual.ALLOUT0_ND.READ_REG_GEN[1].reg1[17]_i_1_n_0
    SLICE_X21Y54         FDRE                                         r  design_1_i/axi_gpio_2/U0/gpio_core_1/Not_Dual.ALLOUT0_ND.READ_REG_GEN[1].reg1_reg[17]/D
  -------------------------------------------------------------------    -------------------

                         (clock clk_fpga_0 rise edge)
                                                      0.000     0.000 r  
    PS7_X0Y0             PS7                          0.000     0.000 r  design_1_i/processing_system7_0/inst/PS7_i/FCLKCLK[0]
                         net (fo=1, routed)           0.341     0.341    design_1_i/processing_system7_0/inst/FCLK_CLK_unbuffered[0]
    BUFGCTRL_X0Y15       BUFG (Prop_bufg_I_O)         0.029     0.370 r  design_1_i/processing_system7_0/inst/buffer_fclk_clk_0.FCLK_CLK_0_BUFG/O
                         net (fo=2822, routed)        0.829     1.199    design_1_i/axi_gpio_2/U0/gpio_core_1/s_axi_aclk
    SLICE_X21Y54         FDRE                                         r  design_1_i/axi_gpio_2/U0/gpio_core_1/Not_Dual.ALLOUT0_ND.READ_REG_GEN[1].reg1_reg[17]/C
                         clock pessimism             -0.034     1.165    
    SLICE_X21Y54         FDRE (Hold_fdre_C_D)         0.091     1.256    design_1_i/axi_gpio_2/U0/gpio_core_1/Not_Dual.ALLOUT0_ND.READ_REG_GEN[1].reg1_reg[17]
  -------------------------------------------------------------------
                         required time                         -1.256    
                         arrival time                           1.283    
  -------------------------------------------------------------------
                         slack                                  0.027    

Slack (MET) :             0.027ns  (arrival time - required time)
  Source:                 design_1_i/axi_gpio_2/U0/gpio_core_1/Not_Dual.gpio_Data_In_reg[1]/C
                            (rising edge-triggered cell FDRE clocked by clk_fpga_0  {rise@0.000ns fall@10.000ns period=20.000ns})
  Destination:            design_1_i/axi_gpio_2/U0/gpio_core_1/Not_Dual.ALLOUT0_ND.READ_REG_GEN[1].reg2_reg[17]/D
                            (rising edge-triggered cell FDRE clocked by clk_fpga_0  {rise@0.000ns fall@10.000ns period=20.000ns})
  Path Group:             clk_fpga_0
  Path Type:              Hold (Min at Fast Process Corner)
  Requirement:            0.000ns  (clk_fpga_0 rise@0.000ns - clk_fpga_0 rise@0.000ns)
  Data Path Delay:        0.386ns  (logic 0.186ns (48.215%)  route 0.200ns (51.785%))
  Logic Levels:           1  (LUT5=1)
  Clock Path Skew:        0.266ns (DCD - SCD - CPR)
    Destination Clock Delay (DCD):    1.199ns
    Source Clock Delay      (SCD):    0.899ns
    Clock Pessimism Removal (CPR):    0.034ns

    Location             Delay type                Incr(ns)  Path(ns)    Netlist Resource(s)
  -------------------------------------------------------------------    -------------------
                         (clock clk_fpga_0 rise edge)
                                                      0.000     0.000 r  
    PS7_X0Y0             PS7                          0.000     0.000 r  design_1_i/processing_system7_0/inst/PS7_i/FCLKCLK[0]
                         net (fo=1, routed)           0.315     0.315    design_1_i/processing_system7_0/inst/FCLK_CLK_unbuffered[0]
    BUFGCTRL_X0Y15       BUFG (Prop_bufg_I_O)         0.026     0.341 r  design_1_i/processing_system7_0/inst/buffer_fclk_clk_0.FCLK_CLK_0_BUFG/O
                         net (fo=2822, routed)        0.558     0.899    design_1_i/axi_gpio_2/U0/gpio_core_1/s_axi_aclk
    SLICE_X25Y53         FDRE                                         r  design_1_i/axi_gpio_2/U0/gpio_core_1/Not_Dual.gpio_Data_In_reg[1]/C
  -------------------------------------------------------------------    -------------------
    SLICE_X25Y53         FDRE (Prop_fdre_C_Q)         0.141     1.040 r  design_1_i/axi_gpio_2/U0/gpio_core_1/Not_Dual.gpio_Data_In_reg[1]/Q
                         net (fo=2, routed)           0.200     1.239    design_1_i/axi_gpio_2/U0/gpio_core_1/gpio_Data_In[1]
    SLICE_X21Y54         LUT5 (Prop_lut5_I0_O)        0.045     1.284 r  design_1_i/axi_gpio_2/U0/gpio_core_1/Not_Dual.ALLOUT0_ND.READ_REG_GEN[1].reg2[17]_i_1/O
                         net (fo=1, routed)           0.000     1.284    design_1_i/axi_gpio_2/U0/gpio_core_1/Not_Dual.ALLOUT0_ND.READ_REG_GEN[1].reg2[17]_i_1_n_0
    SLICE_X21Y54         FDRE                                         r  design_1_i/axi_gpio_2/U0/gpio_core_1/Not_Dual.ALLOUT0_ND.READ_REG_GEN[1].reg2_reg[17]/D
  -------------------------------------------------------------------    -------------------

                         (clock clk_fpga_0 rise edge)
                                                      0.000     0.000 r  
    PS7_X0Y0             PS7                          0.000     0.000 r  design_1_i/processing_system7_0/inst/PS7_i/FCLKCLK[0]
                         net (fo=1, routed)           0.341     0.341    design_1_i/processing_system7_0/inst/FCLK_CLK_unbuffered[0]
    BUFGCTRL_X0Y15       BUFG (Prop_bufg_I_O)         0.029     0.370 r  design_1_i/processing_system7_0/inst/buffer_fclk_clk_0.FCLK_CLK_0_BUFG/O
                         net (fo=2822, routed)        0.829     1.199    design_1_i/axi_gpio_2/U0/gpio_core_1/s_axi_aclk
    SLICE_X21Y54         FDRE                                         r  design_1_i/axi_gpio_2/U0/gpio_core_1/Not_Dual.ALLOUT0_ND.READ_REG_GEN[1].reg2_reg[17]/C
                         clock pessimism             -0.034     1.165    
    SLICE_X21Y54         FDRE (Hold_fdre_C_D)         0.092     1.257    design_1_i/axi_gpio_2/U0/gpio_core_1/Not_Dual.ALLOUT0_ND.READ_REG_GEN[1].reg2_reg[17]
  -------------------------------------------------------------------
                         required time                         -1.257    
                         arrival time                           1.284    
  -------------------------------------------------------------------
                         slack                                  0.027    

Slack (MET) :             0.038ns  (arrival time - required time)
  Source:                 design_1_i/axi_interconnect_0/s00_couplers/auto_pc/inst/gen_axilite.gen_b2s_conv.axilite_b2s/SI_REG/aw.aw_pipe/skid_buffer_reg[39]/C
                            (rising edge-triggered cell FDRE clocked by clk_fpga_0  {rise@0.000ns fall@10.000ns period=20.000ns})
  Destination:            design_1_i/axi_interconnect_0/s00_couplers/auto_pc/inst/gen_axilite.gen_b2s_conv.axilite_b2s/SI_REG/aw.aw_pipe/m_payload_i_reg[39]/D
                            (rising edge-triggered cell FDRE clocked by clk_fpga_0  {rise@0.000ns fall@10.000ns period=20.000ns})
  Path Group:             clk_fpga_0
  Path Type:              Hold (Min at Fast Process Corner)
  Requirement:            0.000ns  (clk_fpga_0 rise@0.000ns - clk_fpga_0 rise@0.000ns)
  Data Path Delay:        0.415ns  (logic 0.186ns (44.794%)  route 0.229ns (55.206%))
  Logic Levels:           1  (LUT3=1)
  Clock Path Skew:        0.270ns (DCD - SCD - CPR)
    Destination Clock Delay (DCD):    1.224ns
    Source Clock Delay      (SCD):    0.925ns
    Clock Pessimism Removal (CPR):    0.029ns

    Location             Delay type                Incr(ns)  Path(ns)    Netlist Resource(s)
  -------------------------------------------------------------------    -------------------
                         (clock clk_fpga_0 rise edge)
                                                      0.000     0.000 r  
    PS7_X0Y0             PS7                          0.000     0.000 r  design_1_i/processing_system7_0/inst/PS7_i/FCLKCLK[0]
                         net (fo=1, routed)           0.315     0.315    design_1_i/processing_system7_0/inst/FCLK_CLK_unbuffered[0]
    BUFGCTRL_X0Y15       BUFG (Prop_bufg_I_O)         0.026     0.341 r  design_1_i/processing_system7_0/inst/buffer_fclk_clk_0.FCLK_CLK_0_BUFG/O
                         net (fo=2822, routed)        0.584     0.925    design_1_i/axi_interconnect_0/s00_couplers/auto_pc/inst/gen_axilite.gen_b2s_conv.axilite_b2s/SI_REG/aw.aw_pipe/aclk
    SLICE_X2Y50          FDRE                                         r  design_1_i/axi_interconnect_0/s00_couplers/auto_pc/inst/gen_axilite.gen_b2s_conv.axilite_b2s/SI_REG/aw.aw_pipe/skid_buffer_reg[39]/C
  -------------------------------------------------------------------    -------------------
    SLICE_X2Y50          FDRE (Prop_fdre_C_Q)         0.141     1.066 r  design_1_i/axi_interconnect_0/s00_couplers/auto_pc/inst/gen_axilite.gen_b2s_conv.axilite_b2s/SI_REG/aw.aw_pipe/skid_buffer_reg[39]/Q
                         net (fo=1, routed)           0.229     1.295    design_1_i/axi_interconnect_0/s00_couplers/auto_pc/inst/gen_axilite.gen_b2s_conv.axilite_b2s/SI_REG/aw.aw_pipe/skid_buffer_reg_n_0_[39]
    SLICE_X2Y49          LUT3 (Prop_lut3_I2_O)        0.045     1.340 r  design_1_i/axi_interconnect_0/s00_couplers/auto_pc/inst/gen_axilite.gen_b2s_conv.axilite_b2s/SI_REG/aw.aw_pipe/m_payload_i[39]_i_1/O
                         net (fo=1, routed)           0.000     1.340    design_1_i/axi_interconnect_0/s00_couplers/auto_pc/inst/gen_axilite.gen_b2s_conv.axilite_b2s/SI_REG/aw.aw_pipe/skid_buffer[39]
    SLICE_X2Y49          FDRE                                         r  design_1_i/axi_interconnect_0/s00_couplers/auto_pc/inst/gen_axilite.gen_b2s_conv.axilite_b2s/SI_REG/aw.aw_pipe/m_payload_i_reg[39]/D
  -------------------------------------------------------------------    -------------------

                         (clock clk_fpga_0 rise edge)
                                                      0.000     0.000 r  
    PS7_X0Y0             PS7                          0.000     0.000 r  design_1_i/processing_system7_0/inst/PS7_i/FCLKCLK[0]
                         net (fo=1, routed)           0.341     0.341    design_1_i/processing_system7_0/inst/FCLK_CLK_unbuffered[0]
    BUFGCTRL_X0Y15       BUFG (Prop_bufg_I_O)         0.029     0.370 r  design_1_i/processing_system7_0/inst/buffer_fclk_clk_0.FCLK_CLK_0_BUFG/O
                         net (fo=2822, routed)        0.854     1.224    design_1_i/axi_interconnect_0/s00_couplers/auto_pc/inst/gen_axilite.gen_b2s_conv.axilite_b2s/SI_REG/aw.aw_pipe/aclk
    SLICE_X2Y49          FDRE                                         r  design_1_i/axi_interconnect_0/s00_couplers/auto_pc/inst/gen_axilite.gen_b2s_conv.axilite_b2s/SI_REG/aw.aw_pipe/m_payload_i_reg[39]/C
                         clock pessimism             -0.029     1.195    
    SLICE_X2Y49          FDRE (Hold_fdre_C_D)         0.107     1.302    design_1_i/axi_interconnect_0/s00_couplers/auto_pc/inst/gen_axilite.gen_b2s_conv.axilite_b2s/SI_REG/aw.aw_pipe/m_payload_i_reg[39]
  -------------------------------------------------------------------
                         required time                         -1.302    
                         arrival time                           1.340    
  -------------------------------------------------------------------
                         slack                                  0.038    

Slack (MET) :             0.038ns  (arrival time - required time)
  Source:                 design_1_i/axi_interconnect_0/s00_couplers/auto_pc/inst/gen_axilite.gen_b2s_conv.axilite_b2s/SI_REG/aw.aw_pipe/m_payload_i_reg[53]/C
                            (rising edge-triggered cell FDRE clocked by clk_fpga_0  {rise@0.000ns fall@10.000ns period=20.000ns})
  Destination:            design_1_i/axi_interconnect_0/s00_couplers/auto_pc/inst/gen_axilite.gen_b2s_conv.axilite_b2s/WR.aw_channel_0/s_awid_r_reg[3]/D
                            (rising edge-triggered cell FDRE clocked by clk_fpga_0  {rise@0.000ns fall@10.000ns period=20.000ns})
  Path Group:             clk_fpga_0
  Path Type:              Hold (Min at Fast Process Corner)
  Requirement:            0.000ns  (clk_fpga_0 rise@0.000ns - clk_fpga_0 rise@0.000ns)
  Data Path Delay:        0.298ns  (logic 0.128ns (42.987%)  route 0.170ns (57.013%))
  Logic Levels:           0  
  Clock Path Skew:        0.265ns (DCD - SCD - CPR)
    Destination Clock Delay (DCD):    1.221ns
    Source Clock Delay      (SCD):    0.927ns
    Clock Pessimism Removal (CPR):    0.029ns

    Location             Delay type                Incr(ns)  Path(ns)    Netlist Resource(s)
  -------------------------------------------------------------------    -------------------
                         (clock clk_fpga_0 rise edge)
                                                      0.000     0.000 r  
    PS7_X0Y0             PS7                          0.000     0.000 r  design_1_i/processing_system7_0/inst/PS7_i/FCLKCLK[0]
                         net (fo=1, routed)           0.315     0.315    design_1_i/processing_system7_0/inst/FCLK_CLK_unbuffered[0]
    BUFGCTRL_X0Y15       BUFG (Prop_bufg_I_O)         0.026     0.341 r  design_1_i/processing_system7_0/inst/buffer_fclk_clk_0.FCLK_CLK_0_BUFG/O
                         net (fo=2822, routed)        0.586     0.927    design_1_i/axi_interconnect_0/s00_couplers/auto_pc/inst/gen_axilite.gen_b2s_conv.axilite_b2s/SI_REG/aw.aw_pipe/aclk
    SLICE_X2Y49          FDRE                                         r  design_1_i/axi_interconnect_0/s00_couplers/auto_pc/inst/gen_axilite.gen_b2s_conv.axilite_b2s/SI_REG/aw.aw_pipe/m_payload_i_reg[53]/C
  -------------------------------------------------------------------    -------------------
    SLICE_X2Y49          FDRE (Prop_fdre_C_Q)         0.128     1.055 r  design_1_i/axi_interconnect_0/s00_couplers/auto_pc/inst/gen_axilite.gen_b2s_conv.axilite_b2s/SI_REG/aw.aw_pipe/m_payload_i_reg[53]/Q
                         net (fo=1, routed)           0.170     1.224    design_1_i/axi_interconnect_0/s00_couplers/auto_pc/inst/gen_axilite.gen_b2s_conv.axilite_b2s/WR.aw_channel_0/s_awid_r_reg[11]_0[22]
    SLICE_X1Y50          FDRE                                         r  design_1_i/axi_interconnect_0/s00_couplers/auto_pc/inst/gen_axilite.gen_b2s_conv.axilite_b2s/WR.aw_channel_0/s_awid_r_reg[3]/D
  -------------------------------------------------------------------    -------------------

                         (clock clk_fpga_0 rise edge)
                                                      0.000     0.000 r  
    PS7_X0Y0             PS7                          0.000     0.000 r  design_1_i/processing_system7_0/inst/PS7_i/FCLKCLK[0]
                         net (fo=1, routed)           0.341     0.341    design_1_i/processing_system7_0/inst/FCLK_CLK_unbuffered[0]
    BUFGCTRL_X0Y15       BUFG (Prop_bufg_I_O)         0.029     0.370 r  design_1_i/processing_system7_0/inst/buffer_fclk_clk_0.FCLK_CLK_0_BUFG/O
                         net (fo=2822, routed)        0.851     1.221    design_1_i/axi_interconnect_0/s00_couplers/auto_pc/inst/gen_axilite.gen_b2s_conv.axilite_b2s/WR.aw_channel_0/aclk
    SLICE_X1Y50          FDRE                                         r  design_1_i/axi_interconnect_0/s00_couplers/auto_pc/inst/gen_axilite.gen_b2s_conv.axilite_b2s/WR.aw_channel_0/s_awid_r_reg[3]/C
                         clock pessimism             -0.029     1.192    
    SLICE_X1Y50          FDRE (Hold_fdre_C_D)        -0.006     1.186    design_1_i/axi_interconnect_0/s00_couplers/auto_pc/inst/gen_axilite.gen_b2s_conv.axilite_b2s/WR.aw_channel_0/s_awid_r_reg[3]
  -------------------------------------------------------------------
                         required time                         -1.186    
                         arrival time                           1.224    
  -------------------------------------------------------------------
                         slack                                  0.038    

Slack (MET) :             0.042ns  (arrival time - required time)
  Source:                 design_1_i/axi_gpio_3/U0/ip2bus_data_i_D1_reg[24]/C
                            (rising edge-triggered cell FDRE clocked by clk_fpga_0  {rise@0.000ns fall@10.000ns period=20.000ns})
  Destination:            design_1_i/axi_gpio_3/U0/AXI_LITE_IPIF_I/I_SLAVE_ATTACHMENT/s_axi_rdata_i_reg[7]/D
                            (rising edge-triggered cell FDRE clocked by clk_fpga_0  {rise@0.000ns fall@10.000ns period=20.000ns})
  Path Group:             clk_fpga_0
  Path Type:              Hold (Min at Fast Process Corner)
  Requirement:            0.000ns  (clk_fpga_0 rise@0.000ns - clk_fpga_0 rise@0.000ns)
  Data Path Delay:        0.385ns  (logic 0.141ns (36.647%)  route 0.244ns (63.353%))
  Logic Levels:           0  
  Clock Path Skew:        0.267ns (DCD - SCD - CPR)
    Destination Clock Delay (DCD):    1.198ns
    Source Clock Delay      (SCD):    0.897ns
    Clock Pessimism Removal (CPR):    0.034ns

    Location             Delay type                Incr(ns)  Path(ns)    Netlist Resource(s)
  -------------------------------------------------------------------    -------------------
                         (clock clk_fpga_0 rise edge)
                                                      0.000     0.000 r  
    PS7_X0Y0             PS7                          0.000     0.000 r  design_1_i/processing_system7_0/inst/PS7_i/FCLKCLK[0]
                         net (fo=1, routed)           0.315     0.315    design_1_i/processing_system7_0/inst/FCLK_CLK_unbuffered[0]
    BUFGCTRL_X0Y15       BUFG (Prop_bufg_I_O)         0.026     0.341 r  design_1_i/processing_system7_0/inst/buffer_fclk_clk_0.FCLK_CLK_0_BUFG/O
                         net (fo=2822, routed)        0.556     0.897    design_1_i/axi_gpio_3/U0/s_axi_aclk
    SLICE_X23Y60         FDRE                                         r  design_1_i/axi_gpio_3/U0/ip2bus_data_i_D1_reg[24]/C
  -------------------------------------------------------------------    -------------------
    SLICE_X23Y60         FDRE (Prop_fdre_C_Q)         0.141     1.038 r  design_1_i/axi_gpio_3/U0/ip2bus_data_i_D1_reg[24]/Q
                         net (fo=1, routed)           0.244     1.281    design_1_i/axi_gpio_3/U0/AXI_LITE_IPIF_I/I_SLAVE_ATTACHMENT/s_axi_rdata_i_reg[31]_0[7]
    SLICE_X15Y60         FDRE                                         r  design_1_i/axi_gpio_3/U0/AXI_LITE_IPIF_I/I_SLAVE_ATTACHMENT/s_axi_rdata_i_reg[7]/D
  -------------------------------------------------------------------    -------------------

                         (clock clk_fpga_0 rise edge)
                                                      0.000     0.000 r  
    PS7_X0Y0             PS7                          0.000     0.000 r  design_1_i/processing_system7_0/inst/PS7_i/FCLKCLK[0]
                         net (fo=1, routed)           0.341     0.341    design_1_i/processing_system7_0/inst/FCLK_CLK_unbuffered[0]
    BUFGCTRL_X0Y15       BUFG (Prop_bufg_I_O)         0.029     0.370 r  design_1_i/processing_system7_0/inst/buffer_fclk_clk_0.FCLK_CLK_0_BUFG/O
                         net (fo=2822, routed)        0.828     1.198    design_1_i/axi_gpio_3/U0/AXI_LITE_IPIF_I/I_SLAVE_ATTACHMENT/s_axi_aclk
    SLICE_X15Y60         FDRE                                         r  design_1_i/axi_gpio_3/U0/AXI_LITE_IPIF_I/I_SLAVE_ATTACHMENT/s_axi_rdata_i_reg[7]/C
                         clock pessimism             -0.034     1.164    
    SLICE_X15Y60         FDRE (Hold_fdre_C_D)         0.075     1.239    design_1_i/axi_gpio_3/U0/AXI_LITE_IPIF_I/I_SLAVE_ATTACHMENT/s_axi_rdata_i_reg[7]
  -------------------------------------------------------------------
                         required time                         -1.239    
                         arrival time                           1.281    
  -------------------------------------------------------------------
                         slack                                  0.042    

Slack (MET) :             0.055ns  (arrival time - required time)
  Source:                 design_1_i/axi_gpio_3/U0/ip2bus_data_i_D1_reg[25]/C
                            (rising edge-triggered cell FDRE clocked by clk_fpga_0  {rise@0.000ns fall@10.000ns period=20.000ns})
  Destination:            design_1_i/axi_gpio_3/U0/AXI_LITE_IPIF_I/I_SLAVE_ATTACHMENT/s_axi_rdata_i_reg[6]/D
                            (rising edge-triggered cell FDRE clocked by clk_fpga_0  {rise@0.000ns fall@10.000ns period=20.000ns})
  Path Group:             clk_fpga_0
  Path Type:              Hold (Min at Fast Process Corner)
  Requirement:            0.000ns  (clk_fpga_0 rise@0.000ns - clk_fpga_0 rise@0.000ns)
  Data Path Delay:        0.392ns  (logic 0.164ns (41.806%)  route 0.228ns (58.194%))
  Logic Levels:           0  
  Clock Path Skew:        0.267ns (DCD - SCD - CPR)
    Destination Clock Delay (DCD):    1.198ns
    Source Clock Delay      (SCD):    0.897ns
    Clock Pessimism Removal (CPR):    0.034ns

    Location             Delay type                Incr(ns)  Path(ns)    Netlist Resource(s)
  -------------------------------------------------------------------    -------------------
                         (clock clk_fpga_0 rise edge)
                                                      0.000     0.000 r  
    PS7_X0Y0             PS7                          0.000     0.000 r  design_1_i/processing_system7_0/inst/PS7_i/FCLKCLK[0]
                         net (fo=1, routed)           0.315     0.315    design_1_i/processing_system7_0/inst/FCLK_CLK_unbuffered[0]
    BUFGCTRL_X0Y15       BUFG (Prop_bufg_I_O)         0.026     0.341 r  design_1_i/processing_system7_0/inst/buffer_fclk_clk_0.FCLK_CLK_0_BUFG/O
                         net (fo=2822, routed)        0.556     0.897    design_1_i/axi_gpio_3/U0/s_axi_aclk
    SLICE_X24Y60         FDRE                                         r  design_1_i/axi_gpio_3/U0/ip2bus_data_i_D1_reg[25]/C
  -------------------------------------------------------------------    -------------------
    SLICE_X24Y60         FDRE (Prop_fdre_C_Q)         0.164     1.061 r  design_1_i/axi_gpio_3/U0/ip2bus_data_i_D1_reg[25]/Q
                         net (fo=1, routed)           0.228     1.289    design_1_i/axi_gpio_3/U0/AXI_LITE_IPIF_I/I_SLAVE_ATTACHMENT/s_axi_rdata_i_reg[31]_0[6]
    SLICE_X17Y60         FDRE                                         r  design_1_i/axi_gpio_3/U0/AXI_LITE_IPIF_I/I_SLAVE_ATTACHMENT/s_axi_rdata_i_reg[6]/D
  -------------------------------------------------------------------    -------------------

                         (clock clk_fpga_0 rise edge)
                                                      0.000     0.000 r  
    PS7_X0Y0             PS7                          0.000     0.000 r  design_1_i/processing_system7_0/inst/PS7_i/FCLKCLK[0]
                         net (fo=1, routed)           0.341     0.341    design_1_i/processing_system7_0/inst/FCLK_CLK_unbuffered[0]
    BUFGCTRL_X0Y15       BUFG (Prop_bufg_I_O)         0.029     0.370 r  design_1_i/processing_system7_0/inst/buffer_fclk_clk_0.FCLK_CLK_0_BUFG/O
                         net (fo=2822, routed)        0.828     1.198    design_1_i/axi_gpio_3/U0/AXI_LITE_IPIF_I/I_SLAVE_ATTACHMENT/s_axi_aclk
    SLICE_X17Y60         FDRE                                         r  design_1_i/axi_gpio_3/U0/AXI_LITE_IPIF_I/I_SLAVE_ATTACHMENT/s_axi_rdata_i_reg[6]/C
                         clock pessimism             -0.034     1.164    
    SLICE_X17Y60         FDRE (Hold_fdre_C_D)         0.070     1.234    design_1_i/axi_gpio_3/U0/AXI_LITE_IPIF_I/I_SLAVE_ATTACHMENT/s_axi_rdata_i_reg[6]
  -------------------------------------------------------------------
                         required time                         -1.234    
                         arrival time                           1.289    
  -------------------------------------------------------------------
                         slack                                  0.055    

Slack (MET) :             0.061ns  (arrival time - required time)
  Source:                 design_1_i/axi_gpio_3/U0/ip2bus_data_i_D1_reg[21]/C
                            (rising edge-triggered cell FDRE clocked by clk_fpga_0  {rise@0.000ns fall@10.000ns period=20.000ns})
  Destination:            design_1_i/axi_gpio_3/U0/AXI_LITE_IPIF_I/I_SLAVE_ATTACHMENT/s_axi_rdata_i_reg[10]/D
                            (rising edge-triggered cell FDRE clocked by clk_fpga_0  {rise@0.000ns fall@10.000ns period=20.000ns})
  Path Group:             clk_fpga_0
  Path Type:              Hold (Min at Fast Process Corner)
  Requirement:            0.000ns  (clk_fpga_0 rise@0.000ns - clk_fpga_0 rise@0.000ns)
  Data Path Delay:        0.399ns  (logic 0.164ns (41.095%)  route 0.235ns (58.905%))
  Logic Levels:           0  
  Clock Path Skew:        0.268ns (DCD - SCD - CPR)
    Destination Clock Delay (DCD):    1.199ns
    Source Clock Delay      (SCD):    0.897ns
    Clock Pessimism Removal (CPR):    0.034ns

    Location             Delay type                Incr(ns)  Path(ns)    Netlist Resource(s)
  -------------------------------------------------------------------    -------------------
                         (clock clk_fpga_0 rise edge)
                                                      0.000     0.000 r  
    PS7_X0Y0             PS7                          0.000     0.000 r  design_1_i/processing_system7_0/inst/PS7_i/FCLKCLK[0]
                         net (fo=1, routed)           0.315     0.315    design_1_i/processing_system7_0/inst/FCLK_CLK_unbuffered[0]
    BUFGCTRL_X0Y15       BUFG (Prop_bufg_I_O)         0.026     0.341 r  design_1_i/processing_system7_0/inst/buffer_fclk_clk_0.FCLK_CLK_0_BUFG/O
                         net (fo=2822, routed)        0.556     0.897    design_1_i/axi_gpio_3/U0/s_axi_aclk
    SLICE_X24Y60         FDRE                                         r  design_1_i/axi_gpio_3/U0/ip2bus_data_i_D1_reg[21]/C
  -------------------------------------------------------------------    -------------------
    SLICE_X24Y60         FDRE (Prop_fdre_C_Q)         0.164     1.061 r  design_1_i/axi_gpio_3/U0/ip2bus_data_i_D1_reg[21]/Q
                         net (fo=1, routed)           0.235     1.296    design_1_i/axi_gpio_3/U0/AXI_LITE_IPIF_I/I_SLAVE_ATTACHMENT/s_axi_rdata_i_reg[31]_0[10]
    SLICE_X15Y59         FDRE                                         r  design_1_i/axi_gpio_3/U0/AXI_LITE_IPIF_I/I_SLAVE_ATTACHMENT/s_axi_rdata_i_reg[10]/D
  -------------------------------------------------------------------    -------------------

                         (clock clk_fpga_0 rise edge)
                                                      0.000     0.000 r  
    PS7_X0Y0             PS7                          0.000     0.000 r  design_1_i/processing_system7_0/inst/PS7_i/FCLKCLK[0]
                         net (fo=1, routed)           0.341     0.341    design_1_i/processing_system7_0/inst/FCLK_CLK_unbuffered[0]
    BUFGCTRL_X0Y15       BUFG (Prop_bufg_I_O)         0.029     0.370 r  design_1_i/processing_system7_0/inst/buffer_fclk_clk_0.FCLK_CLK_0_BUFG/O
                         net (fo=2822, routed)        0.829     1.199    design_1_i/axi_gpio_3/U0/AXI_LITE_IPIF_I/I_SLAVE_ATTACHMENT/s_axi_aclk
    SLICE_X15Y59         FDRE                                         r  design_1_i/axi_gpio_3/U0/AXI_LITE_IPIF_I/I_SLAVE_ATTACHMENT/s_axi_rdata_i_reg[10]/C
                         clock pessimism             -0.034     1.165    
    SLICE_X15Y59         FDRE (Hold_fdre_C_D)         0.070     1.235    design_1_i/axi_gpio_3/U0/AXI_LITE_IPIF_I/I_SLAVE_ATTACHMENT/s_axi_rdata_i_reg[10]
  -------------------------------------------------------------------
                         required time                         -1.235    
                         arrival time                           1.296    
  -------------------------------------------------------------------
                         slack                                  0.061    

Slack (MET) :             0.063ns  (arrival time - required time)
  Source:                 design_1_i/axi_gpio_0/U0/ip2bus_data_i_D1_reg[16]/C
                            (rising edge-triggered cell FDRE clocked by clk_fpga_0  {rise@0.000ns fall@10.000ns period=20.000ns})
  Destination:            design_1_i/axi_gpio_0/U0/AXI_LITE_IPIF_I/I_SLAVE_ATTACHMENT/s_axi_rdata_i_reg[15]/D
                            (rising edge-triggered cell FDRE clocked by clk_fpga_0  {rise@0.000ns fall@10.000ns period=20.000ns})
  Path Group:             clk_fpga_0
  Path Type:              Hold (Min at Fast Process Corner)
  Requirement:            0.000ns  (clk_fpga_0 rise@0.000ns - clk_fpga_0 rise@0.000ns)
  Data Path Delay:        0.396ns  (logic 0.141ns (35.584%)  route 0.255ns (64.416%))
  Logic Levels:           0  
  Clock Path Skew:        0.267ns (DCD - SCD - CPR)
    Destination Clock Delay (DCD):    1.199ns
    Source Clock Delay      (SCD):    0.898ns
    Clock Pessimism Removal (CPR):    0.034ns

    Location             Delay type                Incr(ns)  Path(ns)    Netlist Resource(s)
  -------------------------------------------------------------------    -------------------
                         (clock clk_fpga_0 rise edge)
                                                      0.000     0.000 r  
    PS7_X0Y0             PS7                          0.000     0.000 r  design_1_i/processing_system7_0/inst/PS7_i/FCLKCLK[0]
                         net (fo=1, routed)           0.315     0.315    design_1_i/processing_system7_0/inst/FCLK_CLK_unbuffered[0]
    BUFGCTRL_X0Y15       BUFG (Prop_bufg_I_O)         0.026     0.341 r  design_1_i/processing_system7_0/inst/buffer_fclk_clk_0.FCLK_CLK_0_BUFG/O
                         net (fo=2822, routed)        0.557     0.898    design_1_i/axi_gpio_0/U0/s_axi_aclk
    SLICE_X22Y57         FDRE                                         r  design_1_i/axi_gpio_0/U0/ip2bus_data_i_D1_reg[16]/C
  -------------------------------------------------------------------    -------------------
    SLICE_X22Y57         FDRE (Prop_fdre_C_Q)         0.141     1.039 r  design_1_i/axi_gpio_0/U0/ip2bus_data_i_D1_reg[16]/Q
                         net (fo=1, routed)           0.255     1.294    design_1_i/axi_gpio_0/U0/AXI_LITE_IPIF_I/I_SLAVE_ATTACHMENT/s_axi_rdata_i_reg[31]_0[15]
    SLICE_X14Y59         FDRE                                         r  design_1_i/axi_gpio_0/U0/AXI_LITE_IPIF_I/I_SLAVE_ATTACHMENT/s_axi_rdata_i_reg[15]/D
  -------------------------------------------------------------------    -------------------

                         (clock clk_fpga_0 rise edge)
                                                      0.000     0.000 r  
    PS7_X0Y0             PS7                          0.000     0.000 r  design_1_i/processing_system7_0/inst/PS7_i/FCLKCLK[0]
                         net (fo=1, routed)           0.341     0.341    design_1_i/processing_system7_0/inst/FCLK_CLK_unbuffered[0]
    BUFGCTRL_X0Y15       BUFG (Prop_bufg_I_O)         0.029     0.370 r  design_1_i/processing_system7_0/inst/buffer_fclk_clk_0.FCLK_CLK_0_BUFG/O
                         net (fo=2822, routed)        0.829     1.199    design_1_i/axi_gpio_0/U0/AXI_LITE_IPIF_I/I_SLAVE_ATTACHMENT/s_axi_aclk
    SLICE_X14Y59         FDRE                                         r  design_1_i/axi_gpio_0/U0/AXI_LITE_IPIF_I/I_SLAVE_ATTACHMENT/s_axi_rdata_i_reg[15]/C
                         clock pessimism             -0.034     1.165    
    SLICE_X14Y59         FDRE (Hold_fdre_C_D)         0.066     1.231    design_1_i/axi_gpio_0/U0/AXI_LITE_IPIF_I/I_SLAVE_ATTACHMENT/s_axi_rdata_i_reg[15]
  -------------------------------------------------------------------
                         required time                         -1.231    
                         arrival time                           1.294    
  -------------------------------------------------------------------
                         slack                                  0.063    





Pulse Width Checks
--------------------------------------------------------------------------------------
Clock Name:         clk_fpga_0
Waveform(ns):       { 0.000 10.000 }
Period(ns):         20.000
Sources:            { design_1_i/processing_system7_0/inst/PS7_i/FCLKCLK[0] }

Check Type        Corner  Lib Pin      Reference Pin  Required(ns)  Actual(ns)  Slack(ns)  Location        Pin
Min Period        n/a     BUFG/I       n/a            2.155         20.000      17.845     BUFGCTRL_X0Y15  design_1_i/processing_system7_0/inst/buffer_fclk_clk_0.FCLK_CLK_0_BUFG/I
Min Period        n/a     FDRE/C       n/a            1.000         20.000      19.000     SLICE_X17Y58    design_1_i/axi_gpio_0/U0/ip2bus_data_i_D1_reg[0]/C
Min Period        n/a     FDRE/C       n/a            1.000         20.000      19.000     SLICE_X22Y57    design_1_i/axi_gpio_0/U0/ip2bus_data_i_D1_reg[16]/C
Min Period        n/a     FDRE/C       n/a            1.000         20.000      19.000     SLICE_X22Y57    design_1_i/axi_gpio_0/U0/ip2bus_data_i_D1_reg[17]/C
Min Period        n/a     FDRE/C       n/a            1.000         20.000      19.000     SLICE_X22Y57    design_1_i/axi_gpio_0/U0/ip2bus_data_i_D1_reg[18]/C
Min Period        n/a     FDRE/C       n/a            1.000         20.000      19.000     SLICE_X22Y57    design_1_i/axi_gpio_0/U0/ip2bus_data_i_D1_reg[19]/C
Min Period        n/a     FDRE/C       n/a            1.000         20.000      19.000     SLICE_X20Y56    design_1_i/axi_gpio_0/U0/ip2bus_data_i_D1_reg[20]/C
Min Period        n/a     FDRE/C       n/a            1.000         20.000      19.000     SLICE_X20Y56    design_1_i/axi_gpio_0/U0/ip2bus_data_i_D1_reg[21]/C
Min Period        n/a     FDRE/C       n/a            1.000         20.000      19.000     SLICE_X20Y56    design_1_i/axi_gpio_0/U0/ip2bus_data_i_D1_reg[22]/C
Min Period        n/a     FDRE/C       n/a            1.000         20.000      19.000     SLICE_X20Y56    design_1_i/axi_gpio_0/U0/ip2bus_data_i_D1_reg[23]/C
Low Pulse Width   Slow    SRLC32E/CLK  n/a            0.980         10.000      9.020      SLICE_X8Y45     design_1_i/axi_interconnect_0/s00_couplers/auto_pc/inst/gen_axilite.gen_b2s_conv.axilite_b2s/RD.r_channel_0/rd_data_fifo_0/memory_reg[31][0]_srl32/CLK
Low Pulse Width   Fast    SRLC32E/CLK  n/a            0.980         10.000      9.020      SLICE_X8Y45     design_1_i/axi_interconnect_0/s00_couplers/auto_pc/inst/gen_axilite.gen_b2s_conv.axilite_b2s/RD.r_channel_0/rd_data_fifo_0/memory_reg[31][0]_srl32/CLK
Low Pulse Width   Slow    SRLC32E/CLK  n/a            0.980         10.000      9.020      SLICE_X8Y47     design_1_i/axi_interconnect_0/s00_couplers/auto_pc/inst/gen_axilite.gen_b2s_conv.axilite_b2s/RD.r_channel_0/rd_data_fifo_0/memory_reg[31][10]_srl32/CLK
Low Pulse Width   Fast    SRLC32E/CLK  n/a            0.980         10.000      9.020      SLICE_X8Y47     design_1_i/axi_interconnect_0/s00_couplers/auto_pc/inst/gen_axilite.gen_b2s_conv.axilite_b2s/RD.r_channel_0/rd_data_fifo_0/memory_reg[31][10]_srl32/CLK
Low Pulse Width   Slow    SRLC32E/CLK  n/a            0.980         10.000      9.020      SLICE_X8Y50     design_1_i/axi_interconnect_0/s00_couplers/auto_pc/inst/gen_axilite.gen_b2s_conv.axilite_b2s/RD.r_channel_0/rd_data_fifo_0/memory_reg[31][11]_srl32/CLK
Low Pulse Width   Fast    SRLC32E/CLK  n/a            0.980         10.000      9.020      SLICE_X8Y50     design_1_i/axi_interconnect_0/s00_couplers/auto_pc/inst/gen_axilite.gen_b2s_conv.axilite_b2s/RD.r_channel_0/rd_data_fifo_0/memory_reg[31][11]_srl32/CLK
Low Pulse Width   Slow    SRLC32E/CLK  n/a            0.980         10.000      9.020      SLICE_X8Y50     design_1_i/axi_interconnect_0/s00_couplers/auto_pc/inst/gen_axilite.gen_b2s_conv.axilite_b2s/RD.r_channel_0/rd_data_fifo_0/memory_reg[31][12]_srl32/CLK
Low Pulse Width   Fast    SRLC32E/CLK  n/a            0.980         10.000      9.020      SLICE_X8Y50     design_1_i/axi_interconnect_0/s00_couplers/auto_pc/inst/gen_axilite.gen_b2s_conv.axilite_b2s/RD.r_channel_0/rd_data_fifo_0/memory_reg[31][12]_srl32/CLK
Low Pulse Width   Slow    SRLC32E/CLK  n/a            0.980         10.000      9.020      SLICE_X8Y48     design_1_i/axi_interconnect_0/s00_couplers/auto_pc/inst/gen_axilite.gen_b2s_conv.axilite_b2s/RD.r_channel_0/rd_data_fifo_0/memory_reg[31][13]_srl32/CLK
Low Pulse Width   Fast    SRLC32E/CLK  n/a            0.980         10.000      9.020      SLICE_X8Y48     design_1_i/axi_interconnect_0/s00_couplers/auto_pc/inst/gen_axilite.gen_b2s_conv.axilite_b2s/RD.r_channel_0/rd_data_fifo_0/memory_reg[31][13]_srl32/CLK
High Pulse Width  Slow    SRLC32E/CLK  n/a            0.980         10.000      9.020      SLICE_X8Y45     design_1_i/axi_interconnect_0/s00_couplers/auto_pc/inst/gen_axilite.gen_b2s_conv.axilite_b2s/RD.r_channel_0/rd_data_fifo_0/memory_reg[31][0]_srl32/CLK
High Pulse Width  Fast    SRLC32E/CLK  n/a            0.980         10.000      9.020      SLICE_X8Y45     design_1_i/axi_interconnect_0/s00_couplers/auto_pc/inst/gen_axilite.gen_b2s_conv.axilite_b2s/RD.r_channel_0/rd_data_fifo_0/memory_reg[31][0]_srl32/CLK
High Pulse Width  Slow    SRLC32E/CLK  n/a            0.980         10.000      9.020      SLICE_X8Y47     design_1_i/axi_interconnect_0/s00_couplers/auto_pc/inst/gen_axilite.gen_b2s_conv.axilite_b2s/RD.r_channel_0/rd_data_fifo_0/memory_reg[31][10]_srl32/CLK
High Pulse Width  Fast    SRLC32E/CLK  n/a            0.980         10.000      9.020      SLICE_X8Y47     design_1_i/axi_interconnect_0/s00_couplers/auto_pc/inst/gen_axilite.gen_b2s_conv.axilite_b2s/RD.r_channel_0/rd_data_fifo_0/memory_reg[31][10]_srl32/CLK
High Pulse Width  Slow    SRLC32E/CLK  n/a            0.980         10.000      9.020      SLICE_X8Y50     design_1_i/axi_interconnect_0/s00_couplers/auto_pc/inst/gen_axilite.gen_b2s_conv.axilite_b2s/RD.r_channel_0/rd_data_fifo_0/memory_reg[31][11]_srl32/CLK
High Pulse Width  Fast    SRLC32E/CLK  n/a            0.980         10.000      9.020      SLICE_X8Y50     design_1_i/axi_interconnect_0/s00_couplers/auto_pc/inst/gen_axilite.gen_b2s_conv.axilite_b2s/RD.r_channel_0/rd_data_fifo_0/memory_reg[31][11]_srl32/CLK
High Pulse Width  Slow    SRLC32E/CLK  n/a            0.980         10.000      9.020      SLICE_X8Y50     design_1_i/axi_interconnect_0/s00_couplers/auto_pc/inst/gen_axilite.gen_b2s_conv.axilite_b2s/RD.r_channel_0/rd_data_fifo_0/memory_reg[31][12]_srl32/CLK
High Pulse Width  Fast    SRLC32E/CLK  n/a            0.980         10.000      9.020      SLICE_X8Y50     design_1_i/axi_interconnect_0/s00_couplers/auto_pc/inst/gen_axilite.gen_b2s_conv.axilite_b2s/RD.r_channel_0/rd_data_fifo_0/memory_reg[31][12]_srl32/CLK
High Pulse Width  Slow    SRLC32E/CLK  n/a            0.980         10.000      9.020      SLICE_X8Y48     design_1_i/axi_interconnect_0/s00_couplers/auto_pc/inst/gen_axilite.gen_b2s_conv.axilite_b2s/RD.r_channel_0/rd_data_fifo_0/memory_reg[31][13]_srl32/CLK
High Pulse Width  Fast    SRLC32E/CLK  n/a            0.980         10.000      9.020      SLICE_X8Y48     design_1_i/axi_interconnect_0/s00_couplers/auto_pc/inst/gen_axilite.gen_b2s_conv.axilite_b2s/RD.r_channel_0/rd_data_fifo_0/memory_reg[31][13]_srl32/CLK



--------------------------------------------------------------------------------------
Path Group:  (none)
From Clock:  
  To Clock:  clk_fpga_0

Max Delay             1 Endpoint
Min Delay             1 Endpoint
--------------------------------------------------------------------------------------


Max Delay Paths
--------------------------------------------------------------------------------------
Slack:                    inf
  Source:                 design_1_i/processing_system7_0/inst/PS7_i/FCLKRESETN[0]
                            (internal pin)
  Destination:            design_1_i/proc_sys_reset_0/U0/EXT_LPF/ACTIVE_LOW_EXT.ACT_LO_EXT/GENERATE_LEVEL_P_S_CDC.SINGLE_BIT.CROSS_PLEVEL_IN2SCNDRY_IN_cdc_to/D
                            (rising edge-triggered cell FDRE clocked by clk_fpga_0  {rise@0.000ns fall@10.000ns period=20.000ns})
  Path Group:             (none)
  Path Type:              Setup (Max at Slow Process Corner)
  Data Path Delay:        1.327ns  (logic 0.124ns (9.343%)  route 1.203ns (90.657%))
  Logic Levels:           1  (LUT1=1)
  Clock Uncertainty:      0.301ns  ((TSJ^2 + TIJ^2)^1/2 + DJ) / 2 + PE
    Total System Jitter     (TSJ):    0.050ns
    Total Input Jitter      (TIJ):    0.600ns
    Discrete Jitter          (DJ):    0.000ns
    Phase Error              (PE):    0.000ns
  Timing Exception:       False Path

    Location             Delay type                Incr(ns)  Path(ns)    Netlist Resource(s)
  -------------------------------------------------------------------    -------------------
    PS7_X0Y0             PS7                          0.000     0.000 f  design_1_i/processing_system7_0/inst/PS7_i/FCLKRESETN[0]
                         net (fo=1, routed)           1.203     1.203    design_1_i/proc_sys_reset_0/U0/EXT_LPF/ACTIVE_LOW_EXT.ACT_LO_EXT/ext_reset_in
    SLICE_X14Y39         LUT1 (Prop_lut1_I0_O)        0.124     1.327 r  design_1_i/proc_sys_reset_0/U0/EXT_LPF/ACTIVE_LOW_EXT.ACT_LO_EXT/GENERATE_LEVEL_P_S_CDC.SINGLE_BIT.CROSS_PLEVEL_IN2SCNDRY_IN_cdc_to_i_1/O
                         net (fo=1, routed)           0.000     1.327    design_1_i/proc_sys_reset_0/U0/EXT_LPF/ACTIVE_LOW_EXT.ACT_LO_EXT/exr_d1
    SLICE_X14Y39         FDRE                                         r  design_1_i/proc_sys_reset_0/U0/EXT_LPF/ACTIVE_LOW_EXT.ACT_LO_EXT/GENERATE_LEVEL_P_S_CDC.SINGLE_BIT.CROSS_PLEVEL_IN2SCNDRY_IN_cdc_to/D
  -------------------------------------------------------------------    -------------------

                         (clock clk_fpga_0 rise edge)
                                                      0.000     0.000 r  
    PS7_X0Y0             PS7                          0.000     0.000 r  design_1_i/processing_system7_0/inst/PS7_i/FCLKCLK[0]
                         net (fo=1, routed)           1.101     1.101    design_1_i/processing_system7_0/inst/FCLK_CLK_unbuffered[0]
    BUFGCTRL_X0Y15       BUFG (Prop_bufg_I_O)         0.091     1.192 r  design_1_i/processing_system7_0/inst/buffer_fclk_clk_0.FCLK_CLK_0_BUFG/O
                         net (fo=2822, routed)        1.499     2.691    design_1_i/proc_sys_reset_0/U0/EXT_LPF/ACTIVE_LOW_EXT.ACT_LO_EXT/slowest_sync_clk
    SLICE_X14Y39         FDRE                                         r  design_1_i/proc_sys_reset_0/U0/EXT_LPF/ACTIVE_LOW_EXT.ACT_LO_EXT/GENERATE_LEVEL_P_S_CDC.SINGLE_BIT.CROSS_PLEVEL_IN2SCNDRY_IN_cdc_to/C





Min Delay Paths
--------------------------------------------------------------------------------------
Slack:                    inf
  Source:                 design_1_i/processing_system7_0/inst/PS7_i/FCLKRESETN[0]
                            (internal pin)
  Destination:            design_1_i/proc_sys_reset_0/U0/EXT_LPF/ACTIVE_LOW_EXT.ACT_LO_EXT/GENERATE_LEVEL_P_S_CDC.SINGLE_BIT.CROSS_PLEVEL_IN2SCNDRY_IN_cdc_to/D
                            (rising edge-triggered cell FDRE clocked by clk_fpga_0  {rise@0.000ns fall@10.000ns period=20.000ns})
  Path Group:             (none)
  Path Type:              Hold (Min at Fast Process Corner)
  Data Path Delay:        0.628ns  (logic 0.045ns (7.163%)  route 0.583ns (92.837%))
  Logic Levels:           1  (LUT1=1)
  Clock Uncertainty:      0.301ns  ((TSJ^2 + TIJ^2)^1/2 + DJ) / 2 + PE
    Total System Jitter     (TSJ):    0.050ns
    Total Input Jitter      (TIJ):    0.600ns
    Discrete Jitter          (DJ):    0.000ns
    Phase Error              (PE):    0.000ns
  Timing Exception:       False Path

    Location             Delay type                Incr(ns)  Path(ns)    Netlist Resource(s)
  -------------------------------------------------------------------    -------------------
    PS7_X0Y0             PS7                          0.000     0.000 f  design_1_i/processing_system7_0/inst/PS7_i/FCLKRESETN[0]
                         net (fo=1, routed)           0.583     0.583    design_1_i/proc_sys_reset_0/U0/EXT_LPF/ACTIVE_LOW_EXT.ACT_LO_EXT/ext_reset_in
    SLICE_X14Y39         LUT1 (Prop_lut1_I0_O)        0.045     0.628 r  design_1_i/proc_sys_reset_0/U0/EXT_LPF/ACTIVE_LOW_EXT.ACT_LO_EXT/GENERATE_LEVEL_P_S_CDC.SINGLE_BIT.CROSS_PLEVEL_IN2SCNDRY_IN_cdc_to_i_1/O
                         net (fo=1, routed)           0.000     0.628    design_1_i/proc_sys_reset_0/U0/EXT_LPF/ACTIVE_LOW_EXT.ACT_LO_EXT/exr_d1
    SLICE_X14Y39         FDRE                                         r  design_1_i/proc_sys_reset_0/U0/EXT_LPF/ACTIVE_LOW_EXT.ACT_LO_EXT/GENERATE_LEVEL_P_S_CDC.SINGLE_BIT.CROSS_PLEVEL_IN2SCNDRY_IN_cdc_to/D
  -------------------------------------------------------------------    -------------------

                         (clock clk_fpga_0 rise edge)
                                                      0.000     0.000 r  
    PS7_X0Y0             PS7                          0.000     0.000 r  design_1_i/processing_system7_0/inst/PS7_i/FCLKCLK[0]
                         net (fo=1, routed)           0.341     0.341    design_1_i/processing_system7_0/inst/FCLK_CLK_unbuffered[0]
    BUFGCTRL_X0Y15       BUFG (Prop_bufg_I_O)         0.029     0.370 r  design_1_i/processing_system7_0/inst/buffer_fclk_clk_0.FCLK_CLK_0_BUFG/O
                         net (fo=2822, routed)        0.829     1.199    design_1_i/proc_sys_reset_0/U0/EXT_LPF/ACTIVE_LOW_EXT.ACT_LO_EXT/slowest_sync_clk
    SLICE_X14Y39         FDRE                                         r  design_1_i/proc_sys_reset_0/U0/EXT_LPF/ACTIVE_LOW_EXT.ACT_LO_EXT/GENERATE_LEVEL_P_S_CDC.SINGLE_BIT.CROSS_PLEVEL_IN2SCNDRY_IN_cdc_to/C





--------------------------------------------------------------------------------------
Path Group:  (none)
From Clock:  clk_fpga_0
  To Clock:  clk_fpga_0

Max Delay             3 Endpoints
Min Delay             3 Endpoints
--------------------------------------------------------------------------------------


Max Delay Paths
--------------------------------------------------------------------------------------
Slack:                    inf
  Source:                 design_1_i/random_forest_elepha_0/inst/done_reg/C
                            (rising edge-triggered cell FDRE clocked by clk_fpga_0  {rise@0.000ns fall@10.000ns period=20.000ns})
  Destination:            design_1_i/axi_gpio_11/U0/gpio_core_1/Not_Dual.INPUT_DOUBLE_REGS3/GENERATE_LEVEL_P_S_CDC.MULTI_BIT.FOR_IN_cdc_to[0].CROSS2_PLEVEL_IN2SCNDRY_IN_cdc_to/D
                            (rising edge-triggered cell FDRE clocked by clk_fpga_0  {rise@0.000ns fall@10.000ns period=20.000ns})
  Path Group:             (none)
  Path Type:              Setup (Max at Slow Process Corner)
  Data Path Delay:        1.225ns  (logic 0.456ns (37.237%)  route 0.769ns (62.763%))
  Logic Levels:           0  
  Clock Path Skew:        -0.240ns (DCD - SCD + CPR)
    Destination Clock Delay (DCD):    2.727ns
    Source Clock Delay      (SCD):    2.967ns
    Clock Pessimism Removal (CPR):    0.000ns
  Clock Uncertainty:      0.302ns  ((TSJ^2 + TIJ^2)^1/2 + DJ) / 2 + PE
    Total System Jitter     (TSJ):    0.071ns
    Total Input Jitter      (TIJ):    0.600ns
    Discrete Jitter          (DJ):    0.000ns
    Phase Error              (PE):    0.000ns
  Timing Exception:       False Path

    Location             Delay type                Incr(ns)  Path(ns)    Netlist Resource(s)
  -------------------------------------------------------------------    -------------------
                         (clock clk_fpga_0 rise edge)
                                                      0.000     0.000 r  
    PS7_X0Y0             PS7                          0.000     0.000 r  design_1_i/processing_system7_0/inst/PS7_i/FCLKCLK[0]
                         net (fo=1, routed)           1.207     1.207    design_1_i/processing_system7_0/inst/FCLK_CLK_unbuffered[0]
    BUFGCTRL_X0Y15       BUFG (Prop_bufg_I_O)         0.101     1.308 r  design_1_i/processing_system7_0/inst/buffer_fclk_clk_0.FCLK_CLK_0_BUFG/O
                         net (fo=2822, routed)        1.659     2.967    design_1_i/random_forest_elepha_0/inst/clk
    SLICE_X11Y68         FDRE                                         r  design_1_i/random_forest_elepha_0/inst/done_reg/C
  -------------------------------------------------------------------    -------------------
    SLICE_X11Y68         FDRE (Prop_fdre_C_Q)         0.456     3.423 r  design_1_i/random_forest_elepha_0/inst/done_reg/Q
                         net (fo=1, routed)           0.769     4.192    design_1_i/axi_gpio_11/U0/gpio_core_1/Not_Dual.INPUT_DOUBLE_REGS3/gpio_io_i[0]
    SLICE_X3Y65          FDRE                                         r  design_1_i/axi_gpio_11/U0/gpio_core_1/Not_Dual.INPUT_DOUBLE_REGS3/GENERATE_LEVEL_P_S_CDC.MULTI_BIT.FOR_IN_cdc_to[0].CROSS2_PLEVEL_IN2SCNDRY_IN_cdc_to/D
  -------------------------------------------------------------------    -------------------

                         (clock clk_fpga_0 rise edge)
                                                      0.000     0.000 r  
    PS7_X0Y0             PS7                          0.000     0.000 r  design_1_i/processing_system7_0/inst/PS7_i/FCLKCLK[0]
                         net (fo=1, routed)           1.101     1.101    design_1_i/processing_system7_0/inst/FCLK_CLK_unbuffered[0]
    BUFGCTRL_X0Y15       BUFG (Prop_bufg_I_O)         0.091     1.192 r  design_1_i/processing_system7_0/inst/buffer_fclk_clk_0.FCLK_CLK_0_BUFG/O
                         net (fo=2822, routed)        1.535     2.727    design_1_i/axi_gpio_11/U0/gpio_core_1/Not_Dual.INPUT_DOUBLE_REGS3/s_axi_aclk
    SLICE_X3Y65          FDRE                                         r  design_1_i/axi_gpio_11/U0/gpio_core_1/Not_Dual.INPUT_DOUBLE_REGS3/GENERATE_LEVEL_P_S_CDC.MULTI_BIT.FOR_IN_cdc_to[0].CROSS2_PLEVEL_IN2SCNDRY_IN_cdc_to/C

Slack:                    inf
  Source:                 design_1_i/random_forest_elepha_0/inst/result_reg[0]/C
                            (rising edge-triggered cell FDRE clocked by clk_fpga_0  {rise@0.000ns fall@10.000ns period=20.000ns})
  Destination:            design_1_i/axi_gpio_10/U0/gpio_core_1/Not_Dual.INPUT_DOUBLE_REGS3/GENERATE_LEVEL_P_S_CDC.MULTI_BIT.FOR_IN_cdc_to[0].CROSS2_PLEVEL_IN2SCNDRY_IN_cdc_to/D
                            (rising edge-triggered cell FDRE clocked by clk_fpga_0  {rise@0.000ns fall@10.000ns period=20.000ns})
  Path Group:             (none)
  Path Type:              Setup (Max at Slow Process Corner)
  Data Path Delay:        1.175ns  (logic 0.456ns (38.810%)  route 0.719ns (61.190%))
  Logic Levels:           0  
  Clock Path Skew:        -0.275ns (DCD - SCD + CPR)
    Destination Clock Delay (DCD):    2.684ns
    Source Clock Delay      (SCD):    2.959ns
    Clock Pessimism Removal (CPR):    0.000ns
  Clock Uncertainty:      0.302ns  ((TSJ^2 + TIJ^2)^1/2 + DJ) / 2 + PE
    Total System Jitter     (TSJ):    0.071ns
    Total Input Jitter      (TIJ):    0.600ns
    Discrete Jitter          (DJ):    0.000ns
    Phase Error              (PE):    0.000ns
  Timing Exception:       False Path

    Location             Delay type                Incr(ns)  Path(ns)    Netlist Resource(s)
  -------------------------------------------------------------------    -------------------
                         (clock clk_fpga_0 rise edge)
                                                      0.000     0.000 r  
    PS7_X0Y0             PS7                          0.000     0.000 r  design_1_i/processing_system7_0/inst/PS7_i/FCLKCLK[0]
                         net (fo=1, routed)           1.207     1.207    design_1_i/processing_system7_0/inst/FCLK_CLK_unbuffered[0]
    BUFGCTRL_X0Y15       BUFG (Prop_bufg_I_O)         0.101     1.308 r  design_1_i/processing_system7_0/inst/buffer_fclk_clk_0.FCLK_CLK_0_BUFG/O
                         net (fo=2822, routed)        1.651     2.959    design_1_i/random_forest_elepha_0/inst/clk
    SLICE_X21Y68         FDRE                                         r  design_1_i/random_forest_elepha_0/inst/result_reg[0]/C
  -------------------------------------------------------------------    -------------------
    SLICE_X21Y68         FDRE (Prop_fdre_C_Q)         0.456     3.415 r  design_1_i/random_forest_elepha_0/inst/result_reg[0]/Q
                         net (fo=1, routed)           0.719     4.134    design_1_i/axi_gpio_10/U0/gpio_core_1/Not_Dual.INPUT_DOUBLE_REGS3/gpio_io_i[0]
    SLICE_X11Y64         FDRE                                         r  design_1_i/axi_gpio_10/U0/gpio_core_1/Not_Dual.INPUT_DOUBLE_REGS3/GENERATE_LEVEL_P_S_CDC.MULTI_BIT.FOR_IN_cdc_to[0].CROSS2_PLEVEL_IN2SCNDRY_IN_cdc_to/D
  -------------------------------------------------------------------    -------------------

                         (clock clk_fpga_0 rise edge)
                                                      0.000     0.000 r  
    PS7_X0Y0             PS7                          0.000     0.000 r  design_1_i/processing_system7_0/inst/PS7_i/FCLKCLK[0]
                         net (fo=1, routed)           1.101     1.101    design_1_i/processing_system7_0/inst/FCLK_CLK_unbuffered[0]
    BUFGCTRL_X0Y15       BUFG (Prop_bufg_I_O)         0.091     1.192 r  design_1_i/processing_system7_0/inst/buffer_fclk_clk_0.FCLK_CLK_0_BUFG/O
                         net (fo=2822, routed)        1.492     2.684    design_1_i/axi_gpio_10/U0/gpio_core_1/Not_Dual.INPUT_DOUBLE_REGS3/s_axi_aclk
    SLICE_X11Y64         FDRE                                         r  design_1_i/axi_gpio_10/U0/gpio_core_1/Not_Dual.INPUT_DOUBLE_REGS3/GENERATE_LEVEL_P_S_CDC.MULTI_BIT.FOR_IN_cdc_to[0].CROSS2_PLEVEL_IN2SCNDRY_IN_cdc_to/C

Slack:                    inf
  Source:                 design_1_i/random_forest_elepha_0/inst/result_reg[1]/C
                            (rising edge-triggered cell FDRE clocked by clk_fpga_0  {rise@0.000ns fall@10.000ns period=20.000ns})
  Destination:            design_1_i/axi_gpio_10/U0/gpio_core_1/Not_Dual.INPUT_DOUBLE_REGS3/GENERATE_LEVEL_P_S_CDC.MULTI_BIT.FOR_IN_cdc_to[1].CROSS2_PLEVEL_IN2SCNDRY_IN_cdc_to/D
                            (rising edge-triggered cell FDRE clocked by clk_fpga_0  {rise@0.000ns fall@10.000ns period=20.000ns})
  Path Group:             (none)
  Path Type:              Setup (Max at Slow Process Corner)
  Data Path Delay:        1.129ns  (logic 0.456ns (40.379%)  route 0.673ns (59.621%))
  Logic Levels:           0  
  Clock Path Skew:        -0.275ns (DCD - SCD + CPR)
    Destination Clock Delay (DCD):    2.684ns
    Source Clock Delay      (SCD):    2.959ns
    Clock Pessimism Removal (CPR):    0.000ns
  Clock Uncertainty:      0.302ns  ((TSJ^2 + TIJ^2)^1/2 + DJ) / 2 + PE
    Total System Jitter     (TSJ):    0.071ns
    Total Input Jitter      (TIJ):    0.600ns
    Discrete Jitter          (DJ):    0.000ns
    Phase Error              (PE):    0.000ns
  Timing Exception:       False Path

    Location             Delay type                Incr(ns)  Path(ns)    Netlist Resource(s)
  -------------------------------------------------------------------    -------------------
                         (clock clk_fpga_0 rise edge)
                                                      0.000     0.000 r  
    PS7_X0Y0             PS7                          0.000     0.000 r  design_1_i/processing_system7_0/inst/PS7_i/FCLKCLK[0]
                         net (fo=1, routed)           1.207     1.207    design_1_i/processing_system7_0/inst/FCLK_CLK_unbuffered[0]
    BUFGCTRL_X0Y15       BUFG (Prop_bufg_I_O)         0.101     1.308 r  design_1_i/processing_system7_0/inst/buffer_fclk_clk_0.FCLK_CLK_0_BUFG/O
                         net (fo=2822, routed)        1.651     2.959    design_1_i/random_forest_elepha_0/inst/clk
    SLICE_X21Y68         FDRE                                         r  design_1_i/random_forest_elepha_0/inst/result_reg[1]/C
  -------------------------------------------------------------------    -------------------
    SLICE_X21Y68         FDRE (Prop_fdre_C_Q)         0.456     3.415 r  design_1_i/random_forest_elepha_0/inst/result_reg[1]/Q
                         net (fo=1, routed)           0.673     4.088    design_1_i/axi_gpio_10/U0/gpio_core_1/Not_Dual.INPUT_DOUBLE_REGS3/gpio_io_i[1]
    SLICE_X10Y64         FDRE                                         r  design_1_i/axi_gpio_10/U0/gpio_core_1/Not_Dual.INPUT_DOUBLE_REGS3/GENERATE_LEVEL_P_S_CDC.MULTI_BIT.FOR_IN_cdc_to[1].CROSS2_PLEVEL_IN2SCNDRY_IN_cdc_to/D
  -------------------------------------------------------------------    -------------------

                         (clock clk_fpga_0 rise edge)
                                                      0.000     0.000 r  
    PS7_X0Y0             PS7                          0.000     0.000 r  design_1_i/processing_system7_0/inst/PS7_i/FCLKCLK[0]
                         net (fo=1, routed)           1.101     1.101    design_1_i/processing_system7_0/inst/FCLK_CLK_unbuffered[0]
    BUFGCTRL_X0Y15       BUFG (Prop_bufg_I_O)         0.091     1.192 r  design_1_i/processing_system7_0/inst/buffer_fclk_clk_0.FCLK_CLK_0_BUFG/O
                         net (fo=2822, routed)        1.492     2.684    design_1_i/axi_gpio_10/U0/gpio_core_1/Not_Dual.INPUT_DOUBLE_REGS3/s_axi_aclk
    SLICE_X10Y64         FDRE                                         r  design_1_i/axi_gpio_10/U0/gpio_core_1/Not_Dual.INPUT_DOUBLE_REGS3/GENERATE_LEVEL_P_S_CDC.MULTI_BIT.FOR_IN_cdc_to[1].CROSS2_PLEVEL_IN2SCNDRY_IN_cdc_to/C





Min Delay Paths
--------------------------------------------------------------------------------------
Slack:                    inf
  Source:                 design_1_i/random_forest_elepha_0/inst/result_reg[1]/C
                            (rising edge-triggered cell FDRE clocked by clk_fpga_0  {rise@0.000ns fall@10.000ns period=20.000ns})
  Destination:            design_1_i/axi_gpio_10/U0/gpio_core_1/Not_Dual.INPUT_DOUBLE_REGS3/GENERATE_LEVEL_P_S_CDC.MULTI_BIT.FOR_IN_cdc_to[1].CROSS2_PLEVEL_IN2SCNDRY_IN_cdc_to/D
                            (rising edge-triggered cell FDRE clocked by clk_fpga_0  {rise@0.000ns fall@10.000ns period=20.000ns})
  Path Group:             (none)
  Path Type:              Hold (Min at Fast Process Corner)
  Data Path Delay:        0.411ns  (logic 0.141ns (34.282%)  route 0.270ns (65.718%))
  Logic Levels:           0  
  Clock Path Skew:        0.306ns (DCD - SCD - CPR)
    Destination Clock Delay (DCD):    1.198ns
    Source Clock Delay      (SCD):    0.892ns
    Clock Pessimism Removal (CPR):    -0.000ns
  Clock Uncertainty:      0.302ns  ((TSJ^2 + TIJ^2)^1/2 + DJ) / 2 + PE
    Total System Jitter     (TSJ):    0.071ns
    Total Input Jitter      (TIJ):    0.600ns
    Discrete Jitter          (DJ):    0.000ns
    Phase Error              (PE):    0.000ns
  Timing Exception:       False Path

    Location             Delay type                Incr(ns)  Path(ns)    Netlist Resource(s)
  -------------------------------------------------------------------    -------------------
                         (clock clk_fpga_0 rise edge)
                                                      0.000     0.000 r  
    PS7_X0Y0             PS7                          0.000     0.000 r  design_1_i/processing_system7_0/inst/PS7_i/FCLKCLK[0]
                         net (fo=1, routed)           0.315     0.315    design_1_i/processing_system7_0/inst/FCLK_CLK_unbuffered[0]
    BUFGCTRL_X0Y15       BUFG (Prop_bufg_I_O)         0.026     0.341 r  design_1_i/processing_system7_0/inst/buffer_fclk_clk_0.FCLK_CLK_0_BUFG/O
                         net (fo=2822, routed)        0.551     0.892    design_1_i/random_forest_elepha_0/inst/clk
    SLICE_X21Y68         FDRE                                         r  design_1_i/random_forest_elepha_0/inst/result_reg[1]/C
  -------------------------------------------------------------------    -------------------
    SLICE_X21Y68         FDRE (Prop_fdre_C_Q)         0.141     1.033 r  design_1_i/random_forest_elepha_0/inst/result_reg[1]/Q
                         net (fo=1, routed)           0.270     1.303    design_1_i/axi_gpio_10/U0/gpio_core_1/Not_Dual.INPUT_DOUBLE_REGS3/gpio_io_i[1]
    SLICE_X10Y64         FDRE                                         r  design_1_i/axi_gpio_10/U0/gpio_core_1/Not_Dual.INPUT_DOUBLE_REGS3/GENERATE_LEVEL_P_S_CDC.MULTI_BIT.FOR_IN_cdc_to[1].CROSS2_PLEVEL_IN2SCNDRY_IN_cdc_to/D
  -------------------------------------------------------------------    -------------------

                         (clock clk_fpga_0 rise edge)
                                                      0.000     0.000 r  
    PS7_X0Y0             PS7                          0.000     0.000 r  design_1_i/processing_system7_0/inst/PS7_i/FCLKCLK[0]
                         net (fo=1, routed)           0.341     0.341    design_1_i/processing_system7_0/inst/FCLK_CLK_unbuffered[0]
    BUFGCTRL_X0Y15       BUFG (Prop_bufg_I_O)         0.029     0.370 r  design_1_i/processing_system7_0/inst/buffer_fclk_clk_0.FCLK_CLK_0_BUFG/O
                         net (fo=2822, routed)        0.828     1.198    design_1_i/axi_gpio_10/U0/gpio_core_1/Not_Dual.INPUT_DOUBLE_REGS3/s_axi_aclk
    SLICE_X10Y64         FDRE                                         r  design_1_i/axi_gpio_10/U0/gpio_core_1/Not_Dual.INPUT_DOUBLE_REGS3/GENERATE_LEVEL_P_S_CDC.MULTI_BIT.FOR_IN_cdc_to[1].CROSS2_PLEVEL_IN2SCNDRY_IN_cdc_to/C

Slack:                    inf
  Source:                 design_1_i/random_forest_elepha_0/inst/result_reg[0]/C
                            (rising edge-triggered cell FDRE clocked by clk_fpga_0  {rise@0.000ns fall@10.000ns period=20.000ns})
  Destination:            design_1_i/axi_gpio_10/U0/gpio_core_1/Not_Dual.INPUT_DOUBLE_REGS3/GENERATE_LEVEL_P_S_CDC.MULTI_BIT.FOR_IN_cdc_to[0].CROSS2_PLEVEL_IN2SCNDRY_IN_cdc_to/D
                            (rising edge-triggered cell FDRE clocked by clk_fpga_0  {rise@0.000ns fall@10.000ns period=20.000ns})
  Path Group:             (none)
  Path Type:              Hold (Min at Fast Process Corner)
  Data Path Delay:        0.426ns  (logic 0.141ns (33.102%)  route 0.285ns (66.898%))
  Logic Levels:           0  
  Clock Path Skew:        0.306ns (DCD - SCD - CPR)
    Destination Clock Delay (DCD):    1.198ns
    Source Clock Delay      (SCD):    0.892ns
    Clock Pessimism Removal (CPR):    -0.000ns
  Clock Uncertainty:      0.302ns  ((TSJ^2 + TIJ^2)^1/2 + DJ) / 2 + PE
    Total System Jitter     (TSJ):    0.071ns
    Total Input Jitter      (TIJ):    0.600ns
    Discrete Jitter          (DJ):    0.000ns
    Phase Error              (PE):    0.000ns
  Timing Exception:       False Path

    Location             Delay type                Incr(ns)  Path(ns)    Netlist Resource(s)
  -------------------------------------------------------------------    -------------------
                         (clock clk_fpga_0 rise edge)
                                                      0.000     0.000 r  
    PS7_X0Y0             PS7                          0.000     0.000 r  design_1_i/processing_system7_0/inst/PS7_i/FCLKCLK[0]
                         net (fo=1, routed)           0.315     0.315    design_1_i/processing_system7_0/inst/FCLK_CLK_unbuffered[0]
    BUFGCTRL_X0Y15       BUFG (Prop_bufg_I_O)         0.026     0.341 r  design_1_i/processing_system7_0/inst/buffer_fclk_clk_0.FCLK_CLK_0_BUFG/O
                         net (fo=2822, routed)        0.551     0.892    design_1_i/random_forest_elepha_0/inst/clk
    SLICE_X21Y68         FDRE                                         r  design_1_i/random_forest_elepha_0/inst/result_reg[0]/C
  -------------------------------------------------------------------    -------------------
    SLICE_X21Y68         FDRE (Prop_fdre_C_Q)         0.141     1.033 r  design_1_i/random_forest_elepha_0/inst/result_reg[0]/Q
                         net (fo=1, routed)           0.285     1.318    design_1_i/axi_gpio_10/U0/gpio_core_1/Not_Dual.INPUT_DOUBLE_REGS3/gpio_io_i[0]
    SLICE_X11Y64         FDRE                                         r  design_1_i/axi_gpio_10/U0/gpio_core_1/Not_Dual.INPUT_DOUBLE_REGS3/GENERATE_LEVEL_P_S_CDC.MULTI_BIT.FOR_IN_cdc_to[0].CROSS2_PLEVEL_IN2SCNDRY_IN_cdc_to/D
  -------------------------------------------------------------------    -------------------

                         (clock clk_fpga_0 rise edge)
                                                      0.000     0.000 r  
    PS7_X0Y0             PS7                          0.000     0.000 r  design_1_i/processing_system7_0/inst/PS7_i/FCLKCLK[0]
                         net (fo=1, routed)           0.341     0.341    design_1_i/processing_system7_0/inst/FCLK_CLK_unbuffered[0]
    BUFGCTRL_X0Y15       BUFG (Prop_bufg_I_O)         0.029     0.370 r  design_1_i/processing_system7_0/inst/buffer_fclk_clk_0.FCLK_CLK_0_BUFG/O
                         net (fo=2822, routed)        0.828     1.198    design_1_i/axi_gpio_10/U0/gpio_core_1/Not_Dual.INPUT_DOUBLE_REGS3/s_axi_aclk
    SLICE_X11Y64         FDRE                                         r  design_1_i/axi_gpio_10/U0/gpio_core_1/Not_Dual.INPUT_DOUBLE_REGS3/GENERATE_LEVEL_P_S_CDC.MULTI_BIT.FOR_IN_cdc_to[0].CROSS2_PLEVEL_IN2SCNDRY_IN_cdc_to/C

Slack:                    inf
  Source:                 design_1_i/random_forest_elepha_0/inst/done_reg/C
                            (rising edge-triggered cell FDRE clocked by clk_fpga_0  {rise@0.000ns fall@10.000ns period=20.000ns})
  Destination:            design_1_i/axi_gpio_11/U0/gpio_core_1/Not_Dual.INPUT_DOUBLE_REGS3/GENERATE_LEVEL_P_S_CDC.MULTI_BIT.FOR_IN_cdc_to[0].CROSS2_PLEVEL_IN2SCNDRY_IN_cdc_to/D
                            (rising edge-triggered cell FDRE clocked by clk_fpga_0  {rise@0.000ns fall@10.000ns period=20.000ns})
  Path Group:             (none)
  Path Type:              Hold (Min at Fast Process Corner)
  Data Path Delay:        0.498ns  (logic 0.141ns (28.336%)  route 0.357ns (71.664%))
  Logic Levels:           0  
  Clock Path Skew:        0.318ns (DCD - SCD - CPR)
    Destination Clock Delay (DCD):    1.216ns
    Source Clock Delay      (SCD):    0.898ns
    Clock Pessimism Removal (CPR):    -0.000ns
  Clock Uncertainty:      0.302ns  ((TSJ^2 + TIJ^2)^1/2 + DJ) / 2 + PE
    Total System Jitter     (TSJ):    0.071ns
    Total Input Jitter      (TIJ):    0.600ns
    Discrete Jitter          (DJ):    0.000ns
    Phase Error              (PE):    0.000ns
  Timing Exception:       False Path

    Location             Delay type                Incr(ns)  Path(ns)    Netlist Resource(s)
  -------------------------------------------------------------------    -------------------
                         (clock clk_fpga_0 rise edge)
                                                      0.000     0.000 r  
    PS7_X0Y0             PS7                          0.000     0.000 r  design_1_i/processing_system7_0/inst/PS7_i/FCLKCLK[0]
                         net (fo=1, routed)           0.315     0.315    design_1_i/processing_system7_0/inst/FCLK_CLK_unbuffered[0]
    BUFGCTRL_X0Y15       BUFG (Prop_bufg_I_O)         0.026     0.341 r  design_1_i/processing_system7_0/inst/buffer_fclk_clk_0.FCLK_CLK_0_BUFG/O
                         net (fo=2822, routed)        0.557     0.898    design_1_i/random_forest_elepha_0/inst/clk
    SLICE_X11Y68         FDRE                                         r  design_1_i/random_forest_elepha_0/inst/done_reg/C
  -------------------------------------------------------------------    -------------------
    SLICE_X11Y68         FDRE (Prop_fdre_C_Q)         0.141     1.039 r  design_1_i/random_forest_elepha_0/inst/done_reg/Q
                         net (fo=1, routed)           0.357     1.395    design_1_i/axi_gpio_11/U0/gpio_core_1/Not_Dual.INPUT_DOUBLE_REGS3/gpio_io_i[0]
    SLICE_X3Y65          FDRE                                         r  design_1_i/axi_gpio_11/U0/gpio_core_1/Not_Dual.INPUT_DOUBLE_REGS3/GENERATE_LEVEL_P_S_CDC.MULTI_BIT.FOR_IN_cdc_to[0].CROSS2_PLEVEL_IN2SCNDRY_IN_cdc_to/D
  -------------------------------------------------------------------    -------------------

                         (clock clk_fpga_0 rise edge)
                                                      0.000     0.000 r  
    PS7_X0Y0             PS7                          0.000     0.000 r  design_1_i/processing_system7_0/inst/PS7_i/FCLKCLK[0]
                         net (fo=1, routed)           0.341     0.341    design_1_i/processing_system7_0/inst/FCLK_CLK_unbuffered[0]
    BUFGCTRL_X0Y15       BUFG (Prop_bufg_I_O)         0.029     0.370 r  design_1_i/processing_system7_0/inst/buffer_fclk_clk_0.FCLK_CLK_0_BUFG/O
                         net (fo=2822, routed)        0.846     1.216    design_1_i/axi_gpio_11/U0/gpio_core_1/Not_Dual.INPUT_DOUBLE_REGS3/s_axi_aclk
    SLICE_X3Y65          FDRE                                         r  design_1_i/axi_gpio_11/U0/gpio_core_1/Not_Dual.INPUT_DOUBLE_REGS3/GENERATE_LEVEL_P_S_CDC.MULTI_BIT.FOR_IN_cdc_to[0].CROSS2_PLEVEL_IN2SCNDRY_IN_cdc_to/C





