feature,scale,min,max
kde_low_prob_ratio,2.3283064370807974e-10,0.0,1.0
kde_prob_min,2.3283064370807974e-10,0.0,1.0
dist_to_centroid_mean,3.5899861677339865e-06,14.40129766229806,15433.274477582154
turning_angle_max,4.190435927622939e-08,0.0,179.9778526093351
mean_speed,9.195234611970895e-07,0.0,3949.323192826701
turning_entropy,5.031386501963297e-10,0.0,2.1609640474436813
